amount,merchant_category,payment_method,country,city,transaction_hour,is_night_transaction,scenario,fraud_label
1818.83,Travel,Credit Card,UK,London,15,0,SUSPICIOUS,0
484.7,Retail,Debit Card,Germany,Berlin,15,0,NORMAL,0
122.85,Fuel,Credit Card,India,Mumbai,15,0,NORMAL,0
39.57,Gaming,UPI,Canada,Toronto,15,0,NORMAL,0
7253.67,Luxury,Credit Card,Iran,Tehran,15,0,FRAUD,1
4699.37,Luxury,Credit Card,Iran,Tehran,15,0,FRAUD,1
143.91,Pharmacy,Credit Card,USA,New York,15,0,NORMAL,0
1583.71,Luxury,Wallet,USA,New York,15,0,NORMAL,0
964.24,Travel,Debit Card,India,Mumbai,15,0,NORMAL,0
5399.21,Luxury,UPI,India,Mumbai,15,0,NORMAL,0
442.75,Electronics,Credit Card,India,Mumbai,15,0,NORMAL,0
21.05,Food,Net Banking,India,Bangalore,15,0,NORMAL,0
90.67,Gaming,Wallet,Germany,Berlin,15,0,NORMAL,0
244.03,Retail,Credit Card,USA,New York,15,0,NORMAL,0
357.3,Retail,Wallet,UK,London,15,0,NORMAL,0
4803.81,Luxury,Credit Card,Iran,Tehran,15,0,FRAUD,1
2672.15,Travel,Net Banking,USA,Chicago,15,0,NORMAL,0
917.3,Travel,Wallet,India,Mumbai,15,0,NORMAL,0
71.51,Transportation,Debit Card,USA,New York,15,0,NORMAL,0
33.17,Food,Wallet,Germany,Berlin,15,0,NORMAL,0
5848.3,Luxury,Credit Card,India,Mumbai,15,0,NORMAL,0
7130.36,Electronics,Credit Card,Russia,Moscow,15,0,FRAUD,1
5692.87,Luxury,Credit Card,Canada,Toronto,15,0,NORMAL,0
47.38,Food,Credit Card,Germany,Berlin,15,0,NORMAL,0
7066.56,Electronics,Credit Card,Iran,Tehran,15,0,FRAUD,1
28.02,Gaming,Net Banking,USA,New York,15,0,NORMAL,0
4564.13,Luxury,Credit Card,Iran,Tehran,15,0,FRAUD,1
8814.2,Luxury,Credit Card,Russia,Moscow,15,0,FRAUD,1
99.3,Fuel,Debit Card,UK,London,15,0,NORMAL,0
42.48,Food,Net Banking,UK,London,15,0,NORMAL,0
271.09,Retail,Net Banking,USA,New York,15,0,NORMAL,0
246.56,Retail,UPI,Singapore,Singapore,15,0,NORMAL,0
3665.46,Luxury,Credit Card,North Korea,Pyongyang,15,0,FRAUD,1
3398.84,Electronics,Net Banking,USA,New York,15,0,NORMAL,0
3287.98,Electronics,Credit Card,Germany,Berlin,15,0,NORMAL,0
7315.63,Luxury,UPI,India,Mumbai,15,0,NORMAL,0
5034.64,Luxury,Credit Card,India,Bangalore,15,0,NORMAL,0
27.32,Food,Credit Card,USA,New York,15,0,NORMAL,0
3177.82,Electronics,Wallet,USA,New York,15,0,SUSPICIOUS,0
3829.42,Electronics,Credit Card,North Korea,Pyongyang,15,0,FRAUD,1
113.96,Transportation,Net Banking,USA,New York,15,0,NORMAL,0
2458.02,Travel,Credit Card,Singapore,Singapore,15,0,SUSPICIOUS,0
5918.18,Luxury,Net Banking,UK,London,15,0,NORMAL,0
1672.93,Travel,Debit Card,UK,London,15,0,SUSPICIOUS,0
2152.35,Electronics,Debit Card,USA,New York,15,0,NORMAL,0
3268.97,Electronics,Net Banking,India,Mumbai,15,0,SUSPICIOUS,0
51.83,Gaming,UPI,Singapore,Singapore,15,0,NORMAL,0
4949.04,Electronics,Credit Card,Russia,Moscow,15,0,FRAUD,1
7907.31,Luxury,Net Banking,USA,New York,15,0,NORMAL,0
38.13,Transportation,Net Banking,UK,London,15,0,NORMAL,0
142.53,Retail,Wallet,UK,London,15,0,NORMAL,0
6701.36,Luxury,Wallet,Germany,Berlin,15,0,NORMAL,0
181.39,Pharmacy,Debit Card,India,Mumbai,15,0,NORMAL,0
99.47,Fuel,Wallet,India,Bangalore,15,0,NORMAL,0
6231.59,Luxury,Credit Card,Iran,Tehran,15,0,FRAUD,1
3986.63,Electronics,Debit Card,India,Mumbai,15,0,NORMAL,0
108.0,Transportation,UPI,India,Mumbai,15,0,NORMAL,0
148.43,Pharmacy,UPI,Germany,Berlin,15,0,NORMAL,0
2389.33,Travel,UPI,UK,London,15,0,NORMAL,0
3659.44,Electronics,Wallet,USA,Chicago,15,0,SUSPICIOUS,0
1512.06,Travel,Wallet,India,Bangalore,15,0,NORMAL,0
98.25,Pharmacy,Net Banking,India,Bangalore,15,0,NORMAL,0
382.88,Travel,Net Banking,Singapore,Singapore,15,0,NORMAL,0
2156.72,Electronics,Wallet,India,Bangalore,15,0,NORMAL,0
30.76,Pharmacy,UPI,USA,Chicago,15,0,NORMAL,0
57.47,Fuel,Credit Card,USA,New York,15,0,NORMAL,0
2649.11,Travel,Net Banking,UK,London,15,0,NORMAL,0
76.78,Transportation,UPI,Canada,Toronto,15,0,NORMAL,0
585.41,Travel,Credit Card,Canada,Toronto,15,0,NORMAL,0
2648.07,Travel,Debit Card,Singapore,Singapore,15,0,SUSPICIOUS,0
127.11,Pharmacy,Wallet,India,Mumbai,15,0,NORMAL,0
2954.79,Luxury,Debit Card,USA,New York,15,0,NORMAL,0
1097.05,Travel,Net Banking,USA,Chicago,15,0,NORMAL,0
100.48,Transportation,Wallet,Canada,Toronto,15,0,NORMAL,0
6101.16,Electronics,Credit Card,Russia,Moscow,15,0,FRAUD,1
122.46,Pharmacy,UPI,Singapore,Singapore,15,0,NORMAL,0
776.6,Travel,Net Banking,India,Bangalore,15,0,NORMAL,0
42.59,Pharmacy,UPI,India,Bangalore,15,0,NORMAL,0
380.27,Retail,Wallet,USA,Chicago,15,0,NORMAL,0
7252.8,Luxury,Credit Card,Russia,Moscow,15,0,FRAUD,1
4885.69,Electronics,Net Banking,India,Bangalore,15,0,NORMAL,0
216.54,Retail,Wallet,India,Bangalore,15,0,NORMAL,0
83.88,Pharmacy,Net Banking,USA,New York,15,0,NORMAL,0
6488.18,Luxury,Net Banking,Canada,Toronto,15,0,NORMAL,0
63.61,Transportation,UPI,India,Bangalore,15,0,NORMAL,0
13.47,Food,Wallet,UK,London,15,0,NORMAL,0
4562.43,Luxury,Wallet,Germany,Berlin,15,0,NORMAL,0
75.87,Food,Wallet,USA,New York,15,0,NORMAL,0
111.35,Fuel,Wallet,Germany,Berlin,15,0,NORMAL,0
6165.35,Electronics,Credit Card,Iran,Tehran,15,0,FRAUD,1
213.82,Retail,Credit Card,India,Bangalore,15,0,NORMAL,0
1322.64,Electronics,Net Banking,India,Mumbai,15,0,NORMAL,0
847.39,Travel,Net Banking,Singapore,Singapore,15,0,NORMAL,0
58.48,Transportation,Debit Card,UK,London,15,0,NORMAL,0
6869.88,Luxury,Credit Card,Germany,Berlin,15,0,NORMAL,0
3363.27,Electronics,UPI,India,Mumbai,15,0,SUSPICIOUS,0
1161.09,Travel,Debit Card,India,Mumbai,15,0,NORMAL,0
2987.98,Travel,Net Banking,UK,London,15,0,NORMAL,0
2047.88,Travel,Net Banking,Canada,Toronto,15,0,NORMAL,0
27.06,Pharmacy,Net Banking,USA,Chicago,15,0,NORMAL,0
3325.84,Travel,Wallet,Germany,Berlin,15,0,SUSPICIOUS,0
1785.53,Luxury,UPI,India,Bangalore,15,0,NORMAL,0
3096.56,Electronics,Wallet,UK,London,15,0,SUSPICIOUS,0
2916.7,Travel,UPI,India,Bangalore,15,0,NORMAL,0
32.04,Food,Credit Card,Singapore,Singapore,15,0,NORMAL,0
43.76,Food,UPI,UK,London,15,0,NORMAL,0
1636.1,Electronics,UPI,USA,New York,15,0,NORMAL,0
26.57,Food,Wallet,India,Mumbai,15,0,NORMAL,0
35.74,Fuel,Wallet,India,Mumbai,15,0,NORMAL,0
246.91,Retail,UPI,UK,London,15,0,NORMAL,0
489.49,Retail,Credit Card,Canada,Toronto,15,0,NORMAL,0
1398.96,Luxury,Wallet,Germany,Berlin,15,0,NORMAL,0
22.92,Food,Credit Card,USA,Chicago,15,0,NORMAL,0
434.4,Retail,Debit Card,Canada,Toronto,15,0,NORMAL,0
6431.17,Luxury,Debit Card,UK,London,15,0,NORMAL,0
112.69,Gaming,Wallet,USA,New York,15,0,NORMAL,0
3074.17,Luxury,Debit Card,Germany,Berlin,15,0,NORMAL,0
191.77,Gaming,Net Banking,UK,London,15,0,NORMAL,0
483.21,Electronics,Net Banking,USA,New York,15,0,NORMAL,0
67.09,Food,UPI,UK,London,15,0,NORMAL,0
7175.36,Electronics,Credit Card,Russia,Moscow,15,0,FRAUD,1
110.02,Fuel,Credit Card,India,Bangalore,15,0,NORMAL,0
896.19,Travel,UPI,Singapore,Singapore,15,0,NORMAL,0
7616.39,Luxury,Credit Card,India,Mumbai,15,0,NORMAL,0
7873.44,Electronics,Credit Card,North Korea,Pyongyang,15,0,FRAUD,1
127.9,Pharmacy,UPI,USA,Chicago,15,0,NORMAL,0
1149.84,Electronics,UPI,India,Mumbai,15,0,NORMAL,0
144.12,Pharmacy,Credit Card,India,Bangalore,15,0,NORMAL,0
492.49,Electronics,Net Banking,USA,Chicago,15,0,NORMAL,0
2096.92,Travel,Debit Card,USA,New York,15,0,NORMAL,0
61.82,Transportation,Net Banking,USA,New York,15,0,NORMAL,0
236.68,Retail,Debit Card,Canada,Toronto,15,0,NORMAL,0
2860.46,Travel,UPI,Singapore,Singapore,15,0,NORMAL,0
2067.93,Travel,Debit Card,India,Bangalore,15,0,SUSPICIOUS,0
4473.81,Luxury,Wallet,India,Mumbai,15,0,SUSPICIOUS,0
3328.86,Electronics,Wallet,Singapore,Singapore,15,0,NORMAL,0
31.92,Transportation,Credit Card,Germany,Berlin,15,0,NORMAL,0
466.27,Retail,Wallet,USA,New York,15,0,NORMAL,0
4382.39,Travel,Net Banking,Singapore,Singapore,15,0,SUSPICIOUS,0
27.95,Food,UPI,Germany,Berlin,15,0,NORMAL,0
46.31,Food,Wallet,USA,Chicago,15,0,NORMAL,0
3798.09,Electronics,Net Banking,UK,London,15,0,NORMAL,0
78.42,Transportation,UPI,Canada,Toronto,15,0,NORMAL,0
240.84,Pharmacy,Net Banking,India,Mumbai,15,0,NORMAL,0
161.09,Pharmacy,UPI,USA,Chicago,15,0,NORMAL,0
61.71,Food,Credit Card,Canada,Toronto,15,0,NORMAL,0
9.54,Food,Net Banking,Germany,Berlin,15,0,NORMAL,0
40.04,Fuel,Debit Card,Germany,Berlin,15,0,NORMAL,0
2608.5,Electronics,Wallet,UK,London,15,0,NORMAL,0
43.57,Transportation,Net Banking,India,Bangalore,15,0,NORMAL,0
656.15,Travel,Wallet,USA,New York,15,0,NORMAL,0
409.64,Retail,Credit Card,Singapore,Singapore,15,0,NORMAL,0
5577.61,Luxury,Debit Card,USA,New York,15,0,NORMAL,0
78.74,Food,Debit Card,USA,New York,15,0,NORMAL,0
4971.14,Luxury,Credit Card,North Korea,Pyongyang,15,0,FRAUD,1
48.07,Food,UPI,India,Mumbai,15,0,NORMAL,0
3274.93,Luxury,Debit Card,USA,New York,15,0,SUSPICIOUS,0
10.83,Food,Net Banking,USA,New York,15,0,NORMAL,0
8461.66,Electronics,Credit Card,North Korea,Pyongyang,15,0,FRAUD,1
217.46,Pharmacy,Wallet,India,Mumbai,15,0,NORMAL,0
1289.85,Electronics,Debit Card,UK,London,15,0,NORMAL,0
13.31,Food,Wallet,India,Mumbai,15,0,NORMAL,0
63.14,Gaming,Wallet,Germany,Berlin,15,0,NORMAL,0
7807.74,Luxury,Credit Card,Iran,Tehran,15,0,FRAUD,1
46.65,Food,Wallet,USA,Chicago,15,0,NORMAL,0
1562.9,Electronics,UPI,USA,Chicago,15,0,NORMAL,0
7011.7,Luxury,UPI,Singapore,Singapore,15,0,NORMAL,0
3088.22,Luxury,Debit Card,USA,Chicago,15,0,SUSPICIOUS,0
95.62,Transportation,Debit Card,USA,New York,15,0,NORMAL,0
51.41,Retail,Net Banking,USA,Chicago,15,0,NORMAL,0
6063.73,Luxury,Wallet,Canada,Toronto,15,0,NORMAL,0
2103.65,Electronics,Debit Card,Canada,Toronto,15,0,SUSPICIOUS,0
227.44,Pharmacy,Wallet,India,Bangalore,15,0,NORMAL,0
1459.5,Electronics,Net Banking,Germany,Berlin,15,0,NORMAL,0
5474.52,Luxury,Credit Card,Germany,Berlin,15,0,NORMAL,0
27.3,Fuel,UPI,UK,London,15,0,NORMAL,0
2696.02,Electronics,Credit Card,USA,Chicago,15,0,NORMAL,0
2959.53,Electronics,Debit Card,Germany,Berlin,15,0,NORMAL,0
44.89,Food,Debit Card,Canada,Toronto,15,0,NORMAL,0
3506.37,Electronics,Net Banking,USA,New York,15,0,SUSPICIOUS,0
3558.71,Electronics,Net Banking,UK,London,15,0,NORMAL,0
574.69,Travel,Net Banking,Canada,Toronto,15,0,NORMAL,0
67.8,Food,UPI,Singapore,Singapore,15,0,NORMAL,0
7077.29,Luxury,Credit Card,North Korea,Pyongyang,15,0,FRAUD,1
2666.09,Electronics,Wallet,USA,New York,15,0,SUSPICIOUS,0
1267.3,Luxury,Net Banking,USA,New York,15,0,NORMAL,0
3985.07,Electronics,UPI,India,Bangalore,15,0,NORMAL,0
21.41,Retail,Net Banking,Singapore,Singapore,15,0,NORMAL,0
7859.92,Luxury,Credit Card,Iran,Tehran,15,0,FRAUD,1
1921.26,Travel,Debit Card,UK,London,15,0,NORMAL,0
2593.56,Travel,Debit Card,USA,Chicago,15,0,SUSPICIOUS,0
4915.58,Luxury,Wallet,Canada,Toronto,15,0,NORMAL,0
3771.52,Electronics,Credit Card,Germany,Berlin,15,0,SUSPICIOUS,0
312.78,Retail,Wallet,Canada,Toronto,15,0,NORMAL,0
44.07,Gaming,UPI,USA,Chicago,15,0,NORMAL,0
138.55,Fuel,Net Banking,UK,London,15,0,NORMAL,0
64.41,Food,UPI,India,Mumbai,15,0,NORMAL,0
2433.12,Electronics,Debit Card,Canada,Toronto,15,0,SUSPICIOUS,0
3667.33,Luxury,Credit Card,Canada,Toronto,15,0,SUSPICIOUS,0
11.38,Transportation,Debit Card,India,Mumbai,15,0,NORMAL,0
50.79,Fuel,Net Banking,India,Mumbai,15,0,NORMAL,0
24.57,Food,Debit Card,Canada,Toronto,15,0,NORMAL,0
2990.5,Electronics,UPI,USA,New York,15,0,SUSPICIOUS,0
5255.59,Luxury,Credit Card,North Korea,Pyongyang,15,0,FRAUD,1
65.2,Pharmacy,Wallet,Germany,Berlin,15,0,NORMAL,0
69.0,Pharmacy,Net Banking,Canada,Toronto,15,0,NORMAL,0
25.7,Food,Debit Card,Germany,Berlin,15,0,NORMAL,0
134.23,Pharmacy,Debit Card,UK,London,15,0,NORMAL,0
59.24,Transportation,Debit Card,India,Mumbai,15,0,NORMAL,0
20.43,Retail,Debit Card,India,Bangalore,15,0,NORMAL,0
4513.19,Electronics,Credit Card,North Korea,Pyongyang,15,0,FRAUD,1
1950.31,Electronics,Net Banking,USA,Chicago,15,0,SUSPICIOUS,0
29.35,Gaming,Credit Card,Germany,Berlin,15,0,NORMAL,0
2836.79,Luxury,Credit Card,Germany,Berlin,15,0,SUSPICIOUS,0
46.55,Food,UPI,Germany,Berlin,15,0,NORMAL,0
98.54,Pharmacy,UPI,India,Bangalore,15,0,NORMAL,0
8167.0,Electronics,Credit Card,North Korea,Pyongyang,15,0,FRAUD,1
3076.97,Electronics,Debit Card,India,Bangalore,15,0,NORMAL,0
8072.69,Electronics,Credit Card,Russia,Moscow,15,0,FRAUD,1
1081.97,Electronics,Credit Card,Germany,Berlin,15,0,NORMAL,0
147.08,Gaming,Credit Card,USA,Chicago,15,0,NORMAL,0
4131.54,Luxury,Credit Card,India,Mumbai,15,0,NORMAL,0
1910.53,Electronics,Credit Card,Canada,Toronto,15,0,NORMAL,0
3523.13,Electronics,Net Banking,India,Bangalore,15,0,NORMAL,0
78.48,Fuel,Net Banking,India,Bangalore,15,0,NORMAL,0
2064.67,Travel,Wallet,Germany,Berlin,15,0,NORMAL,0
428.61,Retail,Net Banking,Singapore,Singapore,15,0,NORMAL,0
225.12,Retail,Credit Card,UK,London,15,0,NORMAL,0
4498.37,Luxury,Net Banking,Canada,Toronto,15,0,NORMAL,0
2189.08,Electronics,Debit Card,UK,London,15,0,NORMAL,0
4166.25,Luxury,Wallet,USA,Chicago,15,0,NORMAL,0
27.97,Fuel,UPI,USA,Chicago,15,0,NORMAL,0
3730.99,Electronics,Credit Card,Canada,Toronto,15,0,NORMAL,0
4952.53,Luxury,Credit Card,North Korea,Pyongyang,15,0,FRAUD,1
248.51,Retail,Wallet,UK,London,15,0,NORMAL,0
163.56,Pharmacy,Credit Card,USA,New York,15,0,NORMAL,0
394.84,Retail,Wallet,Singapore,Singapore,15,0,NORMAL,0
27.44,Food,Wallet,Canada,Toronto,15,0,NORMAL,0
30.83,Transportation,Debit Card,Germany,Berlin,15,0,NORMAL,0
13.4,Food,UPI,UK,London,15,0,NORMAL,0
355.24,Retail,Net Banking,India,Bangalore,15,0,NORMAL,0
4334.15,Luxury,Net Banking,UK,London,15,0,NORMAL,0
3743.79,Travel,Credit Card,Singapore,Singapore,15,0,SUSPICIOUS,0
88.28,Transportation,Credit Card,USA,Chicago,15,0,NORMAL,0
3859.25,Electronics,Net Banking,India,Mumbai,15,0,SUSPICIOUS,0
2982.32,Electronics,Credit Card,UK,London,15,0,NORMAL,0
7141.49,Electronics,Credit Card,Iran,Tehran,15,0,FRAUD,1
111.17,Transportation,Net Banking,India,Bangalore,15,0,NORMAL,0
43.58,Retail,UPI,Singapore,Singapore,15,0,NORMAL,0
83.4,Fuel,Wallet,USA,New York,15,0,NORMAL,0
424.91,Retail,Debit Card,USA,New York,15,0,NORMAL,0
253.05,Retail,Credit Card,Germany,Berlin,15,0,NORMAL,0
5332.21,Electronics,Credit Card,North Korea,Pyongyang,15,0,FRAUD,1
1368.34,Travel,Debit Card,Singapore,Singapore,15,0,NORMAL,0
3925.75,Travel,Wallet,India,Bangalore,15,0,SUSPICIOUS,0
3300.9,Luxury,Net Banking,India,Bangalore,15,0,SUSPICIOUS,0
2094.12,Electronics,Debit Card,Canada,Toronto,15,0,NORMAL,0
32.4,Transportation,Debit Card,Canada,Toronto,15,0,NORMAL,0
1714.44,Electronics,Debit Card,USA,Chicago,15,0,NORMAL,0
3078.52,Travel,Net Banking,Germany,Berlin,15,0,SUSPICIOUS,0
198.04,Retail,Net Banking,UK,London,15,0,NORMAL,0
62.0,Retail,UPI,India,Mumbai,15,0,NORMAL,0
3690.16,Electronics,Credit Card,Iran,Tehran,15,0,FRAUD,1
45.11,Food,Wallet,UK,London,15,0,NORMAL,0
252.47,Retail,UPI,Singapore,Singapore,15,0,NORMAL,0
5203.82,Luxury,Credit Card,Russia,Moscow,15,0,FRAUD,1
6621.35,Electronics,Credit Card,Russia,Moscow,15,0,FRAUD,1
2834.5,Travel,Debit Card,USA,Chicago,15,0,NORMAL,0
4085.96,Electronics,UPI,UK,London,15,0,SUSPICIOUS,0
67.98,Food,Debit Card,UK,London,15,0,NORMAL,0
34.67,Food,UPI,USA,New York,15,0,NORMAL,0
2472.53,Electronics,Debit Card,Germany,Berlin,15,0,NORMAL,0
802.62,Travel,Debit Card,Canada,Toronto,15,0,NORMAL,0
4255.94,Electronics,Credit Card,Russia,Moscow,15,0,FRAUD,1
7771.47,Electronics,Credit Card,Russia,Moscow,15,0,FRAUD,1
5.98,Food,Debit Card,Singapore,Singapore,15,0,NORMAL,0
64.98,Pharmacy,Net Banking,India,Bangalore,15,0,NORMAL,0
6994.14,Luxury,Credit Card,Iran,Tehran,15,0,FRAUD,1
8558.23,Luxury,Credit Card,Russia,Moscow,15,0,FRAUD,1
929.36,Electronics,Net Banking,Germany,Berlin,15,0,NORMAL,0
4008.63,Luxury,Credit Card,USA,Chicago,15,0,NORMAL,0
29.66,Food,UPI,India,Mumbai,15,0,NORMAL,0
3302.06,Electronics,Net Banking,USA,Chicago,15,0,SUSPICIOUS,0
70.23,Food,Wallet,USA,New York,15,0,NORMAL,0
345.08,Retail,Debit Card,India,Mumbai,15,0,NORMAL,0
1343.2,Luxury,Wallet,Canada,Toronto,15,0,NORMAL,0
318.66,Retail,Debit Card,India,Mumbai,15,0,NORMAL,0
1950.51,Travel,Debit Card,India,Bangalore,15,0,SUSPICIOUS,0
292.01,Retail,Wallet,Canada,Toronto,15,0,NORMAL,0
3529.5,Luxury,Wallet,India,Bangalore,15,0,NORMAL,0
156.47,Retail,Wallet,Germany,Berlin,15,0,NORMAL,0
11.65,Food,Debit Card,India,Bangalore,15,0,NORMAL,0
70.65,Food,Net Banking,Germany,Berlin,15,0,NORMAL,0
5722.93,Luxury,Credit Card,Russia,Moscow,15,0,FRAUD,1
1699.09,Electronics,Net Banking,USA,New York,15,0,SUSPICIOUS,0
6.56,Food,Net Banking,Canada,Toronto,15,0,NORMAL,0
2034.48,Electronics,Net Banking,Germany,Berlin,15,0,NORMAL,0
426.4,Retail,Net Banking,UK,London,15,0,NORMAL,0
7397.31,Luxury,Credit Card,North Korea,Pyongyang,15,0,FRAUD,1
93.11,Transportation,Debit Card,India,Bangalore,15,0,NORMAL,0
889.4,Electronics,UPI,Germany,Berlin,15,0,NORMAL,0
3955.53,Electronics,Debit Card,Germany,Berlin,15,0,NORMAL,0
415.22,Retail,UPI,Singapore,Singapore,15,0,NORMAL,0
1769.26,Electronics,UPI,India,Mumbai,15,0,NORMAL,0
7779.53,Luxury,Credit Card,India,Mumbai,15,0,NORMAL,0
3478.74,Travel,Debit Card,Singapore,Singapore,15,0,SUSPICIOUS,0
437.63,Retail,Debit Card,Canada,Toronto,15,0,NORMAL,0
6533.05,Luxury,Credit Card,Russia,Moscow,15,0,FRAUD,1
1304.15,Travel,Net Banking,USA,New York,15,0,NORMAL,0
12.04,Food,Debit Card,UK,London,15,0,NORMAL,0
97.76,Retail,Credit Card,Canada,Toronto,15,0,NORMAL,0
1921.52,Electronics,Wallet,USA,New York,15,0,SUSPICIOUS,0
4834.98,Electronics,Wallet,USA,New York,15,0,NORMAL,0
441.43,Travel,UPI,India,Mumbai,15,0,NORMAL,0
2162.26,Electronics,Net Banking,India,Mumbai,15,0,SUSPICIOUS,0
2716.04,Electronics,UPI,India,Mumbai,15,0,NORMAL,0
223.71,Pharmacy,Credit Card,India,Mumbai,15,0,NORMAL,0
322.95,Retail,Net Banking,Canada,Toronto,15,0,NORMAL,0
171.07,Pharmacy,Credit Card,Singapore,Singapore,15,0,NORMAL,0
3040.79,Electronics,Debit Card,USA,New York,15,0,SUSPICIOUS,0
1764.34,Electronics,UPI,India,Bangalore,15,0,NORMAL,0
11.59,Gaming,Wallet,Singapore,Singapore,15,0,NORMAL,0
21.82,Transportation,Debit Card,Canada,Toronto,15,0,NORMAL,0
45.24,Gaming,UPI,UK,London,15,0,NORMAL,0
227.45,Pharmacy,Debit Card,Canada,Toronto,15,0,NORMAL,0
1694.7,Electronics,Credit Card,India,Bangalore,15,0,SUSPICIOUS,0
59.68,Pharmacy,Credit Card,Singapore,Singapore,15,0,NORMAL,0
1173.86,Travel,Net Banking,India,Mumbai,15,0,NORMAL,0
269.74,Retail,UPI,Germany,Berlin,15,0,NORMAL,0
195.29,Retail,Credit Card,India,Mumbai,15,0,NORMAL,0
74.05,Food,UPI,Germany,Berlin,15,0,NORMAL,0
40.87,Retail,Wallet,India,Bangalore,15,0,NORMAL,0
5783.03,Luxury,Credit Card,Iran,Tehran,15,0,FRAUD,1
372.73,Retail,Wallet,USA,Chicago,15,0,NORMAL,0
113.94,Gaming,UPI,USA,New York,15,0,NORMAL,0
12.46,Food,Debit Card,USA,Chicago,15,0,NORMAL,0
37.15,Food,Wallet,Canada,Toronto,15,0,NORMAL,0
4559.84,Electronics,UPI,Germany,Berlin,15,0,NORMAL,0
473.17,Travel,Wallet,Singapore,Singapore,15,0,NORMAL,0
2224.35,Electronics,Debit Card,Canada,Toronto,15,0,NORMAL,0
24.71,Gaming,UPI,India,Bangalore,15,0,NORMAL,0
1949.73,Travel,Credit Card,USA,New York,15,0,SUSPICIOUS,0
4014.11,Electronics,Net Banking,Singapore,Singapore,15,0,SUSPICIOUS,0
7150.8,Luxury,Credit Card,North Korea,Pyongyang,15,0,FRAUD,1
30.99,Food,Wallet,Canada,Toronto,15,0,NORMAL,0
66.41,Food,UPI,USA,New York,15,0,NORMAL,0
449.96,Retail,Wallet,USA,Chicago,15,0,NORMAL,0
19.04,Food,Net Banking,UK,London,15,0,NORMAL,0
26.23,Food,Net Banking,Singapore,Singapore,15,0,NORMAL,0
2239.78,Travel,Net Banking,UK,London,15,0,NORMAL,0
1773.19,Travel,Credit Card,India,Bangalore,15,0,NORMAL,0
2273.54,Electronics,Net Banking,UK,London,15,0,NORMAL,0
69.58,Gaming,Credit Card,India,Mumbai,15,0,NORMAL,0
3493.17,Electronics,UPI,UK,London,15,0,NORMAL,0
2593.31,Electronics,Wallet,USA,New York,15,0,NORMAL,0
18.44,Transportation,Debit Card,Germany,Berlin,15,0,NORMAL,0
110.58,Retail,Credit Card,India,Bangalore,15,0,NORMAL,0
102.79,Retail,Credit Card,Canada,Toronto,15,0,NORMAL,0
22.99,Retail,Net Banking,India,Bangalore,15,0,NORMAL,0
444.86,Electronics,Wallet,USA,New York,15,0,NORMAL,0
1740.01,Electronics,Net Banking,Canada,Toronto,15,0,SUSPICIOUS,0
2200.82,Travel,Debit Card,Singapore,Singapore,15,0,NORMAL,0
4471.95,Electronics,UPI,Singapore,Singapore,15,0,NORMAL,0
72.47,Fuel,Debit Card,India,Mumbai,15,0,NORMAL,0
88.73,Gaming,Debit Card,USA,Chicago,15,0,NORMAL,0
42.77,Food,UPI,Canada,Toronto,15,0,NORMAL,0
118.41,Retail,Wallet,USA,Chicago,15,0,NORMAL,0
70.41,Food,Wallet,UK,London,15,0,NORMAL,0
119.55,Transportation,Net Banking,Canada,Toronto,15,0,NORMAL,0
7448.26,Electronics,Credit Card,North Korea,Pyongyang,15,0,FRAUD,1
1909.61,Travel,Debit Card,Germany,Berlin,15,0,NORMAL,0
9.41,Food,UPI,India,Mumbai,15,0,NORMAL,0
109.87,Fuel,Credit Card,Germany,Berlin,15,0,NORMAL,0
2289.14,Travel,UPI,Germany,Berlin,15,0,NORMAL,0
1331.51,Travel,Wallet,Germany,Berlin,15,0,NORMAL,0
4137.1,Travel,UPI,India,Mumbai,15,0,SUSPICIOUS,0
64.18,Food,Wallet,UK,London,15,0,NORMAL,0
4481.58,Luxury,UPI,India,Mumbai,15,0,SUSPICIOUS,0
7722.28,Luxury,Wallet,Canada,Toronto,15,0,NORMAL,0
6.96,Food,Net Banking,India,Mumbai,15,0,NORMAL,0
472.33,Retail,Credit Card,Germany,Berlin,15,0,NORMAL,0
1550.8,Electronics,UPI,UK,London,15,0,SUSPICIOUS,0
145.91,Gaming,Wallet,Canada,Toronto,15,0,NORMAL,0
3833.84,Luxury,Credit Card,India,Bangalore,15,0,NORMAL,0
12.4,Transportation,Debit Card,USA,Chicago,15,0,NORMAL,0
3774.32,Travel,Wallet,USA,New York,15,0,SUSPICIOUS,0
136.28,Pharmacy,UPI,Germany,Berlin,15,0,NORMAL,0
71.55,Food,Wallet,India,Mumbai,15,0,NORMAL,0
6033.6,Electronics,Credit Card,Iran,Tehran,15,0,FRAUD,1
59.26,Transportation,UPI,UK,London,15,0,NORMAL,0
1696.26,Electronics,UPI,Singapore,Singapore,15,0,NORMAL,0
913.19,Travel,Net Banking,Canada,Toronto,15,0,NORMAL,0
3964.17,Electronics,Credit Card,Iran,Tehran,15,0,FRAUD,1
2782.03,Travel,UPI,India,Bangalore,15,0,NORMAL,0
3985.31,Luxury,Credit Card,North Korea,Pyongyang,15,0,FRAUD,1
39.51,Food,Credit Card,India,Bangalore,15,0,NORMAL,0
5438.64,Luxury,UPI,Germany,Berlin,15,0,NORMAL,0
57.32,Gaming,Net Banking,India,Bangalore,15,0,NORMAL,0
77.42,Food,Debit Card,India,Bangalore,15,0,NORMAL,0
2983.83,Electronics,Wallet,UK,London,15,0,SUSPICIOUS,0
145.94,Gaming,Net Banking,USA,Chicago,15,0,NORMAL,0
3057.52,Electronics,Credit Card,India,Mumbai,15,0,SUSPICIOUS,0
3407.47,Electronics,UPI,USA,New York,15,0,NORMAL,0
4045.81,Electronics,Credit Card,Iran,Tehran,15,0,FRAUD,1
44.62,Transportation,Wallet,USA,New York,15,0,NORMAL,0
318.86,Retail,Net Banking,USA,Chicago,15,0,NORMAL,0
90.48,Pharmacy,Debit Card,USA,Chicago,15,0,NORMAL,0
4461.55,Luxury,Debit Card,Germany,Berlin,15,0,SUSPICIOUS,0
20.75,Gaming,Wallet,India,Bangalore,15,0,NORMAL,0
5293.65,Luxury,Debit Card,India,Mumbai,15,0,NORMAL,0
41.16,Food,Wallet,Canada,Toronto,15,0,NORMAL,0
2441.65,Travel,UPI,India,Bangalore,15,0,NORMAL,0
191.39,Gaming,Wallet,India,Bangalore,15,0,NORMAL,0
692.56,Electronics,Net Banking,Germany,Berlin,15,0,NORMAL,0
132.71,Fuel,Wallet,India,Mumbai,15,0,NORMAL,0
2785.38,Luxury,Net Banking,India,Bangalore,15,0,NORMAL,0
1185.61,Travel,Credit Card,Canada,Toronto,15,0,NORMAL,0
1806.38,Travel,Net Banking,UK,London,15,0,NORMAL,0
78.94,Food,Credit Card,Canada,Toronto,15,0,NORMAL,0
1158.31,Travel,Net Banking,UK,London,15,0,NORMAL,0
8728.29,Luxury,Credit Card,North Korea,Pyongyang,15,0,FRAUD,1
2443.51,Travel,Debit Card,India,Bangalore,15,0,NORMAL,0
86.61,Transportation,UPI,India,Mumbai,15,0,NORMAL,0
92.42,Gaming,Debit Card,Singapore,Singapore,15,0,NORMAL,0
48.32,Food,Net Banking,USA,New York,15,0,NORMAL,0
2460.77,Travel,Debit Card,Canada,Toronto,15,0,NORMAL,0
7688.82,Electronics,Credit Card,Iran,Tehran,15,0,FRAUD,1
61.05,Fuel,Debit Card,Singapore,Singapore,15,0,NORMAL,0
8.09,Food,Credit Card,USA,Chicago,15,0,NORMAL,0
3602.6,Electronics,Credit Card,Russia,Moscow,15,0,FRAUD,1
77.61,Food,Net Banking,Canada,Toronto,15,0,NORMAL,0
59.46,Fuel,Wallet,USA,New York,15,0,NORMAL,0
324.17,Retail,Wallet,India,Bangalore,15,0,NORMAL,0
7294.37,Luxury,Credit Card,North Korea,Pyongyang,15,0,FRAUD,1
6600.67,Electronics,Credit Card,Russia,Moscow,15,0,FRAUD,1
2232.55,Electronics,Wallet,India,Mumbai,15,0,NORMAL,0
640.31,Electronics,Debit Card,India,Bangalore,15,0,NORMAL,0
1444.92,Travel,Credit Card,USA,Chicago,15,0,NORMAL,0
21.63,Food,Debit Card,USA,New York,15,0,NORMAL,0
112.79,Gaming,Debit Card,USA,Chicago,15,0,NORMAL,0
5660.41,Luxury,Credit Card,North Korea,Pyongyang,15,0,FRAUD,1
113.43,Transportation,Net Banking,Canada,Toronto,15,0,NORMAL,0
2633.13,Luxury,Net Banking,Singapore,Singapore,15,0,SUSPICIOUS,0
5133.01,Electronics,Credit Card,North Korea,Pyongyang,15,0,FRAUD,1
36.47,Food,Net Banking,Canada,Toronto,15,0,NORMAL,0
59.76,Food,Debit Card,USA,New York,15,0,NORMAL,0
44.89,Pharmacy,Wallet,Germany,Berlin,15,0,NORMAL,0
2824.57,Electronics,Net Banking,Germany,Berlin,15,0,SUSPICIOUS,0
4013.55,Travel,Credit Card,Singapore,Singapore,15,0,SUSPICIOUS,0
3506.28,Luxury,Credit Card,Iran,Tehran,15,0,FRAUD,1
2012.45,Travel,Wallet,India,Bangalore,15,0,NORMAL,0
66.4,Food,Net Banking,UK,London,15,0,NORMAL,0
1890.6,Travel,Net Banking,India,Bangalore,15,0,NORMAL,0
138.4,Fuel,Wallet,India,Bangalore,15,0,NORMAL,0
3331.15,Electronics,Net Banking,India,Mumbai,15,0,NORMAL,0
66.21,Gaming,Wallet,USA,New York,15,0,NORMAL,0
431.05,Retail,Net Banking,India,Bangalore,15,0,NORMAL,0
3987.25,Travel,Wallet,India,Bangalore,15,0,SUSPICIOUS,0
42.3,Food,UPI,USA,Chicago,15,0,NORMAL,0
714.11,Travel,Debit Card,India,Mumbai,15,0,NORMAL,0
6971.62,Luxury,Credit Card,North Korea,Pyongyang,15,0,FRAUD,1
7608.25,Luxury,Credit Card,USA,Chicago,15,0,NORMAL,0
84.85,Transportation,UPI,UK,London,15,0,NORMAL,0
21.95,Transportation,UPI,UK,London,15,0,NORMAL,0
8637.75,Electronics,Credit Card,North Korea,Pyongyang,15,0,FRAUD,1
59.86,Transportation,Net Banking,India,Mumbai,15,0,NORMAL,0
32.97,Food,Debit Card,Germany,Berlin,15,0,NORMAL,0
5485.0,Electronics,Credit Card,North Korea,Pyongyang,15,0,FRAUD,1
50.81,Food,Debit Card,UK,London,15,0,NORMAL,0
49.08,Gaming,Net Banking,USA,New York,15,0,NORMAL,0
2635.65,Electronics,Credit Card,USA,New York,15,0,NORMAL,0
6889.67,Luxury,Credit Card,Russia,Moscow,15,0,FRAUD,1
50.57,Transportation,Credit Card,India,Mumbai,15,0,NORMAL,0
3059.31,Electronics,Debit Card,India,Bangalore,15,0,NORMAL,0
22.22,Transportation,UPI,India,Mumbai,15,0,NORMAL,0
4751.47,Electronics,UPI,Singapore,Singapore,15,0,NORMAL,0
2560.06,Electronics,Wallet,USA,New York,15,0,NORMAL,0
1894.04,Electronics,UPI,Singapore,Singapore,15,0,NORMAL,0
4337.07,Luxury,Credit Card,Russia,Moscow,15,0,FRAUD,1
6005.73,Electronics,Credit Card,Iran,Tehran,15,0,FRAUD,1
165.59,Pharmacy,Net Banking,India,Mumbai,15,0,NORMAL,0
4674.76,Luxury,Wallet,Germany,Berlin,15,0,NORMAL,0
4801.43,Electronics,Net Banking,Germany,Berlin,15,0,NORMAL,0
495.01,Retail,Net Banking,India,Bangalore,15,0,NORMAL,0
7973.27,Luxury,UPI,India,Mumbai,15,0,NORMAL,0
4138.06,Luxury,Debit Card,India,Mumbai,15,0,NORMAL,0
148.43,Pharmacy,Wallet,UK,London,15,0,NORMAL,0
7787.4,Luxury,Credit Card,Russia,Moscow,15,0,FRAUD,1
3996.23,Electronics,Credit Card,North Korea,Pyongyang,15,0,FRAUD,1
275.13,Retail,UPI,Singapore,Singapore,15,0,NORMAL,0
334.65,Retail,Wallet,India,Bangalore,15,0,NORMAL,0
33.57,Fuel,Wallet,India,Mumbai,15,0,NORMAL,0
166.87,Gaming,Debit Card,UK,London,15,0,NORMAL,0
29.04,Retail,Net Banking,Singapore,Singapore,15,0,NORMAL,0
622.36,Travel,Wallet,Canada,Toronto,15,0,NORMAL,0
3957.27,Electronics,Debit Card,India,Mumbai,15,0,SUSPICIOUS,0
172.69,Pharmacy,Wallet,UK,London,15,0,NORMAL,0
2507.58,Travel,Wallet,UK,London,15,0,NORMAL,0
78.39,Food,Credit Card,India,Mumbai,15,0,NORMAL,0
3153.21,Electronics,Credit Card,USA,Chicago,15,0,SUSPICIOUS,0
1935.44,Electronics,Credit Card,UK,London,15,0,SUSPICIOUS,0
126.91,Fuel,Credit Card,Singapore,Singapore,15,0,NORMAL,0
4883.23,Luxury,Debit Card,Germany,Berlin,15,0,NORMAL,0
65.28,Food,UPI,Singapore,Singapore,15,0,NORMAL,0
151.13,Gaming,Debit Card,USA,Chicago,15,0,NORMAL,0
117.39,Pharmacy,Debit Card,India,Bangalore,15,0,NORMAL,0
128.26,Pharmacy,Net Banking,Germany,Berlin,15,0,NORMAL,0
73.66,Retail,Net Banking,Canada,Toronto,15,0,NORMAL,0
2102.09,Electronics,Debit Card,UK,London,15,0,SUSPICIOUS,0
4385.2,Luxury,Debit Card,India,Bangalore,15,0,NORMAL,0
4157.23,Electronics,Debit Card,Canada,Toronto,15,0,NORMAL,0
3626.59,Electronics,Net Banking,Singapore,Singapore,15,0,NORMAL,0
2135.33,Electronics,Wallet,UK,London,15,0,SUSPICIOUS,0
27.85,Transportation,Wallet,Singapore,Singapore,15,0,NORMAL,0
126.16,Pharmacy,Net Banking,India,Mumbai,15,0,NORMAL,0
6945.23,Luxury,Credit Card,USA,New York,15,0,NORMAL,0
99.69,Pharmacy,Debit Card,USA,Chicago,15,0,NORMAL,0
3055.93,Travel,UPI,UK,London,15,0,SUSPICIOUS,0
171.79,Gaming,UPI,Singapore,Singapore,15,0,NORMAL,0
400.47,Retail,Credit Card,Canada,Toronto,15,0,NORMAL,0
10.18,Gaming,Debit Card,India,Mumbai,15,0,NORMAL,0
62.9,Gaming,Debit Card,Germany,Berlin,15,0,NORMAL,0
2126.89,Electronics,UPI,Canada,Toronto,15,0,SUSPICIOUS,0
63.13,Food,Wallet,Canada,Toronto,15,0,NORMAL,0
173.87,Gaming,Wallet,USA,Chicago,15,0,NORMAL,0
114.75,Gaming,Credit Card,India,Bangalore,15,0,NORMAL,0
116.48,Transportation,Debit Card,India,Mumbai,15,0,NORMAL,0
49.61,Food,Debit Card,Canada,Toronto,15,0,NORMAL,0
65.19,Food,Debit Card,USA,New York,15,0,NORMAL,0
71.09,Transportation,UPI,UK,London,15,0,NORMAL,0
709.67,Travel,Credit Card,UK,London,15,0,NORMAL,0
1414.84,Travel,Wallet,India,Bangalore,15,0,NORMAL,0
159.99,Gaming,UPI,Canada,Toronto,15,0,NORMAL,0
3204.16,Electronics,Debit Card,UK,London,15,0,NORMAL,0
5702.92,Electronics,Credit Card,North Korea,Pyongyang,15,0,FRAUD,1
1613.63,Travel,UPI,Germany,Berlin,15,0,SUSPICIOUS,0
18.33,Food,Credit Card,India,Bangalore,15,0,NORMAL,0
92.3,Transportation,Wallet,Singapore,Singapore,15,0,NORMAL,0
2112.71,Electronics,Credit Card,USA,New York,15,0,NORMAL,0
114.76,Fuel,Wallet,USA,Chicago,15,0,NORMAL,0
1975.21,Electronics,Debit Card,Canada,Toronto,15,0,SUSPICIOUS,0
6317.55,Luxury,Debit Card,India,Mumbai,15,0,NORMAL,0
330.24,Retail,Debit Card,USA,Chicago,15,0,NORMAL,0
2215.67,Electronics,Wallet,India,Mumbai,15,0,SUSPICIOUS,0
6881.65,Electronics,Credit Card,North Korea,Pyongyang,15,0,FRAUD,1
143.03,Gaming,UPI,Singapore,Singapore,15,0,NORMAL,0
1528.44,Luxury,UPI,UK,London,15,0,NORMAL,0
4357.11,Luxury,UPI,Canada,Toronto,15,0,NORMAL,0
42.91,Transportation,Credit Card,Canada,Toronto,15,0,NORMAL,0
26.03,Pharmacy,Debit Card,Germany,Berlin,15,0,NORMAL,0
31.65,Food,UPI,USA,Chicago,15,0,NORMAL,0
3327.48,Electronics,Net Banking,India,Mumbai,15,0,NORMAL,0
491.84,Retail,Debit Card,India,Mumbai,15,0,NORMAL,0
5998.26,Luxury,Credit Card,Canada,Toronto,15,0,NORMAL,0
4677.69,Electronics,Net Banking,USA,Chicago,15,0,NORMAL,0
155.69,Retail,Credit Card,USA,Chicago,15,0,NORMAL,0
498.01,Retail,Net Banking,Singapore,Singapore,15,0,NORMAL,0
231.09,Pharmacy,Debit Card,Singapore,Singapore,15,0,NORMAL,0
213.76,Pharmacy,Net Banking,USA,New York,15,0,NORMAL,0
301.8,Retail,UPI,Germany,Berlin,15,0,NORMAL,0
23.13,Gaming,UPI,India,Bangalore,15,0,NORMAL,0
6258.5,Luxury,Credit Card,Russia,Moscow,15,0,FRAUD,1
2170.6,Travel,Net Banking,USA,Chicago,15,0,NORMAL,0
48.03,Transportation,Credit Card,Singapore,Singapore,15,0,NORMAL,0
1289.93,Luxury,UPI,USA,New York,15,0,NORMAL,0
2260.97,Electronics,Debit Card,USA,Chicago,15,0,NORMAL,0
30.53,Food,UPI,USA,Chicago,15,0,NORMAL,0
72.08,Gaming,UPI,Germany,Berlin,15,0,NORMAL,0
157.38,Pharmacy,Net Banking,India,Bangalore,15,0,NORMAL,0
52.46,Transportation,Wallet,Singapore,Singapore,15,0,NORMAL,0
102.32,Transportation,UPI,USA,New York,15,0,NORMAL,0
1006.83,Electronics,UPI,India,Mumbai,15,0,NORMAL,0
4878.48,Electronics,Credit Card,Iran,Tehran,15,0,FRAUD,1
39.11,Pharmacy,Wallet,USA,Chicago,15,0,NORMAL,0
12.13,Food,Credit Card,USA,New York,15,0,NORMAL,0
3677.14,Travel,UPI,UK,London,15,0,SUSPICIOUS,0
2155.37,Luxury,Net Banking,Singapore,Singapore,15,0,NORMAL,0
210.91,Retail,UPI,Germany,Berlin,15,0,NORMAL,0
5825.17,Luxury,Net Banking,UK,London,15,0,NORMAL,0
231.15,Pharmacy,Debit Card,UK,London,15,0,NORMAL,0
97.79,Gaming,Net Banking,USA,New York,15,0,NORMAL,0
438.29,Retail,Credit Card,UK,London,15,0,NORMAL,0
2858.52,Travel,Wallet,Singapore,Singapore,15,0,NORMAL,0
253.9,Retail,Credit Card,India,Bangalore,15,0,NORMAL,0
3163.58,Luxury,Net Banking,Germany,Berlin,15,0,SUSPICIOUS,0
61.01,Transportation,Wallet,Germany,Berlin,15,0,NORMAL,0
4260.64,Luxury,Credit Card,UK,London,15,0,NORMAL,0
117.53,Retail,Net Banking,USA,New York,15,0,NORMAL,0
114.35,Retail,Debit Card,Singapore,Singapore,15,0,NORMAL,0
145.66,Fuel,Credit Card,India,Bangalore,15,0,NORMAL,0
157.21,Gaming,Net Banking,USA,Chicago,15,0,NORMAL,0
64.35,Food,Debit Card,USA,Chicago,15,0,NORMAL,0
1395.82,Electronics,Debit Card,UK,London,15,0,NORMAL,0
101.99,Retail,Net Banking,USA,Chicago,15,0,NORMAL,0
1461.01,Electronics,UPI,USA,New York,15,0,NORMAL,0
210.27,Pharmacy,Wallet,India,Mumbai,15,0,NORMAL,0
3563.13,Travel,Net Banking,Canada,Toronto,15,0,SUSPICIOUS,0
65.19,Fuel,Wallet,USA,Chicago,15,0,NORMAL,0
2120.09,Luxury,Wallet,UK,London,15,0,SUSPICIOUS,0
75.16,Fuel,Net Banking,UK,London,15,0,NORMAL,0
2723.84,Travel,UPI,Singapore,Singapore,15,0,NORMAL,0
186.13,Pharmacy,Wallet,Singapore,Singapore,15,0,NORMAL,0
2116.14,Electronics,Credit Card,USA,New York,15,0,NORMAL,0
2896.02,Electronics,Debit Card,USA,New York,15,0,NORMAL,0
2163.77,Travel,Net Banking,Canada,Toronto,15,0,SUSPICIOUS,0
37.41,Pharmacy,Debit Card,USA,New York,15,0,NORMAL,0
2309.12,Electronics,Debit Card,Singapore,Singapore,15,0,NORMAL,0
4881.73,Electronics,Wallet,India,Bangalore,15,0,NORMAL,0
36.19,Food,UPI,USA,New York,15,0,NORMAL,0
3636.44,Luxury,Net Banking,Canada,Toronto,15,0,NORMAL,0
116.4,Transportation,Credit Card,Singapore,Singapore,15,0,NORMAL,0
115.17,Transportation,Net Banking,Canada,Toronto,15,0,NORMAL,0
7202.46,Electronics,Credit Card,Russia,Moscow,15,0,FRAUD,1
47.41,Food,Net Banking,Singapore,Singapore,15,0,NORMAL,0
1733.65,Electronics,UPI,Germany,Berlin,15,0,NORMAL,0
3326.74,Electronics,UPI,Canada,Toronto,15,0,NORMAL,0
7541.52,Luxury,Net Banking,India,Bangalore,15,0,NORMAL,0
8595.05,Luxury,Credit Card,North Korea,Pyongyang,15,0,FRAUD,1
41.48,Fuel,Credit Card,India,Mumbai,15,0,NORMAL,0
405.44,Retail,UPI,India,Bangalore,15,0,NORMAL,0
2283.86,Luxury,UPI,USA,New York,15,0,NORMAL,0
35.1,Transportation,Credit Card,India,Bangalore,15,0,NORMAL,0
4489.58,Luxury,Credit Card,Russia,Moscow,15,0,FRAUD,1
74.17,Gaming,Net Banking,Germany,Berlin,15,0,NORMAL,0
1358.09,Travel,Credit Card,UK,London,15,0,NORMAL,0
264.09,Retail,UPI,USA,New York,15,0,NORMAL,0
1410.72,Travel,UPI,India,Mumbai,15,0,NORMAL,0
7374.76,Electronics,Credit Card,Iran,Tehran,15,0,FRAUD,1
120.62,Fuel,UPI,UK,London,15,0,NORMAL,0
3273.8,Electronics,Credit Card,Germany,Berlin,15,0,SUSPICIOUS,0
82.79,Transportation,Wallet,Canada,Toronto,15,0,NORMAL,0
3408.67,Luxury,Wallet,UK,London,15,0,NORMAL,0
1783.88,Luxury,Debit Card,USA,New York,15,0,NORMAL,0
46.12,Fuel,Net Banking,UK,London,15,0,NORMAL,0
104.84,Fuel,Wallet,India,Bangalore,15,0,NORMAL,0
494.22,Travel,UPI,Germany,Berlin,15,0,NORMAL,0
2543.72,Electronics,UPI,India,Mumbai,15,0,SUSPICIOUS,0
37.25,Food,Net Banking,USA,Chicago,15,0,NORMAL,0
44.29,Food,Credit Card,USA,New York,15,0,NORMAL,0
164.8,Gaming,Debit Card,India,Mumbai,15,0,NORMAL,0
5494.85,Luxury,Credit Card,Russia,Moscow,15,0,FRAUD,1
251.31,Retail,Debit Card,Singapore,Singapore,15,0,NORMAL,0
2664.75,Travel,UPI,USA,New York,15,0,NORMAL,0
41.26,Transportation,Debit Card,India,Bangalore,15,0,NORMAL,0
2470.1,Travel,Debit Card,India,Bangalore,15,0,SUSPICIOUS,0
2365.6,Luxury,Credit Card,India,Bangalore,15,0,NORMAL,0
267.28,Retail,Credit Card,USA,Chicago,15,0,NORMAL,0
27.11,Transportation,Debit Card,Germany,Berlin,15,0,NORMAL,0
4662.52,Luxury,Credit Card,North Korea,Pyongyang,15,0,FRAUD,1
3187.31,Electronics,Net Banking,USA,Chicago,15,0,SUSPICIOUS,0
191.09,Gaming,Debit Card,UK,London,15,0,NORMAL,0
7992.59,Luxury,Credit Card,North Korea,Pyongyang,15,0,FRAUD,1
472.36,Retail,Credit Card,USA,New York,15,0,NORMAL,0
2050.96,Travel,Wallet,India,Mumbai,15,0,NORMAL,0
7032.0,Luxury,Credit Card,North Korea,Pyongyang,15,0,FRAUD,1
2440.15,Travel,UPI,India,Mumbai,15,0,NORMAL,0
2119.31,Luxury,Debit Card,USA,Chicago,15,0,NORMAL,0
1506.85,Travel,UPI,Singapore,Singapore,15,0,NORMAL,0
5814.05,Luxury,Debit Card,India,Mumbai,15,0,NORMAL,0
51.19,Retail,Credit Card,USA,New York,15,0,NORMAL,0
2009.84,Luxury,Wallet,Singapore,Singapore,15,0,SUSPICIOUS,0
48.99,Food,Net Banking,India,Bangalore,15,0,NORMAL,0
6271.1,Luxury,Credit Card,Russia,Moscow,15,0,FRAUD,1
146.96,Retail,Credit Card,Singapore,Singapore,15,0,NORMAL,0
29.39,Food,Wallet,UK,London,15,0,NORMAL,0
54.17,Retail,Credit Card,India,Bangalore,15,0,NORMAL,0
2074.71,Electronics,Debit Card,Germany,Berlin,15,0,NORMAL,0
408.04,Electronics,Credit Card,USA,New York,15,0,NORMAL,0
246.59,Travel,Credit Card,India,Mumbai,15,0,NORMAL,0
15.76,Food,Debit Card,Germany,Berlin,15,0,NORMAL,0
960.96,Travel,Debit Card,Germany,Berlin,15,0,NORMAL,0
7.97,Food,Debit Card,Canada,Toronto,15,0,NORMAL,0
4687.2,Electronics,UPI,USA,New York,15,0,NORMAL,0
6778.04,Electronics,Credit Card,Russia,Moscow,15,0,FRAUD,1
11.19,Food,Net Banking,USA,New York,15,0,NORMAL,0
2367.64,Travel,Credit Card,India,Mumbai,15,0,NORMAL,0
4049.86,Electronics,Credit Card,Canada,Toronto,15,0,NORMAL,0
19.68,Transportation,UPI,Germany,Berlin,15,0,NORMAL,0
86.15,Fuel,Net Banking,USA,Chicago,15,0,NORMAL,0
100.92,Retail,Net Banking,India,Bangalore,15,0,NORMAL,0
272.29,Retail,UPI,USA,New York,15,0,NORMAL,0
167.63,Gaming,Net Banking,India,Bangalore,15,0,NORMAL,0
250.62,Retail,UPI,UK,London,15,0,NORMAL,0
1577.93,Electronics,Wallet,USA,Chicago,15,0,SUSPICIOUS,0
12.02,Food,Wallet,Canada,Toronto,15,0,NORMAL,0
2209.31,Luxury,UPI,India,Bangalore,15,0,SUSPICIOUS,0
52.11,Transportation,Net Banking,Singapore,Singapore,15,0,NORMAL,0
104.52,Transportation,Wallet,UK,London,15,0,NORMAL,0
53.92,Gaming,Wallet,UK,London,15,0,NORMAL,0
33.66,Food,Wallet,USA,New York,15,0,NORMAL,0
7.43,Food,Net Banking,India,Mumbai,15,0,NORMAL,0
6237.84,Luxury,Credit Card,Iran,Tehran,15,0,FRAUD,1
3701.36,Electronics,Credit Card,North Korea,Pyongyang,15,0,FRAUD,1
62.5,Fuel,Wallet,UK,London,15,0,NORMAL,0
5351.43,Electronics,Credit Card,Russia,Moscow,15,0,FRAUD,1
1458.22,Electronics,Wallet,UK,London,15,0,NORMAL,0
78.46,Retail,Net Banking,India,Bangalore,15,0,NORMAL,0
6224.87,Luxury,Net Banking,UK,London,15,0,NORMAL,0
280.67,Retail,Net Banking,USA,Chicago,15,0,NORMAL,0
128.86,Fuel,UPI,UK,London,15,0,NORMAL,0
5000.14,Luxury,UPI,Singapore,Singapore,15,0,NORMAL,0
78.28,Food,Credit Card,India,Bangalore,15,0,NORMAL,0
455.48,Retail,Debit Card,India,Bangalore,15,0,NORMAL,0
4361.36,Luxury,UPI,USA,New York,15,0,NORMAL,0
25.86,Fuel,Credit Card,UK,London,15,0,NORMAL,0
59.4,Gaming,Credit Card,USA,New York,15,0,NORMAL,0
2362.83,Travel,Credit Card,Canada,Toronto,15,0,NORMAL,0
2642.32,Luxury,Net Banking,Germany,Berlin,15,0,NORMAL,0
374.1,Retail,Wallet,India,Mumbai,15,0,NORMAL,0
962.51,Travel,UPI,USA,New York,15,0,NORMAL,0
3559.12,Luxury,Debit Card,UK,London,15,0,NORMAL,0
2237.81,Electronics,Credit Card,Singapore,Singapore,15,0,SUSPICIOUS,0
3854.27,Electronics,Credit Card,North Korea,Pyongyang,15,0,FRAUD,1
68.13,Retail,Credit Card,India,Mumbai,15,0,NORMAL,0
23.84,Food,UPI,USA,New York,15,0,NORMAL,0
3576.04,Electronics,Credit Card,North Korea,Pyongyang,15,0,FRAUD,1
1157.01,Travel,Net Banking,Canada,Toronto,15,0,NORMAL,0
5753.12,Luxury,UPI,India,Mumbai,15,0,NORMAL,0
3810.35,Luxury,Net Banking,UK,London,15,0,NORMAL,0
109.95,Transportation,Debit Card,Germany,Berlin,15,0,NORMAL,0
130.59,Pharmacy,Wallet,India,Bangalore,15,0,NORMAL,0
197.05,Gaming,Credit Card,USA,New York,15,0,NORMAL,0
68.51,Food,UPI,USA,Chicago,15,0,NORMAL,0
2085.19,Travel,Debit Card,Singapore,Singapore,15,0,NORMAL,0
19.13,Food,Credit Card,USA,New York,15,0,NORMAL,0
2829.67,Travel,UPI,UK,London,15,0,NORMAL,0
5629.04,Luxury,Debit Card,UK,London,15,0,NORMAL,0
6293.28,Electronics,Credit Card,Russia,Moscow,15,0,FRAUD,1
68.21,Fuel,Wallet,Germany,Berlin,15,0,NORMAL,0
3673.28,Electronics,Debit Card,Germany,Berlin,15,0,NORMAL,0
8320.44,Luxury,Credit Card,North Korea,Pyongyang,15,0,FRAUD,1
4061.26,Travel,UPI,Singapore,Singapore,15,0,SUSPICIOUS,0
166.38,Gaming,Net Banking,India,Bangalore,15,0,NORMAL,0
1793.95,Electronics,Credit Card,India,Mumbai,15,0,SUSPICIOUS,0
40.82,Food,UPI,India,Bangalore,15,0,NORMAL,0
7264.23,Luxury,Credit Card,Iran,Tehran,15,0,FRAUD,1
1595.12,Luxury,Credit Card,Germany,Berlin,15,0,NORMAL,0
262.53,Retail,Credit Card,India,Mumbai,15,0,NORMAL,0
1191.03,Travel,UPI,UK,London,15,0,NORMAL,0
1145.31,Travel,UPI,Singapore,Singapore,15,0,NORMAL,0
20.84,Pharmacy,Wallet,Canada,Toronto,15,0,NORMAL,0
4056.55,Luxury,Credit Card,Iran,Tehran,15,0,FRAUD,1
6897.84,Luxury,Credit Card,Russia,Moscow,15,0,FRAUD,1
131.79,Fuel,Debit Card,USA,New York,15,0,NORMAL,0
58.97,Transportation,Credit Card,USA,New York,15,0,NORMAL,0
23.16,Retail,Credit Card,Germany,Berlin,15,0,NORMAL,0
113.96,Gaming,Net Banking,Canada,Toronto,15,0,NORMAL,0
4099.92,Travel,Wallet,USA,New York,15,0,SUSPICIOUS,0
55.81,Food,Wallet,Canada,Toronto,15,0,NORMAL,0
92.79,Gaming,Debit Card,India,Mumbai,15,0,NORMAL,0
7132.79,Luxury,Wallet,India,Mumbai,15,0,NORMAL,0
123.35,Retail,UPI,India,Mumbai,15,0,NORMAL,0
3524.32,Travel,Net Banking,Canada,Toronto,15,0,SUSPICIOUS,0
8536.72,Electronics,Credit Card,Iran,Tehran,15,0,FRAUD,1
4375.93,Electronics,Debit Card,USA,Chicago,15,0,SUSPICIOUS,0
177.74,Pharmacy,Wallet,USA,Chicago,15,0,NORMAL,0
4532.16,Luxury,Credit Card,Iran,Tehran,15,0,FRAUD,1
4666.71,Luxury,Wallet,India,Bangalore,15,0,NORMAL,0
5251.2,Luxury,Credit Card,North Korea,Pyongyang,15,0,FRAUD,1
6846.51,Electronics,Credit Card,North Korea,Pyongyang,15,0,FRAUD,1
2085.95,Electronics,Net Banking,Canada,Toronto,15,0,NORMAL,0
60.85,Transportation,Wallet,India,Bangalore,15,0,NORMAL,0
237.87,Pharmacy,UPI,USA,Chicago,15,0,NORMAL,0
91.4,Gaming,Credit Card,UK,London,15,0,NORMAL,0
4358.61,Luxury,Net Banking,USA,Chicago,15,0,SUSPICIOUS,0
443.6,Retail,Credit Card,UK,London,15,0,NORMAL,0
29.61,Food,Net Banking,Singapore,Singapore,15,0,NORMAL,0
61.3,Gaming,Wallet,Canada,Toronto,15,0,NORMAL,0
2953.66,Electronics,Net Banking,Singapore,Singapore,15,0,NORMAL,0
77.35,Food,Debit Card,USA,New York,15,0,NORMAL,0
159.82,Gaming,Wallet,USA,New York,15,0,NORMAL,0
7803.68,Electronics,Credit Card,North Korea,Pyongyang,15,0,FRAUD,1
5845.62,Electronics,Credit Card,Iran,Tehran,15,0,FRAUD,1
68.2,Food,Wallet,India,Bangalore,15,0,NORMAL,0
2321.42,Electronics,Wallet,Germany,Berlin,15,0,SUSPICIOUS,0
35.51,Fuel,UPI,USA,Chicago,15,0,NORMAL,0
24.99,Fuel,Net Banking,India,Mumbai,15,0,NORMAL,0
77.32,Food,Wallet,India,Mumbai,15,0,NORMAL,0
159.5,Travel,UPI,India,Bangalore,15,0,NORMAL,0
82.45,Gaming,Credit Card,India,Mumbai,15,0,NORMAL,0
38.15,Transportation,Net Banking,USA,Chicago,15,0,NORMAL,0
1038.6,Travel,Net Banking,Singapore,Singapore,15,0,NORMAL,0
1163.47,Travel,Net Banking,Canada,Toronto,15,0,NORMAL,0
149.07,Gaming,Credit Card,USA,New York,15,0,NORMAL,0
4306.34,Electronics,Net Banking,USA,Chicago,15,0,NORMAL,0
24.94,Pharmacy,Debit Card,USA,New York,15,0,NORMAL,0
42.16,Fuel,Credit Card,India,Mumbai,15,0,NORMAL,0
24.49,Transportation,Net Banking,India,Bangalore,15,0,NORMAL,0
2925.5,Electronics,Credit Card,Germany,Berlin,15,0,SUSPICIOUS,0
4000.86,Electronics,Wallet,USA,New York,15,0,NORMAL,0
38.02,Gaming,UPI,USA,Chicago,15,0,NORMAL,0
57.37,Gaming,Net Banking,Germany,Berlin,15,0,NORMAL,0
111.14,Fuel,Debit Card,Canada,Toronto,15,0,NORMAL,0
58.47,Food,Net Banking,India,Bangalore,15,0,NORMAL,0
2509.4,Travel,Debit Card,India,Mumbai,15,0,NORMAL,0
1264.07,Travel,Wallet,Germany,Berlin,15,0,NORMAL,0
390.83,Travel,Credit Card,Canada,Toronto,15,0,NORMAL,0
3929.6,Electronics,Wallet,Germany,Berlin,15,0,NORMAL,0
96.6,Fuel,Net Banking,India,Bangalore,15,0,NORMAL,0
1649.85,Travel,Wallet,Singapore,Singapore,15,0,NORMAL,0
4435.57,Travel,Wallet,Singapore,Singapore,15,0,SUSPICIOUS,0
60.57,Food,Credit Card,India,Mumbai,15,0,NORMAL,0
4183.98,Electronics,UPI,India,Mumbai,15,0,NORMAL,0
7226.56,Luxury,Wallet,Canada,Toronto,15,0,NORMAL,0
6857.87,Luxury,Credit Card,Canada,Toronto,15,0,NORMAL,0
6099.18,Electronics,Credit Card,Iran,Tehran,15,0,FRAUD,1
32.01,Food,Wallet,India,Mumbai,15,0,NORMAL,0
73.78,Retail,Credit Card,Germany,Berlin,15,0,NORMAL,0
8584.3,Electronics,Credit Card,Iran,Tehran,15,0,FRAUD,1
79.12,Transportation,UPI,USA,New York,15,0,NORMAL,0
3167.6,Electronics,Wallet,India,Mumbai,15,0,NORMAL,0
54.78,Pharmacy,Debit Card,UK,London,15,0,NORMAL,0
2363.22,Luxury,Net Banking,India,Bangalore,15,0,NORMAL,0
1633.89,Electronics,Net Banking,Singapore,Singapore,15,0,SUSPICIOUS,0
8818.98,Electronics,Credit Card,Russia,Moscow,15,0,FRAUD,1
208.24,Retail,Wallet,USA,New York,15,0,NORMAL,0
95.65,Fuel,UPI,USA,Chicago,15,0,NORMAL,0
193.43,Gaming,Wallet,USA,New York,15,0,NORMAL,0
4408.55,Electronics,Wallet,USA,New York,15,0,NORMAL,0
2645.5,Luxury,Debit Card,UK,London,15,0,NORMAL,0
1975.86,Travel,Debit Card,Canada,Toronto,15,0,NORMAL,0
141.08,Gaming,UPI,India,Mumbai,15,0,NORMAL,0
195.74,Pharmacy,UPI,Germany,Berlin,15,0,NORMAL,0
4540.26,Luxury,UPI,Germany,Berlin,15,0,NORMAL,0
49.35,Transportation,Debit Card,Canada,Toronto,15,0,NORMAL,0
16.65,Food,Credit Card,Canada,Toronto,15,0,NORMAL,0
160.68,Gaming,Debit Card,Singapore,Singapore,15,0,NORMAL,0
131.06,Fuel,Credit Card,India,Mumbai,15,0,NORMAL,0
3888.87,Travel,Debit Card,India,Mumbai,15,0,SUSPICIOUS,0
2573.62,Electronics,Wallet,Singapore,Singapore,15,0,SUSPICIOUS,0
2689.02,Electronics,UPI,Singapore,Singapore,15,0,NORMAL,0
12.6,Food,Net Banking,Canada,Toronto,15,0,NORMAL,0
5761.79,Luxury,Debit Card,USA,Chicago,15,0,NORMAL,0
4807.83,Luxury,Credit Card,Russia,Moscow,15,0,FRAUD,1
861.27,Electronics,Net Banking,Canada,Toronto,15,0,NORMAL,0
856.1,Travel,Debit Card,Singapore,Singapore,15,0,NORMAL,0
4937.11,Electronics,Credit Card,Iran,Tehran,15,0,FRAUD,1
36.26,Food,Credit Card,Canada,Toronto,15,0,NORMAL,0
6995.62,Electronics,Credit Card,Russia,Moscow,15,0,FRAUD,1
56.74,Food,Net Banking,USA,Chicago,15,0,NORMAL,0
3230.56,Electronics,Wallet,USA,New York,15,0,SUSPICIOUS,0
36.2,Food,Net Banking,UK,London,15,0,NORMAL,0
67.19,Food,Debit Card,Canada,Toronto,15,0,NORMAL,0
229.21,Pharmacy,Wallet,Canada,Toronto,15,0,NORMAL,0
28.59,Food,Debit Card,UK,London,15,0,NORMAL,0
1920.43,Luxury,Debit Card,Canada,Toronto,15,0,NORMAL,0
1383.04,Travel,Credit Card,UK,London,15,0,NORMAL,0
196.53,Gaming,UPI,India,Mumbai,15,0,NORMAL,0
51.92,Retail,Wallet,Germany,Berlin,15,0,NORMAL,0
1192.86,Electronics,Credit Card,UK,London,15,0,NORMAL,0
3107.2,Electronics,Credit Card,Canada,Toronto,15,0,SUSPICIOUS,0
2230.23,Luxury,Net Banking,UK,London,15,0,NORMAL,0
138.65,Pharmacy,Debit Card,India,Bangalore,15,0,NORMAL,0
46.67,Fuel,Net Banking,UK,London,15,0,NORMAL,0
8670.43,Luxury,Credit Card,North Korea,Pyongyang,15,0,FRAUD,1
131.18,Pharmacy,Debit Card,India,Mumbai,15,0,NORMAL,0
141.95,Gaming,Net Banking,Singapore,Singapore,15,0,NORMAL,0
2876.35,Luxury,UPI,India,Bangalore,15,0,NORMAL,0
267.01,Retail,Credit Card,UK,London,15,0,NORMAL,0
23.1,Pharmacy,Wallet,USA,Chicago,15,0,NORMAL,0
2729.86,Travel,Credit Card,Singapore,Singapore,15,0,NORMAL,0
24.03,Fuel,Debit Card,Singapore,Singapore,15,0,NORMAL,0
1736.34,Electronics,Wallet,USA,New York,15,0,NORMAL,0
2757.83,Travel,UPI,India,Bangalore,15,0,NORMAL,0
3869.51,Electronics,Debit Card,Canada,Toronto,15,0,SUSPICIOUS,0
8649.17,Luxury,Credit Card,North Korea,Pyongyang,15,0,FRAUD,1
3877.24,Electronics,Credit Card,Russia,Moscow,15,0,FRAUD,1
61.89,Transportation,Debit Card,India,Bangalore,15,0,NORMAL,0
1703.07,Travel,Credit Card,USA,Chicago,15,0,NORMAL,0
5565.82,Luxury,Credit Card,Iran,Tehran,15,0,FRAUD,1
32.99,Food,Net Banking,UK,London,15,0,NORMAL,0
157.56,Retail,UPI,Singapore,Singapore,15,0,NORMAL,0
733.62,Travel,Debit Card,USA,New York,15,0,NORMAL,0
21.52,Food,Debit Card,Canada,Toronto,15,0,NORMAL,0
796.23,Electronics,Debit Card,USA,New York,15,0,NORMAL,0
65.36,Food,Credit Card,India,Mumbai,15,0,NORMAL,0
86.99,Fuel,Debit Card,USA,Chicago,15,0,NORMAL,0
191.78,Retail,Credit Card,USA,New York,15,0,NORMAL,0
8.23,Transportation,Credit Card,India,Mumbai,15,0,NORMAL,0
1951.19,Electronics,Net Banking,USA,New York,15,0,NORMAL,0
1867.33,Travel,Credit Card,India,Mumbai,15,0,NORMAL,0
3121.13,Luxury,Wallet,India,Mumbai,15,0,NORMAL,0
2861.87,Electronics,Net Banking,USA,New York,15,0,NORMAL,0
190.57,Pharmacy,Wallet,India,Mumbai,15,0,NORMAL,0
7.41,Food,Wallet,Canada,Toronto,15,0,NORMAL,0
66.52,Gaming,Net Banking,India,Bangalore,15,0,NORMAL,0
3812.42,Electronics,Wallet,UK,London,15,0,NORMAL,0
6566.52,Luxury,Credit Card,Iran,Tehran,15,0,FRAUD,1
58.77,Food,Debit Card,USA,Chicago,15,0,NORMAL,0
123.32,Fuel,UPI,Singapore,Singapore,15,0,NORMAL,0
8856.87,Luxury,Credit Card,North Korea,Pyongyang,15,0,FRAUD,1
7039.29,Electronics,Credit Card,North Korea,Pyongyang,15,0,FRAUD,1
66.63,Gaming,UPI,USA,New York,15,0,NORMAL,0
28.0,Gaming,Debit Card,UK,London,15,0,NORMAL,0
503.39,Travel,Wallet,Singapore,Singapore,15,0,NORMAL,0
487.71,Travel,Credit Card,India,Bangalore,15,0,NORMAL,0
29.55,Food,Debit Card,India,Mumbai,15,0,NORMAL,0
191.58,Retail,UPI,India,Mumbai,15,0,NORMAL,0
3460.8,Travel,Credit Card,India,Bangalore,15,0,SUSPICIOUS,0
4550.25,Electronics,UPI,USA,Chicago,15,0,NORMAL,0
4645.87,Luxury,Credit Card,North Korea,Pyongyang,15,0,FRAUD,1
14.66,Transportation,Wallet,USA,Chicago,15,0,NORMAL,0
8375.77,Luxury,Credit Card,Russia,Moscow,15,0,FRAUD,1
819.16,Electronics,Net Banking,Canada,Toronto,15,0,NORMAL,0
70.66,Retail,Wallet,Germany,Berlin,15,0,NORMAL,0
3884.59,Travel,Debit Card,UK,London,15,0,SUSPICIOUS,0
4035.22,Luxury,Credit Card,North Korea,Pyongyang,15,0,FRAUD,1
79.88,Transportation,Net Banking,Germany,Berlin,15,0,NORMAL,0
58.73,Fuel,UPI,USA,Chicago,15,0,NORMAL,0
3883.25,Luxury,Net Banking,USA,Chicago,15,0,NORMAL,0
2966.3,Travel,Debit Card,Canada,Toronto,15,0,NORMAL,0
216.55,Retail,Wallet,Canada,Toronto,15,0,NORMAL,0
1431.71,Electronics,UPI,Canada,Toronto,15,0,NORMAL,0
71.21,Food,Net Banking,USA,Chicago,15,0,NORMAL,0
103.47,Retail,Debit Card,UK,London,15,0,NORMAL,0
2467.15,Luxury,UPI,UK,London,15,0,NORMAL,0
54.28,Retail,Credit Card,USA,Chicago,15,0,NORMAL,0
5873.2,Luxury,Credit Card,UK,London,15,0,NORMAL,0
115.44,Pharmacy,UPI,USA,New York,15,0,NORMAL,0
2253.08,Electronics,Wallet,India,Mumbai,15,0,SUSPICIOUS,0
330.48,Travel,Net Banking,Canada,Toronto,15,0,NORMAL,0
41.86,Gaming,Net Banking,USA,New York,15,0,NORMAL,0
3177.41,Electronics,Credit Card,Singapore,Singapore,15,0,NORMAL,0
2675.05,Travel,Debit Card,India,Bangalore,15,0,NORMAL,0
287.68,Retail,Net Banking,India,Mumbai,15,0,NORMAL,0
4812.5,Luxury,Wallet,Canada,Toronto,15,0,NORMAL,0
221.21,Retail,Debit Card,Canada,Toronto,15,0,NORMAL,0
3029.46,Electronics,Wallet,Singapore,Singapore,15,0,SUSPICIOUS,0
4342.04,Travel,UPI,India,Mumbai,15,0,SUSPICIOUS,0
3175.66,Luxury,Net Banking,USA,Chicago,15,0,SUSPICIOUS,0
378.23,Retail,UPI,Canada,Toronto,15,0,NORMAL,0
1858.74,Electronics,UPI,USA,Chicago,15,0,NORMAL,0
64.13,Transportation,Net Banking,USA,New York,15,0,NORMAL,0
157.03,Retail,UPI,Canada,Toronto,15,0,NORMAL,0
962.91,Electronics,Net Banking,India,Mumbai,15,0,NORMAL,0
3777.72,Electronics,Debit Card,UK,London,15,0,NORMAL,0
54.84,Food,Debit Card,Germany,Berlin,15,0,NORMAL,0
2130.19,Travel,Credit Card,Canada,Toronto,15,0,NORMAL,0
64.58,Gaming,UPI,Germany,Berlin,15,0,NORMAL,0
190.77,Gaming,UPI,India,Bangalore,15,0,NORMAL,0
1215.0,Travel,Credit Card,USA,Chicago,15,0,NORMAL,0
3091.53,Travel,Debit Card,UK,London,15,0,SUSPICIOUS,0
1432.51,Electronics,Wallet,India,Bangalore,15,0,NORMAL,0
207.23,Retail,Credit Card,USA,Chicago,15,0,NORMAL,0
19.43,Food,UPI,India,Mumbai,15,0,NORMAL,0
1600.69,Travel,Debit Card,Germany,Berlin,15,0,NORMAL,0
6771.08,Luxury,Credit Card,USA,New York,15,0,NORMAL,0
22.09,Food,Net Banking,USA,Chicago,15,0,NORMAL,0
195.66,Retail,UPI,India,Bangalore,15,0,NORMAL,0
3190.12,Luxury,Credit Card,Canada,Toronto,15,0,NORMAL,0
2423.54,Travel,Debit Card,Singapore,Singapore,15,0,NORMAL,0
17.61,Transportation,Net Banking,USA,New York,15,0,NORMAL,0
63.98,Food,Debit Card,Germany,Berlin,15,0,NORMAL,0
6064.17,Luxury,Credit Card,Russia,Moscow,15,0,FRAUD,1
3872.82,Luxury,Credit Card,Iran,Tehran,15,0,FRAUD,1
8.72,Transportation,Credit Card,India,Mumbai,15,0,NORMAL,0
2557.92,Electronics,UPI,India,Mumbai,15,0,NORMAL,0
23.89,Food,Wallet,UK,London,15,0,NORMAL,0
95.95,Transportation,Debit Card,USA,Chicago,15,0,NORMAL,0
13.66,Gaming,UPI,USA,New York,15,0,NORMAL,0
1948.79,Electronics,UPI,Singapore,Singapore,15,0,NORMAL,0
3750.88,Luxury,Net Banking,Singapore,Singapore,15,0,NORMAL,0
196.2,Gaming,Credit Card,UK,London,15,0,NORMAL,0
136.43,Fuel,Wallet,USA,Chicago,15,0,NORMAL,0
4751.46,Electronics,Credit Card,Iran,Tehran,15,0,FRAUD,1
3383.36,Luxury,UPI,Canada,Toronto,15,0,SUSPICIOUS,0
42.48,Food,UPI,UK,London,15,0,NORMAL,0
153.74,Gaming,Debit Card,India,Bangalore,15,0,NORMAL,0
309.26,Retail,Debit Card,UK,London,15,0,NORMAL,0
19.17,Transportation,Debit Card,Singapore,Singapore,15,0,NORMAL,0
3741.18,Travel,Net Banking,Germany,Berlin,15,0,SUSPICIOUS,0
3206.9,Luxury,UPI,India,Bangalore,15,0,NORMAL,0
49.86,Transportation,Wallet,USA,Chicago,15,0,NORMAL,0
1835.46,Luxury,Debit Card,USA,New York,15,0,NORMAL,0
109.98,Fuel,Wallet,Singapore,Singapore,15,0,NORMAL,0
1690.77,Electronics,Debit Card,India,Bangalore,15,0,SUSPICIOUS,0
189.46,Retail,Debit Card,Germany,Berlin,15,0,NORMAL,0
4314.55,Electronics,UPI,Canada,Toronto,15,0,SUSPICIOUS,0
169.01,Travel,Debit Card,USA,Chicago,15,0,NORMAL,0
2708.79,Travel,Net Banking,India,Mumbai,15,0,NORMAL,0
95.45,Gaming,Credit Card,Singapore,Singapore,15,0,NORMAL,0
45.41,Pharmacy,UPI,Singapore,Singapore,15,0,NORMAL,0
2820.93,Travel,Wallet,Singapore,Singapore,15,0,NORMAL,0
82.34,Transportation,Net Banking,Germany,Berlin,15,0,NORMAL,0
1475.0,Travel,Wallet,UK,London,15,0,NORMAL,0
111.78,Transportation,Debit Card,UK,London,15,0,NORMAL,0
3633.75,Electronics,UPI,USA,Chicago,15,0,NORMAL,0
86.17,Transportation,Credit Card,Singapore,Singapore,15,0,NORMAL,0
119.86,Gaming,UPI,Germany,Berlin,15,0,NORMAL,0
2769.11,Luxury,UPI,USA,New York,15,0,SUSPICIOUS,0
2333.78,Travel,Debit Card,Singapore,Singapore,15,0,SUSPICIOUS,0
487.02,Retail,Credit Card,India,Bangalore,15,0,NORMAL,0
1770.93,Travel,Net Banking,USA,Chicago,15,0,NORMAL,0
1920.79,Luxury,Net Banking,Canada,Toronto,15,0,NORMAL,0
29.42,Retail,UPI,India,Mumbai,15,0,NORMAL,0
177.33,Retail,UPI,USA,New York,15,0,NORMAL,0
46.08,Gaming,Wallet,UK,London,15,0,NORMAL,0
2788.65,Travel,UPI,India,Bangalore,15,0,NORMAL,0
1721.86,Luxury,Net Banking,USA,Chicago,15,0,SUSPICIOUS,0
1369.26,Luxury,Wallet,UK,London,15,0,NORMAL,0
3534.63,Electronics,Net Banking,USA,Chicago,15,0,NORMAL,0
63.42,Fuel,Debit Card,Singapore,Singapore,15,0,NORMAL,0
137.1,Retail,Debit Card,USA,New York,15,0,NORMAL,0
37.63,Food,Credit Card,India,Mumbai,15,0,NORMAL,0
62.43,Transportation,UPI,Germany,Berlin,15,0,NORMAL,0
94.33,Gaming,Credit Card,India,Mumbai,15,0,NORMAL,0
186.73,Pharmacy,Net Banking,USA,Chicago,15,0,NORMAL,0
18.41,Food,UPI,USA,Chicago,15,0,NORMAL,0
90.77,Fuel,Net Banking,UK,London,15,0,NORMAL,0
111.04,Transportation,UPI,USA,New York,15,0,NORMAL,0
1062.96,Travel,Credit Card,USA,Chicago,15,0,NORMAL,0
101.87,Fuel,Credit Card,India,Mumbai,15,0,NORMAL,0
1301.84,Travel,Wallet,Singapore,Singapore,15,0,NORMAL,0
173.98,Pharmacy,Net Banking,Germany,Berlin,15,0,NORMAL,0
1695.53,Travel,UPI,Germany,Berlin,15,0,SUSPICIOUS,0
164.86,Pharmacy,Debit Card,USA,New York,15,0,NORMAL,0
8288.34,Electronics,Credit Card,North Korea,Pyongyang,15,0,FRAUD,1
7164.52,Luxury,Credit Card,Russia,Moscow,15,0,FRAUD,1
2242.35,Electronics,Debit Card,India,Bangalore,15,0,NORMAL,0
394.14,Retail,Debit Card,UK,London,15,0,NORMAL,0
3515.5,Electronics,UPI,India,Bangalore,15,0,NORMAL,0
3586.3,Luxury,Credit Card,North Korea,Pyongyang,15,0,FRAUD,1
2029.61,Electronics,Credit Card,India,Mumbai,15,0,SUSPICIOUS,0
1415.98,Electronics,UPI,India,Mumbai,15,0,NORMAL,0
49.11,Fuel,Net Banking,India,Mumbai,15,0,NORMAL,0
72.03,Transportation,Net Banking,India,Mumbai,15,0,NORMAL,0
38.42,Food,Credit Card,Canada,Toronto,15,0,NORMAL,0
107.52,Fuel,Debit Card,Singapore,Singapore,15,0,NORMAL,0
408.15,Retail,Debit Card,UK,London,15,0,NORMAL,0
1176.8,Electronics,UPI,India,Bangalore,15,0,NORMAL,0
60.17,Food,UPI,USA,Chicago,15,0,NORMAL,0
4561.52,Electronics,Wallet,USA,New York,15,0,NORMAL,0
118.98,Transportation,Wallet,Singapore,Singapore,15,0,NORMAL,0
266.71,Travel,UPI,UK,London,15,0,NORMAL,0
43.47,Food,Net Banking,Germany,Berlin,15,0,NORMAL,0
20.9,Food,Debit Card,UK,London,15,0,NORMAL,0
10.28,Food,Wallet,USA,Chicago,15,0,NORMAL,0
3746.37,Electronics,Wallet,Germany,Berlin,15,0,SUSPICIOUS,0
81.63,Retail,Credit Card,India,Bangalore,15,0,NORMAL,0
2968.14,Travel,Net Banking,India,Bangalore,15,0,NORMAL,0
3862.61,Luxury,UPI,Germany,Berlin,15,0,NORMAL,0
43.87,Food,UPI,UK,London,15,0,NORMAL,0
4656.86,Luxury,Credit Card,Russia,Moscow,15,0,FRAUD,1
171.73,Pharmacy,UPI,Singapore,Singapore,15,0,NORMAL,0
88.74,Gaming,Debit Card,UK,London,15,0,NORMAL,0
517.02,Travel,Debit Card,Canada,Toronto,15,0,NORMAL,0
2257.58,Travel,Net Banking,UK,London,15,0,NORMAL,0
1492.7,Travel,Credit Card,UK,London,15,0,NORMAL,0
3308.99,Electronics,UPI,India,Bangalore,15,0,NORMAL,0
20.43,Fuel,UPI,Canada,Toronto,15,0,NORMAL,0
61.61,Pharmacy,Debit Card,Canada,Toronto,15,0,NORMAL,0
62.36,Gaming,Debit Card,Canada,Toronto,15,0,NORMAL,0
70.64,Gaming,Net Banking,Germany,Berlin,15,0,NORMAL,0
435.33,Travel,Net Banking,India,Bangalore,15,0,NORMAL,0
4250.11,Travel,Debit Card,Singapore,Singapore,15,0,SUSPICIOUS,0
1121.14,Luxury,Credit Card,Canada,Toronto,15,0,NORMAL,0
439.96,Travel,UPI,USA,New York,15,0,NORMAL,0
4489.15,Electronics,UPI,UK,London,15,0,NORMAL,0
115.18,Transportation,UPI,Canada,Toronto,15,0,NORMAL,0
71.59,Fuel,Credit Card,India,Bangalore,15,0,NORMAL,0
364.05,Retail,Debit Card,Singapore,Singapore,15,0,NORMAL,0
2750.86,Travel,Wallet,USA,New York,15,0,NORMAL,0
1796.15,Electronics,Debit Card,Singapore,Singapore,15,0,SUSPICIOUS,0
4526.71,Electronics,Wallet,UK,London,15,0,NORMAL,0
115.78,Pharmacy,UPI,USA,New York,15,0,NORMAL,0
2132.94,Electronics,Net Banking,India,Bangalore,15,0,SUSPICIOUS,0
2888.85,Electronics,Net Banking,India,Mumbai,15,0,NORMAL,0
92.02,Transportation,Wallet,Canada,Toronto,15,0,NORMAL,0
160.63,Pharmacy,Debit Card,Canada,Toronto,15,0,NORMAL,0
448.18,Retail,Debit Card,Singapore,Singapore,15,0,NORMAL,0
100.96,Gaming,Net Banking,India,Mumbai,15,0,NORMAL,0
200.73,Retail,UPI,India,Bangalore,15,0,NORMAL,0
219.68,Retail,Wallet,UK,London,15,0,NORMAL,0
1797.84,Travel,Debit Card,Canada,Toronto,15,0,NORMAL,0
6350.1,Luxury,Credit Card,India,Mumbai,15,0,NORMAL,0
79.86,Food,Net Banking,USA,Chicago,15,0,NORMAL,0
310.03,Retail,Credit Card,UK,London,15,0,NORMAL,0
1850.52,Travel,Wallet,India,Mumbai,15,0,SUSPICIOUS,0
1585.37,Electronics,Credit Card,Germany,Berlin,15,0,NORMAL,0
283.43,Retail,Debit Card,India,Mumbai,15,0,NORMAL,0
420.17,Electronics,Wallet,USA,Chicago,15,0,NORMAL,0
182.24,Gaming,Net Banking,India,Bangalore,15,0,NORMAL,0
2819.1,Travel,Credit Card,Singapore,Singapore,15,0,NORMAL,0
2879.39,Travel,Net Banking,USA,New York,15,0,NORMAL,0
6639.36,Luxury,UPI,Singapore,Singapore,15,0,NORMAL,0
72.04,Food,UPI,India,Bangalore,15,0,NORMAL,0
7759.87,Electronics,Credit Card,Iran,Tehran,15,0,FRAUD,1
122.67,Gaming,Net Banking,USA,New York,15,0,NORMAL,0
371.74,Retail,Wallet,Germany,Berlin,15,0,NORMAL,0
79.01,Fuel,Wallet,Singapore,Singapore,15,0,NORMAL,0
226.41,Pharmacy,UPI,UK,London,15,0,NORMAL,0
33.05,Food,Net Banking,USA,New York,15,0,NORMAL,0
33.15,Retail,Net Banking,UK,London,15,0,NORMAL,0
120.75,Retail,Net Banking,Germany,Berlin,15,0,NORMAL,0
2438.65,Travel,Net Banking,USA,New York,15,0,NORMAL,0
4584.33,Luxury,Credit Card,USA,Chicago,15,0,NORMAL,0
1834.26,Travel,Wallet,India,Bangalore,15,0,SUSPICIOUS,0
5923.97,Luxury,UPI,USA,New York,15,0,NORMAL,0
4619.31,Electronics,Debit Card,India,Mumbai,15,0,NORMAL,0
2979.48,Luxury,Wallet,Germany,Berlin,15,0,NORMAL,0
103.41,Retail,UPI,India,Bangalore,15,0,NORMAL,0
324.24,Electronics,Wallet,USA,Chicago,15,0,NORMAL,0
1416.95,Electronics,Wallet,USA,New York,15,0,NORMAL,0
31.31,Transportation,Net Banking,Canada,Toronto,15,0,NORMAL,0
107.06,Transportation,Debit Card,India,Mumbai,15,0,NORMAL,0
64.97,Pharmacy,Wallet,USA,New York,15,0,NORMAL,0
136.71,Pharmacy,Debit Card,Germany,Berlin,15,0,NORMAL,0
486.77,Travel,Net Banking,UK,London,15,0,NORMAL,0
50.36,Transportation,Wallet,USA,New York,15,0,NORMAL,0
2527.69,Travel,Debit Card,Canada,Toronto,15,0,NORMAL,0
7553.38,Electronics,Credit Card,Russia,Moscow,15,0,FRAUD,1
8667.47,Luxury,Credit Card,Russia,Moscow,15,0,FRAUD,1
100.43,Retail,Wallet,USA,Chicago,15,0,NORMAL,0
28.84,Gaming,Wallet,Germany,Berlin,15,0,NORMAL,0
16.0,Food,Credit Card,USA,Chicago,15,0,NORMAL,0
62.2,Pharmacy,UPI,UK,London,15,0,NORMAL,0
2238.91,Travel,Debit Card,Canada,Toronto,15,0,NORMAL,0
113.34,Gaming,Net Banking,Germany,Berlin,15,0,NORMAL,0
1232.69,Travel,UPI,Germany,Berlin,15,0,NORMAL,0
51.21,Gaming,Net Banking,India,Mumbai,15,0,NORMAL,0
198.7,Gaming,Debit Card,USA,New York,15,0,NORMAL,0
194.95,Pharmacy,Net Banking,USA,Chicago,15,0,NORMAL,0
24.25,Gaming,Net Banking,USA,New York,15,0,NORMAL,0
64.18,Transportation,Wallet,Germany,Berlin,15,0,NORMAL,0
23.05,Fuel,Credit Card,UK,London,15,0,NORMAL,0
4020.38,Luxury,Net Banking,USA,New York,15,0,NORMAL,0
1079.06,Travel,Net Banking,USA,Chicago,15,0,NORMAL,0
2148.56,Electronics,Debit Card,India,Mumbai,15,0,NORMAL,0
2294.49,Electronics,UPI,USA,New York,15,0,NORMAL,0
2243.76,Travel,UPI,UK,London,15,0,NORMAL,0
112.49,Transportation,Net Banking,Germany,Berlin,15,0,NORMAL,0
25.46,Gaming,UPI,USA,Chicago,15,0,NORMAL,0
2269.04,Travel,Net Banking,Germany,Berlin,15,0,NORMAL,0
2030.32,Travel,Net Banking,UK,London,15,0,NORMAL,0
80.86,Transportation,Wallet,Singapore,Singapore,15,0,NORMAL,0
9.37,Transportation,Debit Card,Germany,Berlin,15,0,NORMAL,0
40.61,Food,Wallet,USA,Chicago,15,0,NORMAL,0
219.06,Retail,UPI,Canada,Toronto,15,0,NORMAL,0
68.75,Food,UPI,UK,London,15,0,NORMAL,0
34.67,Retail,UPI,India,Bangalore,15,0,NORMAL,0
128.82,Fuel,Net Banking,Germany,Berlin,15,0,NORMAL,0
6516.99,Luxury,Credit Card,North Korea,Pyongyang,15,0,FRAUD,1
4722.52,Luxury,Credit Card,Iran,Tehran,15,0,FRAUD,1
42.05,Pharmacy,Debit Card,Germany,Berlin,15,0,NORMAL,0
2731.95,Electronics,UPI,Singapore,Singapore,15,0,NORMAL,0
2425.04,Luxury,Credit Card,Canada,Toronto,15,0,SUSPICIOUS,0
8304.16,Luxury,Credit Card,North Korea,Pyongyang,15,0,FRAUD,1
3963.08,Electronics,Credit Card,Russia,Moscow,15,0,FRAUD,1
113.71,Fuel,UPI,India,Bangalore,15,0,NORMAL,0
391.98,Retail,Wallet,USA,New York,15,0,NORMAL,0
3603.78,Electronics,Credit Card,Germany,Berlin,15,0,NORMAL,0
40.88,Fuel,UPI,Singapore,Singapore,15,0,NORMAL,0
93.61,Transportation,Debit Card,Singapore,Singapore,15,0,NORMAL,0
5851.78,Electronics,Credit Card,Iran,Tehran,15,0,FRAUD,1
4447.79,Electronics,Wallet,USA,New York,15,0,SUSPICIOUS,0
176.61,Gaming,Debit Card,Canada,Toronto,15,0,NORMAL,0
1464.71,Electronics,Debit Card,USA,New York,15,0,NORMAL,0
163.96,Gaming,Net Banking,Germany,Berlin,15,0,NORMAL,0
1274.21,Electronics,Net Banking,Canada,Toronto,15,0,NORMAL,0
59.45,Transportation,Wallet,Canada,Toronto,15,0,NORMAL,0
2400.67,Travel,Wallet,India,Bangalore,15,0,NORMAL,0
3174.67,Electronics,Credit Card,India,Mumbai,15,0,SUSPICIOUS,0
2981.7,Travel,UPI,Canada,Toronto,15,0,NORMAL,0
297.35,Retail,Net Banking,Singapore,Singapore,15,0,NORMAL,0
38.94,Fuel,Debit Card,Singapore,Singapore,15,0,NORMAL,0
2028.98,Electronics,Net Banking,USA,New York,15,0,NORMAL,0
47.54,Food,Net Banking,UK,London,15,0,NORMAL,0
3677.06,Luxury,Credit Card,Russia,Moscow,15,0,FRAUD,1
88.56,Transportation,Debit Card,USA,New York,15,0,NORMAL,0
77.7,Food,Net Banking,Singapore,Singapore,15,0,NORMAL,0
4398.02,Electronics,UPI,USA,New York,15,0,SUSPICIOUS,0
196.69,Retail,UPI,Singapore,Singapore,15,0,NORMAL,0
231.69,Retail,UPI,India,Mumbai,15,0,NORMAL,0
6815.38,Luxury,Credit Card,USA,Chicago,15,0,NORMAL,0
130.55,Pharmacy,Wallet,USA,Chicago,15,0,NORMAL,0
5526.83,Luxury,Credit Card,Iran,Tehran,15,0,FRAUD,1
133.17,Pharmacy,Wallet,Canada,Toronto,15,0,NORMAL,0
69.86,Gaming,Net Banking,USA,New York,15,0,NORMAL,0
32.7,Fuel,Debit Card,USA,Chicago,15,0,NORMAL,0
36.23,Retail,Debit Card,India,Mumbai,15,0,NORMAL,0
26.8,Pharmacy,UPI,UK,London,15,0,NORMAL,0
2670.32,Travel,Credit Card,Germany,Berlin,15,0,NORMAL,0
21.6,Food,Debit Card,Singapore,Singapore,15,0,NORMAL,0
97.87,Retail,Net Banking,Singapore,Singapore,15,0,NORMAL,0
118.75,Gaming,Debit Card,Canada,Toronto,15,0,NORMAL,0
83.62,Fuel,Debit Card,USA,Chicago,15,0,NORMAL,0
3712.04,Travel,Credit Card,Canada,Toronto,15,0,SUSPICIOUS,0
17.25,Transportation,Net Banking,USA,New York,15,0,NORMAL,0
5871.28,Luxury,Credit Card,Russia,Moscow,15,0,FRAUD,1
1760.9,Luxury,Net Banking,Germany,Berlin,15,0,SUSPICIOUS,0
1292.59,Electronics,Credit Card,India,Mumbai,15,0,NORMAL,0
395.46,Retail,Debit Card,UK,London,15,0,NORMAL,0
3609.15,Luxury,Debit Card,Germany,Berlin,15,0,NORMAL,0
62.3,Retail,Net Banking,India,Mumbai,15,0,NORMAL,0
4306.95,Electronics,Net Banking,India,Mumbai,15,0,SUSPICIOUS,0
6773.54,Electronics,Credit Card,Iran,Tehran,15,0,FRAUD,1
192.83,Travel,Net Banking,Canada,Toronto,15,0,NORMAL,0
49.09,Transportation,Debit Card,UK,London,15,0,NORMAL,0
709.05,Travel,UPI,USA,Chicago,15,0,NORMAL,0
42.76,Food,Net Banking,USA,Chicago,15,0,NORMAL,0
212.17,Pharmacy,Wallet,Canada,Toronto,15,0,NORMAL,0
6590.52,Luxury,Wallet,USA,Chicago,15,0,NORMAL,0
190.37,Pharmacy,Net Banking,India,Bangalore,15,0,NORMAL,0
2749.58,Luxury,Debit Card,Canada,Toronto,15,0,NORMAL,0
2024.37,Electronics,Debit Card,Singapore,Singapore,15,0,NORMAL,0
429.11,Retail,Net Banking,India,Bangalore,15,0,NORMAL,0
83.87,Transportation,UPI,India,Bangalore,15,0,NORMAL,0
2643.02,Electronics,Debit Card,Germany,Berlin,15,0,NORMAL,0
20.93,Pharmacy,Wallet,Singapore,Singapore,15,0,NORMAL,0
36.39,Transportation,Credit Card,Germany,Berlin,15,0,NORMAL,0
2366.01,Electronics,Credit Card,USA,New York,15,0,SUSPICIOUS,0
8068.77,Luxury,Credit Card,Iran,Tehran,15,0,FRAUD,1
75.6,Food,Net Banking,India,Bangalore,15,0,NORMAL,0
191.9,Pharmacy,Debit Card,Germany,Berlin,15,0,NORMAL,0
3925.87,Electronics,Credit Card,Russia,Moscow,15,0,FRAUD,1
225.91,Pharmacy,Net Banking,India,Bangalore,15,0,NORMAL,0
1680.33,Luxury,Net Banking,UK,London,15,0,NORMAL,0
1862.31,Travel,Credit Card,Singapore,Singapore,15,0,NORMAL,0
2205.12,Travel,Wallet,India,Mumbai,15,0,NORMAL,0
74.59,Transportation,Wallet,USA,Chicago,15,0,NORMAL,0
98.13,Fuel,Debit Card,India,Bangalore,15,0,NORMAL,0
489.9,Travel,Debit Card,Singapore,Singapore,15,0,NORMAL,0
4436.63,Electronics,Net Banking,USA,New York,15,0,SUSPICIOUS,0
104.98,Transportation,UPI,UK,London,15,0,NORMAL,0
774.97,Travel,Debit Card,India,Mumbai,15,0,NORMAL,0
60.77,Fuel,UPI,USA,Chicago,15,0,NORMAL,0
23.76,Gaming,Credit Card,USA,Chicago,15,0,NORMAL,0
1322.72,Travel,Debit Card,Canada,Toronto,15,0,NORMAL,0
165.34,Retail,Net Banking,India,Bangalore,15,0,NORMAL,0
3068.88,Electronics,UPI,USA,New York,15,0,NORMAL,0
94.37,Pharmacy,Credit Card,Germany,Berlin,15,0,NORMAL,0
173.74,Travel,UPI,USA,New York,15,0,NORMAL,0
3414.89,Travel,UPI,India,Mumbai,15,0,SUSPICIOUS,0
122.53,Pharmacy,Credit Card,India,Mumbai,15,0,NORMAL,0
2923.3,Electronics,Net Banking,Singapore,Singapore,15,0,SUSPICIOUS,0
225.76,Pharmacy,Net Banking,Germany,Berlin,15,0,NORMAL,0
62.56,Food,UPI,India,Mumbai,15,0,NORMAL,0
233.76,Retail,Credit Card,India,Bangalore,15,0,NORMAL,0
89.13,Pharmacy,Debit Card,Germany,Berlin,15,0,NORMAL,0
1946.75,Electronics,Net Banking,Germany,Berlin,15,0,NORMAL,0
126.99,Pharmacy,Credit Card,Germany,Berlin,15,0,NORMAL,0
223.02,Pharmacy,Debit Card,USA,New York,15,0,NORMAL,0
28.84,Food,Debit Card,UK,London,15,0,NORMAL,0
3466.54,Travel,Wallet,Singapore,Singapore,15,0,SUSPICIOUS,0
2884.44,Travel,Debit Card,USA,Chicago,15,0,NORMAL,0
58.41,Food,UPI,Germany,Berlin,15,0,NORMAL,0
4512.65,Luxury,Credit Card,North Korea,Pyongyang,15,0,FRAUD,1
3031.38,Electronics,UPI,UK,London,15,0,SUSPICIOUS,0
3899.11,Luxury,Wallet,India,Mumbai,15,0,NORMAL,0
6900.66,Luxury,UPI,Germany,Berlin,15,0,NORMAL,0
2616.27,Travel,Credit Card,USA,New York,15,0,NORMAL,0
174.8,Retail,Debit Card,Singapore,Singapore,15,0,NORMAL,0
2971.97,Travel,UPI,India,Bangalore,15,0,NORMAL,0
1141.34,Electronics,UPI,Singapore,Singapore,15,0,NORMAL,0
55.76,Retail,Debit Card,India,Bangalore,15,0,NORMAL,0
22.36,Food,UPI,Singapore,Singapore,15,0,NORMAL,0
8512.12,Luxury,Credit Card,Iran,Tehran,15,0,FRAUD,1
235.6,Retail,Wallet,India,Bangalore,15,0,NORMAL,0
271.31,Retail,Credit Card,UK,London,15,0,NORMAL,0
47.56,Pharmacy,Net Banking,India,Bangalore,15,0,NORMAL,0
4399.01,Luxury,Credit Card,Iran,Tehran,15,0,FRAUD,1
4131.8,Electronics,UPI,USA,New York,15,0,NORMAL,0
52.84,Transportation,UPI,Singapore,Singapore,15,0,NORMAL,0
3325.51,Luxury,UPI,Singapore,Singapore,15,0,NORMAL,0
2467.47,Travel,UPI,USA,New York,15,0,NORMAL,0
131.3,Retail,Debit Card,Canada,Toronto,15,0,NORMAL,0
1732.34,Electronics,Wallet,India,Bangalore,15,0,NORMAL,0
331.64,Retail,Debit Card,UK,London,15,0,NORMAL,0
57.83,Food,Credit Card,India,Mumbai,15,0,NORMAL,0
28.68,Food,Credit Card,Germany,Berlin,15,0,NORMAL,0
781.49,Travel,Debit Card,UK,London,15,0,NORMAL,0
168.01,Retail,Net Banking,USA,Chicago,15,0,NORMAL,0
947.73,Electronics,Debit Card,USA,Chicago,15,0,NORMAL,0
4081.04,Electronics,Debit Card,UK,London,15,0,SUSPICIOUS,0
2178.05,Electronics,Credit Card,India,Bangalore,15,0,NORMAL,0
139.23,Gaming,Credit Card,Canada,Toronto,15,0,NORMAL,0
86.24,Gaming,Credit Card,Germany,Berlin,15,0,NORMAL,0
78.97,Transportation,UPI,Singapore,Singapore,15,0,NORMAL,0
27.7,Gaming,Wallet,India,Bangalore,15,0,NORMAL,0
50.41,Food,Debit Card,USA,Chicago,15,0,NORMAL,0
2310.17,Travel,Net Banking,Singapore,Singapore,15,0,NORMAL,0
30.19,Food,Debit Card,Canada,Toronto,15,0,NORMAL,0
2428.79,Luxury,Credit Card,India,Bangalore,15,0,NORMAL,0
995.34,Electronics,Wallet,Singapore,Singapore,15,0,NORMAL,0
6455.56,Luxury,Net Banking,Singapore,Singapore,15,0,NORMAL,0
171.33,Pharmacy,Debit Card,India,Bangalore,15,0,NORMAL,0
26.15,Gaming,Credit Card,USA,Chicago,15,0,NORMAL,0
412.13,Electronics,Net Banking,USA,New York,15,0,NORMAL,0
60.56,Transportation,UPI,Singapore,Singapore,15,0,NORMAL,0
82.38,Fuel,Credit Card,Germany,Berlin,15,0,NORMAL,0
496.06,Travel,UPI,Canada,Toronto,15,0,NORMAL,0
314.93,Retail,UPI,India,Mumbai,15,0,NORMAL,0
5562.93,Luxury,Credit Card,Russia,Moscow,15,0,FRAUD,1
58.92,Food,Net Banking,Canada,Toronto,15,0,NORMAL,0
150.93,Retail,Wallet,USA,New York,15,0,NORMAL,0
4158.92,Electronics,Credit Card,Germany,Berlin,15,0,SUSPICIOUS,0
40.05,Food,UPI,India,Bangalore,15,0,NORMAL,0
107.04,Transportation,Credit Card,Canada,Toronto,15,0,NORMAL,0
14.29,Transportation,Net Banking,India,Mumbai,15,0,NORMAL,0
134.5,Retail,Credit Card,USA,New York,15,0,NORMAL,0
492.34,Retail,Debit Card,USA,New York,15,0,NORMAL,0
2996.63,Travel,Wallet,India,Bangalore,15,0,NORMAL,0
2944.74,Electronics,Wallet,USA,New York,15,0,SUSPICIOUS,0
1258.25,Travel,Net Banking,Singapore,Singapore,15,0,NORMAL,0
46.66,Food,UPI,Singapore,Singapore,15,0,NORMAL,0
1566.37,Travel,Debit Card,Germany,Berlin,15,0,NORMAL,0
4691.64,Electronics,Credit Card,Iran,Tehran,15,0,FRAUD,1
39.71,Food,Credit Card,UK,London,15,0,NORMAL,0
1871.24,Travel,Debit Card,UK,London,15,0,NORMAL,0
6146.28,Luxury,Credit Card,USA,New York,15,0,NORMAL,0
178.56,Gaming,Net Banking,India,Mumbai,15,0,NORMAL,0
84.87,Gaming,Debit Card,USA,New York,15,0,NORMAL,0
32.31,Gaming,Debit Card,USA,New York,15,0,NORMAL,0
499.63,Retail,Credit Card,India,Mumbai,15,0,NORMAL,0
5525.66,Luxury,Credit Card,Iran,Tehran,15,0,FRAUD,1
984.86,Electronics,Wallet,India,Mumbai,15,0,NORMAL,0
112.68,Pharmacy,Debit Card,India,Bangalore,15,0,NORMAL,0
19.37,Transportation,Credit Card,UK,London,15,0,NORMAL,0
126.54,Gaming,Debit Card,UK,London,15,0,NORMAL,0
34.95,Gaming,UPI,Canada,Toronto,15,0,NORMAL,0
7279.15,Electronics,Credit Card,North Korea,Pyongyang,15,0,FRAUD,1
72.95,Transportation,UPI,UK,London,15,0,NORMAL,0
77.6,Transportation,Credit Card,USA,New York,15,0,NORMAL,0
7.74,Food,Credit Card,USA,Chicago,15,0,NORMAL,0
23.75,Pharmacy,Wallet,India,Bangalore,15,0,NORMAL,0
3841.01,Electronics,Credit Card,Singapore,Singapore,15,0,NORMAL,0
1292.6,Electronics,Net Banking,Singapore,Singapore,15,0,NORMAL,0
2808.06,Electronics,Wallet,India,Bangalore,15,0,SUSPICIOUS,0
2224.99,Luxury,Net Banking,India,Bangalore,15,0,NORMAL,0
1690.32,Electronics,UPI,USA,New York,15,0,NORMAL,0
8993.72,Luxury,Credit Card,Russia,Moscow,15,0,FRAUD,1
31.13,Food,Credit Card,USA,New York,15,0,NORMAL,0
3641.49,Electronics,Wallet,India,Bangalore,15,0,SUSPICIOUS,0
242.7,Pharmacy,UPI,Singapore,Singapore,15,0,NORMAL,0
74.89,Transportation,Wallet,Germany,Berlin,15,0,NORMAL,0
335.1,Retail,Credit Card,USA,Chicago,15,0,NORMAL,0
36.75,Fuel,Net Banking,UK,London,15,0,NORMAL,0
1541.91,Travel,Credit Card,India,Bangalore,15,0,NORMAL,0
247.62,Retail,Wallet,Germany,Berlin,15,0,NORMAL,0
5996.09,Luxury,Credit Card,North Korea,Pyongyang,15,0,FRAUD,1
123.76,Gaming,Wallet,USA,Chicago,15,0,NORMAL,0
68.42,Transportation,Net Banking,USA,New York,15,0,NORMAL,0
48.13,Food,Debit Card,India,Bangalore,15,0,NORMAL,0
59.16,Transportation,Net Banking,India,Bangalore,15,0,NORMAL,0
22.06,Pharmacy,Credit Card,Canada,Toronto,15,0,NORMAL,0
3291.0,Luxury,Debit Card,Singapore,Singapore,15,0,NORMAL,0
4917.46,Luxury,Credit Card,Russia,Moscow,15,0,FRAUD,1
24.36,Fuel,UPI,USA,New York,15,0,NORMAL,0
3305.2,Luxury,Credit Card,UK,London,15,0,NORMAL,0
64.94,Food,Net Banking,Singapore,Singapore,15,0,NORMAL,0
64.94,Transportation,UPI,UK,London,15,0,NORMAL,0
8608.3,Electronics,Credit Card,Russia,Moscow,15,0,FRAUD,1
335.07,Electronics,Wallet,Germany,Berlin,15,0,NORMAL,0
6140.73,Luxury,Debit Card,Germany,Berlin,15,0,NORMAL,0
2810.93,Luxury,Debit Card,India,Bangalore,15,0,NORMAL,0
133.15,Retail,UPI,USA,New York,15,0,NORMAL,0
2908.7,Travel,Net Banking,Canada,Toronto,15,0,NORMAL,0
2840.58,Luxury,Debit Card,India,Bangalore,15,0,NORMAL,0
81.51,Pharmacy,Credit Card,UK,London,15,0,NORMAL,0
5529.12,Luxury,Credit Card,Iran,Tehran,15,0,FRAUD,1
3942.41,Electronics,Credit Card,North Korea,Pyongyang,15,0,FRAUD,1
101.89,Retail,UPI,UK,London,15,0,NORMAL,0
2137.87,Travel,Net Banking,India,Bangalore,15,0,NORMAL,0
117.62,Pharmacy,Debit Card,India,Mumbai,15,0,NORMAL,0
124.05,Gaming,Wallet,Singapore,Singapore,15,0,NORMAL,0
1807.76,Electronics,Debit Card,Singapore,Singapore,15,0,NORMAL,0
2967.23,Electronics,Debit Card,India,Bangalore,15,0,NORMAL,0
2552.1,Electronics,Net Banking,USA,New York,15,0,NORMAL,0
4602.24,Luxury,Debit Card,India,Mumbai,15,0,NORMAL,0
3880.1,Electronics,UPI,USA,Chicago,15,0,SUSPICIOUS,0
6689.79,Luxury,Credit Card,Russia,Moscow,15,0,FRAUD,1
736.84,Travel,Credit Card,Singapore,Singapore,15,0,NORMAL,0
8223.79,Electronics,Credit Card,Iran,Tehran,15,0,FRAUD,1
66.54,Food,Credit Card,USA,Chicago,15,0,NORMAL,0
374.45,Retail,Wallet,India,Mumbai,15,0,NORMAL,0
4587.03,Luxury,Credit Card,Russia,Moscow,15,0,FRAUD,1
8601.93,Electronics,Credit Card,Russia,Moscow,15,0,FRAUD,1
1058.96,Luxury,Wallet,USA,New York,15,0,NORMAL,0
2119.59,Electronics,UPI,Canada,Toronto,15,0,SUSPICIOUS,0
3606.14,Electronics,Net Banking,India,Bangalore,15,0,NORMAL,0
211.15,Retail,Net Banking,Canada,Toronto,15,0,NORMAL,0
3430.07,Electronics,UPI,USA,Chicago,15,0,NORMAL,0
488.18,Retail,Wallet,Singapore,Singapore,15,0,NORMAL,0
431.65,Retail,Wallet,USA,New York,15,0,NORMAL,0
3726.12,Electronics,Net Banking,UK,London,15,0,SUSPICIOUS,0
2922.33,Travel,Credit Card,USA,New York,15,0,NORMAL,0
8971.0,Electronics,Credit Card,Russia,Moscow,15,0,FRAUD,1
80.22,Fuel,Wallet,UK,London,15,0,NORMAL,0
20.83,Retail,Credit Card,India,Mumbai,15,0,NORMAL,0
92.04,Gaming,Net Banking,India,Mumbai,15,0,NORMAL,0
1513.6,Travel,Wallet,USA,Chicago,15,0,SUSPICIOUS,0
6306.8,Luxury,Net Banking,India,Mumbai,15,0,NORMAL,0
107.4,Gaming,Net Banking,India,Bangalore,15,0,NORMAL,0
30.31,Transportation,UPI,India,Mumbai,15,0,NORMAL,0
3528.08,Electronics,Credit Card,USA,New York,15,0,SUSPICIOUS,0
70.48,Food,Wallet,Canada,Toronto,15,0,NORMAL,0
249.42,Retail,Debit Card,Germany,Berlin,15,0,NORMAL,0
7811.53,Luxury,Net Banking,UK,London,15,0,NORMAL,0
305.29,Electronics,Credit Card,Canada,Toronto,15,0,NORMAL,0
1511.78,Luxury,Wallet,Canada,Toronto,15,0,NORMAL,0
1778.62,Luxury,UPI,India,Mumbai,15,0,SUSPICIOUS,0
4760.86,Electronics,Credit Card,Russia,Moscow,15,0,FRAUD,1
273.8,Retail,Credit Card,India,Bangalore,15,0,NORMAL,0
455.11,Retail,Credit Card,UK,London,15,0,NORMAL,0
100.63,Retail,UPI,USA,New York,15,0,NORMAL,0
78.27,Fuel,Credit Card,India,Bangalore,15,0,NORMAL,0
3632.06,Electronics,Credit Card,Canada,Toronto,15,0,SUSPICIOUS,0
26.65,Transportation,UPI,USA,Chicago,15,0,NORMAL,0
57.04,Food,Wallet,USA,New York,15,0,NORMAL,0
135.02,Pharmacy,Credit Card,USA,New York,15,0,NORMAL,0
2153.61,Travel,Net Banking,UK,London,15,0,NORMAL,0
2696.45,Electronics,Debit Card,India,Mumbai,15,0,NORMAL,0
68.41,Fuel,Net Banking,USA,Chicago,15,0,NORMAL,0
65.32,Fuel,Wallet,Singapore,Singapore,15,0,NORMAL,0
5717.3,Electronics,Credit Card,North Korea,Pyongyang,15,0,FRAUD,1
142.09,Fuel,Debit Card,Canada,Toronto,15,0,NORMAL,0
129.07,Gaming,Debit Card,India,Mumbai,15,0,NORMAL,0
24.25,Transportation,UPI,India,Bangalore,15,0,NORMAL,0
4830.85,Electronics,Credit Card,Russia,Moscow,15,0,FRAUD,1
73.14,Food,Wallet,UK,London,15,0,NORMAL,0
27.84,Fuel,Net Banking,Canada,Toronto,15,0,NORMAL,0
10.42,Gaming,Debit Card,Singapore,Singapore,15,0,NORMAL,0
11.15,Food,Wallet,USA,Chicago,15,0,NORMAL,0
39.2,Food,Debit Card,USA,New York,15,0,NORMAL,0
1632.16,Electronics,Debit Card,India,Mumbai,15,0,NORMAL,0
353.46,Retail,Net Banking,Germany,Berlin,15,0,NORMAL,0
2143.37,Electronics,UPI,Canada,Toronto,15,0,NORMAL,0
84.16,Transportation,Wallet,Singapore,Singapore,15,0,NORMAL,0
225.91,Retail,Debit Card,USA,Chicago,15,0,NORMAL,0
5073.4,Electronics,Credit Card,North Korea,Pyongyang,15,0,FRAUD,1
1652.55,Luxury,Net Banking,Singapore,Singapore,15,0,SUSPICIOUS,0
81.78,Pharmacy,Net Banking,USA,New York,15,0,NORMAL,0
1807.06,Travel,Wallet,Germany,Berlin,15,0,NORMAL,0
406.26,Travel,Credit Card,Germany,Berlin,15,0,NORMAL,0
160.2,Gaming,Debit Card,Singapore,Singapore,15,0,NORMAL,0
39.72,Pharmacy,Credit Card,India,Bangalore,15,0,NORMAL,0
304.91,Retail,Debit Card,Singapore,Singapore,15,0,NORMAL,0
3662.63,Luxury,Debit Card,USA,New York,15,0,SUSPICIOUS,0
51.56,Gaming,UPI,India,Mumbai,15,0,NORMAL,0
764.77,Electronics,Wallet,USA,New York,15,0,NORMAL,0
4370.93,Travel,UPI,India,Mumbai,15,0,SUSPICIOUS,0
166.51,Retail,Wallet,Germany,Berlin,15,0,NORMAL,0
45.9,Transportation,Net Banking,Germany,Berlin,15,0,NORMAL,0
246.25,Travel,Wallet,Singapore,Singapore,15,0,NORMAL,0
29.21,Pharmacy,Debit Card,India,Mumbai,15,0,NORMAL,0
87.21,Pharmacy,Credit Card,Canada,Toronto,15,0,NORMAL,0
309.9,Retail,Debit Card,UK,London,15,0,NORMAL,0
63.17,Retail,Wallet,Singapore,Singapore,15,0,NORMAL,0
243.13,Retail,Debit Card,USA,New York,15,0,NORMAL,0
973.83,Travel,UPI,USA,Chicago,15,0,NORMAL,0
934.74,Travel,Credit Card,Germany,Berlin,15,0,NORMAL,0
2558.69,Electronics,Debit Card,India,Bangalore,15,0,NORMAL,0
6450.41,Luxury,Debit Card,USA,Chicago,15,0,NORMAL,0
5155.42,Luxury,Credit Card,Iran,Tehran,15,0,FRAUD,1
2135.32,Luxury,UPI,USA,New York,15,0,NORMAL,0
3235.11,Electronics,Debit Card,Germany,Berlin,15,0,NORMAL,0
1029.12,Electronics,UPI,Singapore,Singapore,15,0,NORMAL,0
26.03,Retail,Net Banking,India,Bangalore,15,0,NORMAL,0
58.62,Transportation,Debit Card,India,Bangalore,15,0,NORMAL,0
51.43,Transportation,Wallet,Singapore,Singapore,15,0,NORMAL,0
67.42,Fuel,Wallet,Canada,Toronto,15,0,NORMAL,0
163.14,Pharmacy,Net Banking,India,Mumbai,15,0,NORMAL,0
3187.59,Electronics,Net Banking,USA,Chicago,15,0,NORMAL,0
5338.22,Luxury,Credit Card,Russia,Moscow,15,0,FRAUD,1
139.56,Fuel,Wallet,UK,London,15,0,NORMAL,0
21.58,Food,Debit Card,USA,Chicago,15,0,NORMAL,0
4706.12,Electronics,Debit Card,Germany,Berlin,15,0,NORMAL,0
4630.77,Electronics,Wallet,Canada,Toronto,15,0,NORMAL,0
79.69,Food,Debit Card,India,Mumbai,15,0,NORMAL,0
135.39,Retail,Debit Card,Singapore,Singapore,15,0,NORMAL,0
8893.9,Luxury,Credit Card,Russia,Moscow,15,0,FRAUD,1
66.91,Food,Credit Card,Singapore,Singapore,15,0,NORMAL,0
112.77,Pharmacy,UPI,USA,Chicago,15,0,NORMAL,0
471.37,Retail,Wallet,India,Bangalore,15,0,NORMAL,0
1116.24,Electronics,Wallet,India,Mumbai,15,0,NORMAL,0
117.01,Fuel,Wallet,India,Mumbai,15,0,NORMAL,0
1791.58,Electronics,Wallet,Canada,Toronto,15,0,NORMAL,0
66.31,Food,UPI,Canada,Toronto,15,0,NORMAL,0
8322.28,Luxury,Credit Card,North Korea,Pyongyang,15,0,FRAUD,1
3113.39,Electronics,Credit Card,UK,London,15,0,SUSPICIOUS,0
541.23,Electronics,Wallet,UK,London,15,0,NORMAL,0
1828.29,Travel,UPI,Canada,Toronto,15,0,NORMAL,0
2233.48,Travel,UPI,USA,New York,15,0,NORMAL,0
42.17,Transportation,Credit Card,USA,Chicago,15,0,NORMAL,0
2782.19,Travel,UPI,Canada,Toronto,15,0,NORMAL,0
16.46,Food,Debit Card,Germany,Berlin,15,0,NORMAL,0
250.11,Travel,Net Banking,Germany,Berlin,15,0,NORMAL,0
6353.5,Electronics,Credit Card,North Korea,Pyongyang,15,0,FRAUD,1
428.18,Retail,Debit Card,India,Mumbai,15,0,NORMAL,0
7046.66,Luxury,Wallet,Singapore,Singapore,15,0,NORMAL,0
3667.93,Electronics,Net Banking,UK,London,15,0,NORMAL,0
141.65,Gaming,Debit Card,Canada,Toronto,15,0,NORMAL,0
4086.87,Luxury,Wallet,USA,New York,15,0,SUSPICIOUS,0
1665.74,Travel,Net Banking,Canada,Toronto,15,0,SUSPICIOUS,0
7289.0,Luxury,Credit Card,North Korea,Pyongyang,15,0,FRAUD,1
3729.67,Electronics,UPI,India,Bangalore,15,0,SUSPICIOUS,0
7661.69,Luxury,Credit Card,Iran,Tehran,15,0,FRAUD,1
110.78,Fuel,Net Banking,Germany,Berlin,15,0,NORMAL,0
73.18,Food,UPI,Canada,Toronto,15,0,NORMAL,0
2786.01,Travel,Wallet,Singapore,Singapore,15,0,SUSPICIOUS,0
123.74,Pharmacy,Credit Card,USA,Chicago,15,0,NORMAL,0
40.11,Fuel,UPI,USA,Chicago,15,0,NORMAL,0
2964.09,Electronics,Net Banking,Singapore,Singapore,15,0,SUSPICIOUS,0
4657.86,Electronics,Credit Card,Canada,Toronto,15,0,NORMAL,0
355.08,Travel,Credit Card,USA,Chicago,15,0,NORMAL,0
7513.29,Luxury,Credit Card,North Korea,Pyongyang,15,0,FRAUD,1
2743.81,Travel,Net Banking,India,Mumbai,15,0,NORMAL,0
76.68,Transportation,Credit Card,India,Mumbai,15,0,NORMAL,0
198.35,Gaming,Wallet,Singapore,Singapore,15,0,NORMAL,0
3464.67,Travel,Net Banking,USA,New York,15,0,SUSPICIOUS,0
1500.76,Travel,Debit Card,Canada,Toronto,15,0,SUSPICIOUS,0
4092.67,Luxury,Debit Card,Canada,Toronto,15,0,NORMAL,0
174.89,Pharmacy,Credit Card,Singapore,Singapore,15,0,NORMAL,0
2577.06,Electronics,Debit Card,USA,New York,15,0,NORMAL,0
1952.37,Travel,Debit Card,Germany,Berlin,15,0,NORMAL,0
423.9,Travel,Debit Card,India,Mumbai,15,0,NORMAL,0
6674.18,Luxury,Credit Card,Russia,Moscow,15,0,FRAUD,1
327.54,Retail,Debit Card,India,Mumbai,15,0,NORMAL,0
4993.87,Luxury,Credit Card,Canada,Toronto,15,0,NORMAL,0
56.82,Pharmacy,Debit Card,India,Mumbai,15,0,NORMAL,0
215.28,Pharmacy,Net Banking,Canada,Toronto,15,0,NORMAL,0
5.62,Food,Debit Card,India,Bangalore,15,0,NORMAL,0
6832.52,Luxury,Credit Card,Iran,Tehran,15,0,FRAUD,1
3720.44,Luxury,Net Banking,Canada,Toronto,15,0,NORMAL,0
4218.06,Electronics,Wallet,India,Bangalore,15,0,SUSPICIOUS,0
38.2,Transportation,Credit Card,Singapore,Singapore,15,0,NORMAL,0
197.81,Retail,UPI,USA,New York,15,0,NORMAL,0
24.89,Transportation,Net Banking,USA,Chicago,15,0,NORMAL,0
3641.05,Luxury,Net Banking,Germany,Berlin,15,0,NORMAL,0
3487.3,Electronics,Net Banking,USA,Chicago,15,0,SUSPICIOUS,0
3972.47,Electronics,UPI,USA,New York,15,0,NORMAL,0
5645.36,Luxury,Credit Card,North Korea,Pyongyang,15,0,FRAUD,1
75.81,Fuel,Wallet,India,Bangalore,15,0,NORMAL,0
120.72,Fuel,Debit Card,India,Bangalore,15,0,NORMAL,0
7509.12,Electronics,Credit Card,Russia,Moscow,15,0,FRAUD,1
2742.26,Electronics,Credit Card,USA,Chicago,15,0,NORMAL,0
197.41,Pharmacy,Net Banking,USA,New York,15,0,NORMAL,0
548.11,Travel,Wallet,USA,Chicago,15,0,NORMAL,0
108.08,Transportation,Debit Card,India,Bangalore,15,0,NORMAL,0
13.54,Food,UPI,India,Mumbai,15,0,NORMAL,0
2941.94,Luxury,UPI,India,Bangalore,15,0,SUSPICIOUS,0
7868.65,Luxury,Debit Card,Germany,Berlin,15,0,NORMAL,0
3262.03,Travel,Net Banking,UK,London,15,0,SUSPICIOUS,0
88.24,Pharmacy,Debit Card,India,Bangalore,15,0,NORMAL,0
2450.71,Travel,UPI,USA,New York,15,0,NORMAL,0
3879.22,Electronics,UPI,UK,London,15,0,SUSPICIOUS,0
4407.46,Luxury,Credit Card,North Korea,Pyongyang,15,0,FRAUD,1
23.46,Pharmacy,UPI,India,Bangalore,15,0,NORMAL,0
25.15,Transportation,Credit Card,UK,London,15,0,NORMAL,0
6646.89,Luxury,Credit Card,North Korea,Pyongyang,15,0,FRAUD,1
4308.32,Travel,Net Banking,USA,Chicago,15,0,SUSPICIOUS,0
70.01,Gaming,Debit Card,USA,New York,15,0,NORMAL,0
69.65,Food,Credit Card,India,Bangalore,15,0,NORMAL,0
43.93,Food,Debit Card,India,Mumbai,15,0,NORMAL,0
196.49,Gaming,Debit Card,Germany,Berlin,15,0,NORMAL,0
4492.48,Electronics,Wallet,India,Mumbai,15,0,SUSPICIOUS,0
139.27,Gaming,UPI,USA,Chicago,15,0,NORMAL,0
413.25,Retail,Credit Card,India,Bangalore,15,0,NORMAL,0
123.78,Gaming,Debit Card,UK,London,15,0,NORMAL,0
7778.0,Electronics,Credit Card,North Korea,Pyongyang,15,0,FRAUD,1
188.59,Pharmacy,Debit Card,UK,London,15,0,NORMAL,0
60.74,Gaming,Net Banking,Germany,Berlin,15,0,NORMAL,0
117.73,Transportation,Wallet,India,Mumbai,15,0,NORMAL,0
1706.45,Travel,Debit Card,Canada,Toronto,15,0,NORMAL,0
474.89,Electronics,Net Banking,India,Mumbai,15,0,NORMAL,0
54.09,Fuel,UPI,India,Mumbai,15,0,NORMAL,0
69.06,Food,Wallet,UK,London,15,0,NORMAL,0
32.04,Food,Net Banking,USA,New York,15,0,NORMAL,0
110.82,Fuel,Debit Card,Canada,Toronto,15,0,NORMAL,0
797.95,Electronics,UPI,India,Bangalore,15,0,NORMAL,0
38.42,Transportation,Debit Card,Singapore,Singapore,15,0,NORMAL,0
2057.45,Travel,UPI,Canada,Toronto,15,0,NORMAL,0
1128.54,Travel,UPI,India,Mumbai,15,0,NORMAL,0
4088.27,Electronics,Net Banking,India,Mumbai,15,0,NORMAL,0
128.4,Fuel,Net Banking,Singapore,Singapore,15,0,NORMAL,0
69.54,Food,Wallet,Singapore,Singapore,15,0,NORMAL,0
3195.58,Electronics,Credit Card,UK,London,15,0,NORMAL,0
132.86,Retail,Net Banking,Canada,Toronto,15,0,NORMAL,0
305.0,Retail,Net Banking,USA,Chicago,15,0,NORMAL,0
97.53,Retail,Debit Card,India,Bangalore,15,0,NORMAL,0
213.7,Pharmacy,Credit Card,Singapore,Singapore,15,0,NORMAL,0
6718.16,Luxury,Credit Card,North Korea,Pyongyang,15,0,FRAUD,1
3619.42,Luxury,Credit Card,USA,New York,15,0,NORMAL,0
3267.74,Travel,Net Banking,USA,Chicago,15,0,SUSPICIOUS,0
161.28,Pharmacy,UPI,India,Bangalore,15,0,NORMAL,0
3879.39,Luxury,Net Banking,USA,Chicago,15,0,NORMAL,0
375.77,Retail,Net Banking,USA,New York,15,0,NORMAL,0
2315.2,Travel,Net Banking,Singapore,Singapore,15,0,NORMAL,0
71.93,Fuel,Net Banking,Germany,Berlin,15,0,NORMAL,0
102.67,Gaming,UPI,USA,Chicago,15,0,NORMAL,0
305.96,Electronics,Net Banking,India,Mumbai,15,0,NORMAL,0
252.17,Travel,UPI,Canada,Toronto,15,0,NORMAL,0
42.67,Food,Credit Card,India,Bangalore,15,0,NORMAL,0
472.47,Retail,UPI,India,Mumbai,15,0,NORMAL,0
31.67,Fuel,Debit Card,USA,New York,15,0,NORMAL,0
66.47,Food,Wallet,USA,Chicago,15,0,NORMAL,0
1213.02,Electronics,Wallet,UK,London,15,0,NORMAL,0
474.9,Retail,UPI,UK,London,15,0,NORMAL,0
2663.41,Electronics,UPI,UK,London,15,0,SUSPICIOUS,0
97.66,Pharmacy,Net Banking,Canada,Toronto,15,0,NORMAL,0
10.98,Pharmacy,Wallet,India,Bangalore,15,0,NORMAL,0
6989.37,Luxury,Wallet,India,Bangalore,15,0,NORMAL,0
34.4,Transportation,Credit Card,USA,Chicago,15,0,NORMAL,0
40.12,Food,Credit Card,India,Bangalore,15,0,NORMAL,0
182.03,Gaming,Debit Card,Canada,Toronto,15,0,NORMAL,0
476.87,Retail,UPI,Canada,Toronto,15,0,NORMAL,0
123.34,Pharmacy,Debit Card,USA,Chicago,15,0,NORMAL,0
1283.91,Travel,Debit Card,Canada,Toronto,15,0,NORMAL,0
57.91,Food,Debit Card,India,Bangalore,15,0,NORMAL,0
2841.83,Electronics,Net Banking,Canada,Toronto,15,0,SUSPICIOUS,0
7675.2,Luxury,Wallet,Canada,Toronto,15,0,NORMAL,0
189.3,Pharmacy,Credit Card,UK,London,15,0,NORMAL,0
12.29,Food,Wallet,USA,New York,15,0,NORMAL,0
2085.84,Travel,Credit Card,India,Bangalore,15,0,NORMAL,0
30.34,Retail,Debit Card,India,Bangalore,15,0,NORMAL,0
2558.07,Luxury,Wallet,Canada,Toronto,15,0,NORMAL,0
3072.0,Electronics,UPI,India,Mumbai,15,0,NORMAL,0
2828.22,Luxury,Wallet,USA,Chicago,15,0,NORMAL,0
4155.58,Travel,UPI,Canada,Toronto,15,0,SUSPICIOUS,0
162.61,Gaming,Credit Card,Germany,Berlin,15,0,NORMAL,0
4815.82,Luxury,Net Banking,India,Mumbai,15,0,NORMAL,0
6637.7,Luxury,Credit Card,North Korea,Pyongyang,15,0,FRAUD,1
35.51,Gaming,Credit Card,Canada,Toronto,15,0,NORMAL,0
294.32,Retail,UPI,Canada,Toronto,15,0,NORMAL,0
7104.02,Luxury,Credit Card,Iran,Tehran,15,0,FRAUD,1
80.69,Gaming,Wallet,Canada,Toronto,15,0,NORMAL,0
188.77,Pharmacy,Debit Card,Germany,Berlin,15,0,NORMAL,0
208.35,Pharmacy,Wallet,Canada,Toronto,15,0,NORMAL,0
7686.59,Electronics,Credit Card,Iran,Tehran,15,0,FRAUD,1
3266.78,Electronics,Wallet,USA,New York,15,0,NORMAL,0
2376.86,Travel,Credit Card,USA,New York,15,0,NORMAL,0
29.82,Fuel,UPI,Canada,Toronto,15,0,NORMAL,0
281.74,Retail,Wallet,Singapore,Singapore,15,0,NORMAL,0
151.15,Gaming,UPI,USA,Chicago,15,0,NORMAL,0
225.25,Retail,Debit Card,Germany,Berlin,15,0,NORMAL,0
5424.25,Luxury,Credit Card,Canada,Toronto,15,0,NORMAL,0
75.66,Fuel,Credit Card,UK,London,15,0,NORMAL,0
81.46,Gaming,Wallet,USA,New York,15,0,NORMAL,0
2869.07,Electronics,Wallet,Germany,Berlin,15,0,NORMAL,0
2019.94,Travel,Wallet,UK,London,15,0,NORMAL,0
226.98,Pharmacy,Net Banking,USA,Chicago,15,0,NORMAL,0
4344.97,Luxury,Net Banking,India,Bangalore,15,0,NORMAL,0
743.82,Travel,Debit Card,USA,Chicago,15,0,NORMAL,0
135.43,Fuel,UPI,Singapore,Singapore,15,0,NORMAL,0
2095.37,Electronics,Net Banking,Germany,Berlin,15,0,NORMAL,0
73.95,Fuel,UPI,Germany,Berlin,15,0,NORMAL,0
2227.29,Travel,UPI,Canada,Toronto,15,0,NORMAL,0
4744.51,Electronics,Credit Card,USA,Chicago,15,0,NORMAL,0
3715.48,Electronics,UPI,USA,Chicago,15,0,NORMAL,0
28.33,Transportation,Wallet,Singapore,Singapore,15,0,NORMAL,0
1846.21,Travel,Wallet,Singapore,Singapore,15,0,NORMAL,0
1902.84,Travel,Credit Card,USA,Chicago,15,0,SUSPICIOUS,0
380.87,Retail,Debit Card,USA,Chicago,15,0,NORMAL,0
7165.14,Luxury,Debit Card,India,Bangalore,15,0,NORMAL,0
6211.3,Electronics,Credit Card,North Korea,Pyongyang,15,0,FRAUD,1
10.46,Food,UPI,India,Bangalore,15,0,NORMAL,0
3433.83,Electronics,Net Banking,UK,London,15,0,SUSPICIOUS,0
1828.03,Travel,Debit Card,UK,London,15,0,SUSPICIOUS,0
2313.8,Travel,Wallet,Germany,Berlin,15,0,NORMAL,0
5303.62,Luxury,Credit Card,North Korea,Pyongyang,15,0,FRAUD,1
348.01,Retail,Debit Card,USA,New York,15,0,NORMAL,0
49.74,Pharmacy,Debit Card,India,Mumbai,15,0,NORMAL,0
2515.41,Electronics,Debit Card,USA,New York,15,0,SUSPICIOUS,0
62.56,Retail,UPI,Germany,Berlin,15,0,NORMAL,0
5109.85,Luxury,Credit Card,Iran,Tehran,15,0,FRAUD,1
1951.58,Travel,Debit Card,USA,Chicago,15,0,NORMAL,0
427.13,Retail,Credit Card,USA,New York,15,0,NORMAL,0
13.88,Gaming,Wallet,USA,Chicago,15,0,NORMAL,0
3563.66,Luxury,Wallet,USA,New York,15,0,NORMAL,0
97.0,Fuel,Wallet,Canada,Toronto,15,0,NORMAL,0
434.84,Retail,Wallet,Germany,Berlin,15,0,NORMAL,0
54.54,Food,Debit Card,UK,London,15,0,NORMAL,0
106.52,Transportation,Wallet,Singapore,Singapore,15,0,NORMAL,0
304.37,Travel,UPI,India,Mumbai,15,0,NORMAL,0
35.96,Food,Debit Card,India,Mumbai,15,0,NORMAL,0
2853.78,Electronics,Credit Card,India,Mumbai,15,0,NORMAL,0
62.51,Food,Debit Card,UK,London,15,0,NORMAL,0
185.31,Gaming,Debit Card,Germany,Berlin,15,0,NORMAL,0
4353.73,Electronics,Wallet,UK,London,15,0,SUSPICIOUS,0
228.39,Retail,Credit Card,Singapore,Singapore,15,0,NORMAL,0
23.56,Transportation,Wallet,India,Bangalore,15,0,NORMAL,0
120.34,Pharmacy,Debit Card,Canada,Toronto,15,0,NORMAL,0
2740.77,Travel,Credit Card,USA,Chicago,15,0,NORMAL,0
2160.42,Travel,Credit Card,Germany,Berlin,15,0,SUSPICIOUS,0
34.59,Gaming,Credit Card,India,Mumbai,15,0,NORMAL,0
3326.58,Electronics,Net Banking,USA,Chicago,15,0,SUSPICIOUS,0
3532.54,Electronics,UPI,India,Bangalore,15,0,NORMAL,0
75.96,Transportation,UPI,UK,London,15,0,NORMAL,0
80.63,Gaming,UPI,USA,Chicago,15,0,NORMAL,0
48.88,Pharmacy,Credit Card,USA,New York,15,0,NORMAL,0
55.73,Fuel,Wallet,Singapore,Singapore,15,0,NORMAL,0
231.48,Travel,Wallet,Canada,Toronto,15,0,NORMAL,0
4302.61,Electronics,Net Banking,India,Mumbai,15,0,SUSPICIOUS,0
231.04,Retail,Wallet,UK,London,15,0,NORMAL,0
92.48,Retail,Debit Card,Singapore,Singapore,15,0,NORMAL,0
104.53,Retail,Net Banking,India,Bangalore,15,0,NORMAL,0
7446.16,Luxury,Net Banking,India,Mumbai,15,0,NORMAL,0
95.59,Retail,Wallet,USA,Chicago,15,0,NORMAL,0
61.09,Food,Debit Card,USA,New York,15,0,NORMAL,0
3979.27,Electronics,Credit Card,Iran,Tehran,15,0,FRAUD,1
69.6,Fuel,Wallet,UK,London,15,0,NORMAL,0
265.49,Retail,Wallet,Canada,Toronto,15,0,NORMAL,0
2924.97,Electronics,Debit Card,USA,New York,15,0,NORMAL,0
70.32,Gaming,Net Banking,India,Bangalore,15,0,NORMAL,0
5339.96,Electronics,Credit Card,Russia,Moscow,15,0,FRAUD,1
121.94,Fuel,Wallet,India,Bangalore,15,0,NORMAL,0
39.77,Food,Wallet,India,Bangalore,15,0,NORMAL,0
1332.96,Travel,Debit Card,India,Bangalore,15,0,NORMAL,0
28.35,Food,Credit Card,Germany,Berlin,15,0,NORMAL,0
2590.43,Travel,Debit Card,USA,Chicago,15,0,NORMAL,0
97.82,Pharmacy,Net Banking,USA,New York,15,0,NORMAL,0
8774.04,Luxury,Credit Card,North Korea,Pyongyang,15,0,FRAUD,1
67.74,Pharmacy,Debit Card,USA,New York,15,0,NORMAL,0
181.13,Retail,Wallet,UK,London,15,0,NORMAL,0
7989.44,Electronics,Credit Card,North Korea,Pyongyang,15,0,FRAUD,1
2070.26,Luxury,Debit Card,Canada,Toronto,15,0,NORMAL,0
1131.83,Luxury,Wallet,Canada,Toronto,15,0,NORMAL,0
2269.95,Travel,Credit Card,UK,London,15,0,SUSPICIOUS,0
387.47,Retail,Wallet,USA,New York,15,0,NORMAL,0
2902.05,Electronics,Debit Card,India,Bangalore,15,0,NORMAL,0
1176.56,Luxury,Net Banking,India,Bangalore,15,0,NORMAL,0
399.32,Retail,UPI,Canada,Toronto,15,0,NORMAL,0
3636.72,Electronics,Credit Card,Russia,Moscow,15,0,FRAUD,1
224.86,Retail,Debit Card,Germany,Berlin,15,0,NORMAL,0
4250.69,Electronics,Credit Card,UK,London,15,0,NORMAL,0
2720.75,Travel,UPI,USA,New York,15,0,NORMAL,0
41.66,Pharmacy,Debit Card,Canada,Toronto,15,0,NORMAL,0
8480.98,Luxury,Credit Card,Iran,Tehran,15,0,FRAUD,1
2586.46,Travel,UPI,Germany,Berlin,15,0,NORMAL,0
40.49,Fuel,Net Banking,UK,London,15,0,NORMAL,0
1950.13,Electronics,Debit Card,Germany,Berlin,15,0,SUSPICIOUS,0
40.71,Transportation,Net Banking,USA,Chicago,15,0,NORMAL,0
2671.15,Travel,Wallet,UK,London,15,0,NORMAL,0
2446.58,Electronics,Credit Card,Germany,Berlin,15,0,SUSPICIOUS,0
2547.49,Travel,Credit Card,Germany,Berlin,15,0,NORMAL,0
4295.16,Luxury,Debit Card,India,Bangalore,15,0,NORMAL,0
3614.68,Electronics,Net Banking,UK,London,15,0,NORMAL,0
1379.83,Electronics,UPI,Singapore,Singapore,15,0,NORMAL,0
160.0,Gaming,Wallet,USA,New York,15,0,NORMAL,0
3958.51,Electronics,Debit Card,Singapore,Singapore,15,0,SUSPICIOUS,0
111.07,Retail,Net Banking,Canada,Toronto,15,0,NORMAL,0
8081.42,Electronics,Credit Card,North Korea,Pyongyang,15,0,FRAUD,1
172.6,Pharmacy,Credit Card,USA,Chicago,15,0,NORMAL,0
115.63,Gaming,Debit Card,India,Mumbai,15,0,NORMAL,0
80.58,Retail,UPI,Canada,Toronto,15,0,NORMAL,0
407.28,Retail,Wallet,USA,Chicago,15,0,NORMAL,0
8271.4,Luxury,Credit Card,Iran,Tehran,15,0,FRAUD,1
103.33,Gaming,UPI,USA,Chicago,15,0,NORMAL,0
7077.07,Electronics,Credit Card,Iran,Tehran,15,0,FRAUD,1
7861.33,Electronics,Credit Card,Iran,Tehran,15,0,FRAUD,1
71.72,Transportation,Debit Card,Germany,Berlin,15,0,NORMAL,0
173.63,Retail,Debit Card,Germany,Berlin,15,0,NORMAL,0
2228.9,Travel,UPI,Germany,Berlin,15,0,NORMAL,0
73.34,Food,Debit Card,India,Mumbai,15,0,NORMAL,0
103.06,Transportation,Wallet,India,Mumbai,15,0,NORMAL,0
79.61,Gaming,Wallet,Germany,Berlin,15,0,NORMAL,0
89.77,Fuel,Credit Card,Germany,Berlin,15,0,NORMAL,0
363.7,Retail,Wallet,UK,London,15,0,NORMAL,0
2861.23,Luxury,Net Banking,India,Bangalore,15,0,NORMAL,0
2369.16,Luxury,Wallet,Germany,Berlin,15,0,SUSPICIOUS,0
3985.31,Electronics,Credit Card,India,Mumbai,15,0,NORMAL,0
8237.5,Electronics,Credit Card,Iran,Tehran,15,0,FRAUD,1
2766.71,Electronics,Debit Card,Germany,Berlin,15,0,SUSPICIOUS,0
190.47,Travel,Credit Card,USA,Chicago,15,0,NORMAL,0
236.26,Retail,Net Banking,Singapore,Singapore,15,0,NORMAL,0
2561.03,Travel,Credit Card,USA,Chicago,15,0,NORMAL,0
5751.27,Luxury,Credit Card,Russia,Moscow,15,0,FRAUD,1
98.3,Retail,UPI,Singapore,Singapore,15,0,NORMAL,0
5504.94,Luxury,Credit Card,USA,Chicago,15,0,NORMAL,0
6801.35,Luxury,Wallet,USA,New York,15,0,NORMAL,0
317.9,Retail,Debit Card,India,Bangalore,15,0,NORMAL,0
6658.26,Electronics,Credit Card,North Korea,Pyongyang,15,0,FRAUD,1
2504.6,Luxury,UPI,Germany,Berlin,15,0,NORMAL,0
989.48,Travel,Debit Card,UK,London,15,0,NORMAL,0
3528.24,Electronics,Debit Card,UK,London,15,0,NORMAL,0
408.15,Retail,Credit Card,Canada,Toronto,15,0,NORMAL,0
1631.13,Electronics,Wallet,Canada,Toronto,15,0,NORMAL,0
3801.06,Electronics,Debit Card,Canada,Toronto,15,0,SUSPICIOUS,0
1669.11,Travel,Net Banking,India,Bangalore,15,0,NORMAL,0
2059.21,Electronics,Wallet,Singapore,Singapore,15,0,SUSPICIOUS,0
233.5,Travel,Debit Card,USA,New York,15,0,NORMAL,0
19.34,Gaming,Net Banking,USA,Chicago,15,0,NORMAL,0
35.6,Retail,Net Banking,India,Bangalore,15,0,NORMAL,0
469.49,Retail,UPI,India,Mumbai,15,0,NORMAL,0
41.46,Food,Credit Card,Canada,Toronto,15,0,NORMAL,0
4457.03,Electronics,Credit Card,India,Mumbai,15,0,SUSPICIOUS,0
315.02,Retail,Credit Card,UK,London,15,0,NORMAL,0
187.32,Gaming,Net Banking,USA,Chicago,15,0,NORMAL,0
74.64,Food,Debit Card,UK,London,15,0,NORMAL,0
241.64,Pharmacy,UPI,India,Bangalore,15,0,NORMAL,0
224.43,Pharmacy,Net Banking,Germany,Berlin,15,0,NORMAL,0
6084.78,Luxury,Wallet,India,Mumbai,15,0,NORMAL,0
33.05,Gaming,Wallet,USA,New York,15,0,NORMAL,0
403.47,Retail,UPI,USA,Chicago,15,0,NORMAL,0
4880.64,Electronics,Credit Card,India,Mumbai,15,0,NORMAL,0
61.31,Pharmacy,UPI,India,Bangalore,15,0,NORMAL,0
1866.08,Electronics,Credit Card,Singapore,Singapore,15,0,NORMAL,0
2905.43,Electronics,Wallet,UK,London,15,0,NORMAL,0
1093.52,Electronics,Debit Card,India,Bangalore,15,0,NORMAL,0
4805.5,Luxury,Credit Card,Russia,Moscow,15,0,FRAUD,1
212.78,Pharmacy,Wallet,India,Bangalore,15,0,NORMAL,0
2537.56,Travel,Wallet,USA,Chicago,15,0,SUSPICIOUS,0
165.37,Gaming,Wallet,UK,London,15,0,NORMAL,0
2517.5,Luxury,Credit Card,Germany,Berlin,15,0,NORMAL,0
112.18,Fuel,Wallet,USA,Chicago,15,0,NORMAL,0
2553.66,Electronics,Debit Card,USA,New York,15,0,SUSPICIOUS,0
6132.31,Luxury,Debit Card,India,Mumbai,15,0,NORMAL,0
2601.01,Travel,Wallet,Singapore,Singapore,15,0,NORMAL,0
4307.31,Travel,Wallet,Singapore,Singapore,15,0,SUSPICIOUS,0
7745.61,Luxury,Credit Card,North Korea,Pyongyang,15,0,FRAUD,1
4355.25,Electronics,Wallet,Canada,Toronto,15,0,NORMAL,0
5985.02,Electronics,Credit Card,Iran,Tehran,15,0,FRAUD,1
178.19,Pharmacy,Credit Card,USA,Chicago,15,0,NORMAL,0
66.4,Food,Debit Card,India,Mumbai,15,0,NORMAL,0
21.02,Food,Credit Card,USA,New York,15,0,NORMAL,0
4318.25,Electronics,Wallet,Canada,Toronto,15,0,SUSPICIOUS,0
1762.91,Luxury,UPI,India,Bangalore,15,0,NORMAL,0
5336.38,Luxury,Net Banking,USA,Chicago,15,0,NORMAL,0
1844.38,Electronics,UPI,USA,New York,15,0,NORMAL,0
60.67,Pharmacy,UPI,Singapore,Singapore,15,0,NORMAL,0
19.28,Pharmacy,Debit Card,India,Mumbai,15,0,NORMAL,0
1611.25,Electronics,UPI,Canada,Toronto,15,0,SUSPICIOUS,0
452.13,Retail,Debit Card,UK,London,15,0,NORMAL,0
59.62,Transportation,Credit Card,India,Mumbai,15,0,NORMAL,0
172.93,Gaming,Credit Card,Germany,Berlin,15,0,NORMAL,0
1424.62,Electronics,Wallet,India,Bangalore,15,0,NORMAL,0
5493.34,Electronics,Credit Card,North Korea,Pyongyang,15,0,FRAUD,1
4189.01,Electronics,UPI,India,Bangalore,15,0,NORMAL,0
377.5,Retail,Net Banking,Canada,Toronto,15,0,NORMAL,0
22.21,Food,UPI,USA,Chicago,15,0,NORMAL,0
60.41,Food,Credit Card,India,Bangalore,15,0,NORMAL,0
37.01,Food,Credit Card,USA,New York,15,0,NORMAL,0
63.8,Retail,UPI,Canada,Toronto,15,0,NORMAL,0
40.96,Gaming,Net Banking,USA,New York,15,0,NORMAL,0
149.75,Gaming,Debit Card,Canada,Toronto,15,0,NORMAL,0
9.94,Food,Net Banking,India,Bangalore,15,0,NORMAL,0
163.53,Gaming,UPI,Germany,Berlin,15,0,NORMAL,0
861.19,Travel,UPI,Germany,Berlin,15,0,NORMAL,0
254.02,Retail,Net Banking,Singapore,Singapore,15,0,NORMAL,0
378.86,Electronics,Credit Card,USA,New York,15,0,NORMAL,0
7564.55,Luxury,Credit Card,India,Mumbai,15,0,NORMAL,0
1929.47,Travel,Debit Card,India,Bangalore,15,0,NORMAL,0
5.41,Food,Wallet,Germany,Berlin,15,0,NORMAL,0
2000.33,Travel,UPI,USA,Chicago,15,0,NORMAL,0
3495.5,Electronics,Debit Card,India,Mumbai,15,0,NORMAL,0
2151.99,Electronics,UPI,India,Mumbai,15,0,SUSPICIOUS,0
358.75,Retail,Net Banking,Canada,Toronto,15,0,NORMAL,0
4045.84,Electronics,Wallet,Singapore,Singapore,15,0,SUSPICIOUS,0
112.93,Pharmacy,Wallet,UK,London,15,0,NORMAL,0
114.63,Fuel,Debit Card,India,Mumbai,15,0,NORMAL,0
99.84,Transportation,Wallet,India,Bangalore,15,0,NORMAL,0
104.53,Transportation,Credit Card,India,Mumbai,15,0,NORMAL,0
100.89,Fuel,UPI,USA,New York,15,0,NORMAL,0
86.78,Retail,Wallet,India,Mumbai,15,0,NORMAL,0
67.49,Food,Debit Card,USA,New York,15,0,NORMAL,0
178.01,Pharmacy,UPI,UK,London,15,0,NORMAL,0
2032.74,Travel,Debit Card,USA,New York,15,0,NORMAL,0
3433.48,Luxury,Net Banking,India,Mumbai,15,0,SUSPICIOUS,0
2125.68,Travel,Debit Card,India,Mumbai,15,0,NORMAL,0
2367.54,Luxury,Credit Card,Singapore,Singapore,15,0,NORMAL,0
2056.02,Electronics,Wallet,USA,New York,15,0,SUSPICIOUS,0
1410.54,Travel,Credit Card,Singapore,Singapore,15,0,NORMAL,0
5543.61,Luxury,Credit Card,Russia,Moscow,15,0,FRAUD,1
90.78,Transportation,Credit Card,Canada,Toronto,15,0,NORMAL,0
189.63,Pharmacy,UPI,Canada,Toronto,15,0,NORMAL,0
78.27,Fuel,Credit Card,Singapore,Singapore,15,0,NORMAL,0
8771.88,Luxury,Credit Card,North Korea,Pyongyang,15,0,FRAUD,1
1045.25,Travel,Debit Card,India,Bangalore,15,0,NORMAL,0
47.91,Transportation,Debit Card,UK,London,15,0,NORMAL,0
3612.44,Luxury,Net Banking,UK,London,15,0,SUSPICIOUS,0
105.15,Pharmacy,Credit Card,USA,Chicago,15,0,NORMAL,0
212.11,Travel,Net Banking,Singapore,Singapore,15,0,NORMAL,0
2329.82,Electronics,Wallet,Germany,Berlin,15,0,NORMAL,0
71.39,Food,Credit Card,Singapore,Singapore,15,0,NORMAL,0
38.57,Gaming,Credit Card,USA,Chicago,15,0,NORMAL,0
46.16,Food,UPI,USA,Chicago,15,0,NORMAL,0
3585.66,Luxury,Credit Card,Russia,Moscow,15,0,FRAUD,1
2146.19,Electronics,Wallet,USA,New York,15,0,NORMAL,0
1262.39,Travel,Credit Card,USA,New York,15,0,NORMAL,0
31.62,Transportation,UPI,USA,New York,15,0,NORMAL,0
118.64,Transportation,Wallet,USA,New York,15,0,NORMAL,0
4155.68,Luxury,Wallet,Canada,Toronto,15,0,NORMAL,0
67.34,Retail,Net Banking,Germany,Berlin,15,0,NORMAL,0
15.56,Gaming,Credit Card,USA,Chicago,15,0,NORMAL,0
5.86,Food,Net Banking,India,Bangalore,15,0,NORMAL,0
2423.39,Travel,Credit Card,USA,Chicago,15,0,NORMAL,0
968.8,Electronics,Credit Card,USA,Chicago,15,0,NORMAL,0
2738.66,Electronics,Net Banking,India,Bangalore,15,0,SUSPICIOUS,0
255.8,Travel,Wallet,Singapore,Singapore,15,0,NORMAL,0
3479.51,Luxury,Net Banking,UK,London,15,0,NORMAL,0
7009.2,Luxury,Credit Card,Russia,Moscow,15,0,FRAUD,1
98.76,Fuel,UPI,India,Mumbai,15,0,NORMAL,0
18.05,Food,UPI,Singapore,Singapore,15,0,NORMAL,0
3881.26,Electronics,Net Banking,India,Bangalore,15,0,NORMAL,0
47.46,Transportation,Wallet,India,Bangalore,15,0,NORMAL,0
2473.31,Travel,Debit Card,USA,New York,15,0,NORMAL,0
109.77,Fuel,Credit Card,Germany,Berlin,15,0,NORMAL,0
37.1,Retail,Credit Card,Singapore,Singapore,15,0,NORMAL,0
67.55,Gaming,Debit Card,UK,London,15,0,NORMAL,0
257.69,Retail,Wallet,UK,London,15,0,NORMAL,0
21.38,Food,Debit Card,Germany,Berlin,15,0,NORMAL,0
2670.64,Travel,Credit Card,India,Bangalore,15,0,NORMAL,0
3913.2,Travel,Wallet,India,Bangalore,15,0,SUSPICIOUS,0
9.14,Food,Debit Card,India,Mumbai,15,0,NORMAL,0
5044.43,Electronics,Credit Card,Russia,Moscow,15,0,FRAUD,1
104.07,Pharmacy,UPI,USA,New York,15,0,NORMAL,0
19.72,Food,UPI,UK,London,15,0,NORMAL,0
30.36,Gaming,Debit Card,Germany,Berlin,15,0,NORMAL,0
60.09,Transportation,Credit Card,Germany,Berlin,15,0,NORMAL,0
493.9,Travel,UPI,UK,London,15,0,NORMAL,0
2193.69,Travel,Net Banking,India,Mumbai,15,0,NORMAL,0
94.17,Transportation,Credit Card,USA,New York,15,0,NORMAL,0
2855.25,Travel,UPI,India,Mumbai,15,0,NORMAL,0
51.55,Fuel,Wallet,Singapore,Singapore,15,0,NORMAL,0
1930.49,Electronics,Net Banking,USA,New York,15,0,NORMAL,0
2509.55,Travel,Wallet,Singapore,Singapore,15,0,NORMAL,0
4446.25,Electronics,Wallet,USA,New York,15,0,SUSPICIOUS,0
4205.93,Electronics,Wallet,USA,New York,15,0,SUSPICIOUS,0
224.72,Pharmacy,Wallet,Singapore,Singapore,15,0,NORMAL,0
1352.16,Travel,Credit Card,USA,New York,15,0,NORMAL,0
2226.21,Travel,Debit Card,USA,New York,15,0,SUSPICIOUS,0
114.57,Transportation,Wallet,Germany,Berlin,15,0,NORMAL,0
1096.2,Travel,UPI,Canada,Toronto,15,0,NORMAL,0
228.82,Retail,Debit Card,UK,London,15,0,NORMAL,0
1346.98,Electronics,UPI,India,Mumbai,15,0,NORMAL,0
61.11,Gaming,Debit Card,USA,Chicago,15,0,NORMAL,0
719.24,Electronics,Net Banking,UK,London,15,0,NORMAL,0
38.55,Transportation,Net Banking,India,Bangalore,15,0,NORMAL,0
3235.75,Luxury,Net Banking,Germany,Berlin,15,0,NORMAL,0
339.55,Retail,Credit Card,Canada,Toronto,15,0,NORMAL,0
2620.91,Travel,Wallet,UK,London,15,0,SUSPICIOUS,0
8811.28,Luxury,Credit Card,Russia,Moscow,15,0,FRAUD,1
7057.56,Electronics,Credit Card,Iran,Tehran,15,0,FRAUD,1
37.3,Food,Debit Card,USA,Chicago,15,0,NORMAL,0
3566.04,Electronics,UPI,Singapore,Singapore,15,0,SUSPICIOUS,0
1971.38,Electronics,Credit Card,Germany,Berlin,15,0,NORMAL,0
32.93,Food,Debit Card,USA,New York,15,0,NORMAL,0
192.35,Pharmacy,Wallet,Canada,Toronto,15,0,NORMAL,0
1634.94,Travel,UPI,UK,London,15,0,NORMAL,0
21.35,Transportation,Wallet,UK,London,15,0,NORMAL,0
52.89,Food,Debit Card,India,Mumbai,15,0,NORMAL,0
2336.33,Electronics,Wallet,UK,London,15,0,NORMAL,0
213.76,Pharmacy,Debit Card,USA,New York,15,0,NORMAL,0
72.73,Food,Net Banking,USA,New York,15,0,NORMAL,0
342.61,Retail,Debit Card,UK,London,15,0,NORMAL,0
21.34,Food,Debit Card,USA,New York,15,0,NORMAL,0
4341.96,Electronics,Net Banking,India,Mumbai,15,0,SUSPICIOUS,0
2483.02,Electronics,UPI,Germany,Berlin,15,0,NORMAL,0
14.56,Gaming,Credit Card,India,Bangalore,15,0,NORMAL,0
389.92,Retail,Debit Card,USA,Chicago,15,0,NORMAL,0
9.12,Food,Wallet,India,Mumbai,15,0,NORMAL,0
51.29,Food,UPI,UK,London,15,0,NORMAL,0
59.4,Food,Wallet,USA,New York,15,0,NORMAL,0
36.39,Transportation,UPI,Germany,Berlin,15,0,NORMAL,0
54.53,Pharmacy,Credit Card,UK,London,15,0,NORMAL,0
8170.91,Luxury,Credit Card,North Korea,Pyongyang,15,0,FRAUD,1
7949.45,Luxury,Credit Card,UK,London,15,0,NORMAL,0
1534.28,Luxury,Debit Card,USA,Chicago,15,0,SUSPICIOUS,0
163.95,Pharmacy,UPI,India,Bangalore,15,0,NORMAL,0
38.24,Fuel,Net Banking,USA,Chicago,15,0,NORMAL,0
195.81,Pharmacy,UPI,Germany,Berlin,15,0,NORMAL,0
57.49,Food,Wallet,Singapore,Singapore,15,0,NORMAL,0
5343.81,Electronics,Credit Card,Russia,Moscow,15,0,FRAUD,1
1458.16,Travel,Net Banking,India,Bangalore,15,0,NORMAL,0
55.4,Fuel,Net Banking,USA,New York,15,0,NORMAL,0
2951.5,Travel,Wallet,UK,London,15,0,NORMAL,0
7373.25,Luxury,Debit Card,UK,London,15,0,NORMAL,0
4361.59,Luxury,Net Banking,Canada,Toronto,15,0,NORMAL,0
7412.63,Luxury,UPI,India,Bangalore,15,0,NORMAL,0
5541.09,Luxury,Credit Card,Canada,Toronto,15,0,NORMAL,0
467.42,Retail,Credit Card,India,Bangalore,15,0,NORMAL,0
1851.72,Electronics,Wallet,USA,Chicago,15,0,NORMAL,0
44.88,Food,Net Banking,India,Bangalore,15,0,NORMAL,0
2109.14,Electronics,UPI,Canada,Toronto,15,0,SUSPICIOUS,0
239.5,Retail,Credit Card,USA,New York,15,0,NORMAL,0
105.11,Pharmacy,Net Banking,India,Mumbai,15,0,NORMAL,0
86.49,Gaming,Credit Card,UK,London,15,0,NORMAL,0
348.26,Retail,Net Banking,UK,London,15,0,NORMAL,0
32.2,Fuel,UPI,USA,Chicago,15,0,NORMAL,0
117.82,Fuel,Net Banking,India,Mumbai,15,0,NORMAL,0
2267.44,Electronics,Credit Card,India,Mumbai,15,0,NORMAL,0
7267.4,Luxury,Debit Card,UK,London,15,0,NORMAL,0
3516.04,Electronics,Net Banking,USA,New York,15,0,NORMAL,0
5354.54,Luxury,Credit Card,Iran,Tehran,15,0,FRAUD,1
217.78,Pharmacy,Net Banking,Singapore,Singapore,15,0,NORMAL,0
26.43,Gaming,Debit Card,Germany,Berlin,15,0,NORMAL,0
5816.63,Luxury,Credit Card,Iran,Tehran,15,0,FRAUD,1
2957.85,Electronics,Net Banking,USA,Chicago,15,0,NORMAL,0
100.03,Pharmacy,Net Banking,Germany,Berlin,15,0,NORMAL,0
65.21,Gaming,Debit Card,India,Bangalore,15,0,NORMAL,0
124.21,Gaming,Net Banking,USA,Chicago,15,0,NORMAL,0
2329.54,Travel,Wallet,India,Bangalore,15,0,NORMAL,0
439.87,Electronics,Debit Card,Germany,Berlin,15,0,NORMAL,0
115.31,Transportation,Debit Card,Canada,Toronto,15,0,NORMAL,0
287.15,Retail,Net Banking,India,Mumbai,15,0,NORMAL,0
16.28,Food,Credit Card,India,Bangalore,15,0,NORMAL,0
392.42,Electronics,Wallet,Singapore,Singapore,15,0,NORMAL,0
1279.02,Travel,Debit Card,India,Mumbai,15,0,NORMAL,0
186.29,Gaming,Debit Card,Germany,Berlin,15,0,NORMAL,0
62.25,Gaming,Net Banking,USA,Chicago,15,0,NORMAL,0
4497.15,Electronics,Wallet,USA,Chicago,15,0,SUSPICIOUS,0
207.46,Retail,Net Banking,USA,New York,15,0,NORMAL,0
33.82,Gaming,Debit Card,India,Mumbai,15,0,NORMAL,0
26.88,Food,Debit Card,Canada,Toronto,15,0,NORMAL,0
3652.27,Electronics,Wallet,Singapore,Singapore,15,0,NORMAL,0
3329.87,Electronics,Wallet,Singapore,Singapore,15,0,SUSPICIOUS,0
4249.37,Luxury,Credit Card,North Korea,Pyongyang,15,0,FRAUD,1
7256.63,Luxury,Credit Card,Russia,Moscow,15,0,FRAUD,1
584.62,Travel,UPI,Singapore,Singapore,15,0,NORMAL,0
5435.26,Luxury,Credit Card,Russia,Moscow,15,0,FRAUD,1
118.33,Pharmacy,Net Banking,Canada,Toronto,15,0,NORMAL,0
357.79,Retail,Net Banking,India,Bangalore,15,0,NORMAL,0
141.32,Fuel,Credit Card,India,Mumbai,15,0,NORMAL,0
144.21,Fuel,Net Banking,Singapore,Singapore,15,0,NORMAL,0
270.79,Retail,Net Banking,USA,Chicago,15,0,NORMAL,0
3251.15,Travel,Wallet,USA,Chicago,15,0,SUSPICIOUS,0
547.11,Travel,Debit Card,India,Mumbai,15,0,NORMAL,0
4697.88,Luxury,Net Banking,Canada,Toronto,15,0,NORMAL,0
82.99,Fuel,Net Banking,India,Bangalore,15,0,NORMAL,0
61.0,Retail,UPI,UK,London,15,0,NORMAL,0
55.14,Food,UPI,Canada,Toronto,15,0,NORMAL,0
422.18,Retail,Net Banking,Singapore,Singapore,15,0,NORMAL,0
92.53,Retail,UPI,India,Mumbai,15,0,NORMAL,0
235.57,Retail,Wallet,Singapore,Singapore,15,0,NORMAL,0
1297.44,Travel,Net Banking,UK,London,15,0,NORMAL,0
79.05,Gaming,Net Banking,USA,Chicago,15,0,NORMAL,0
37.93,Fuel,Net Banking,Singapore,Singapore,15,0,NORMAL,0
7455.28,Luxury,Credit Card,Iran,Tehran,15,0,FRAUD,1
3770.54,Electronics,UPI,India,Bangalore,15,0,SUSPICIOUS,0
241.8,Retail,Net Banking,India,Mumbai,15,0,NORMAL,0
860.12,Electronics,Credit Card,Germany,Berlin,15,0,NORMAL,0
2694.9,Luxury,Wallet,Germany,Berlin,15,0,NORMAL,0
459.1,Travel,Net Banking,India,Mumbai,15,0,NORMAL,0
82.25,Transportation,Net Banking,USA,New York,15,0,NORMAL,0
518.63,Travel,Credit Card,USA,Chicago,15,0,NORMAL,0
84.13,Transportation,Wallet,India,Bangalore,15,0,NORMAL,0
7033.24,Luxury,Credit Card,Iran,Tehran,15,0,FRAUD,1
19.03,Food,UPI,USA,Chicago,15,0,NORMAL,0
4486.4,Luxury,Net Banking,Singapore,Singapore,15,0,NORMAL,0
7118.55,Luxury,Credit Card,North Korea,Pyongyang,15,0,FRAUD,1
319.47,Retail,Wallet,Canada,Toronto,15,0,NORMAL,0
1298.68,Electronics,Debit Card,Singapore,Singapore,15,0,NORMAL,0
259.6,Retail,Wallet,USA,Chicago,15,0,NORMAL,0
7817.49,Luxury,Debit Card,India,Bangalore,15,0,NORMAL,0
92.56,Fuel,Credit Card,UK,London,15,0,NORMAL,0
3449.07,Electronics,Net Banking,Germany,Berlin,15,0,SUSPICIOUS,0
6064.72,Luxury,Credit Card,North Korea,Pyongyang,15,0,FRAUD,1
162.19,Retail,Wallet,India,Bangalore,15,0,NORMAL,0
7341.54,Luxury,Credit Card,Russia,Moscow,15,0,FRAUD,1
23.73,Gaming,Net Banking,UK,London,15,0,NORMAL,0
15.19,Transportation,Credit Card,UK,London,15,0,NORMAL,0
34.43,Fuel,Wallet,USA,Chicago,15,0,NORMAL,0
3514.64,Luxury,Credit Card,Canada,Toronto,15,0,NORMAL,0
132.62,Pharmacy,Wallet,USA,Chicago,15,0,NORMAL,0
6232.41,Electronics,Credit Card,North Korea,Pyongyang,15,0,FRAUD,1
1411.51,Luxury,UPI,India,Bangalore,15,0,NORMAL,0
1373.09,Luxury,Credit Card,India,Bangalore,15,0,NORMAL,0
942.4,Travel,Debit Card,India,Mumbai,15,0,NORMAL,0
50.41,Transportation,Debit Card,USA,New York,15,0,NORMAL,0
58.95,Gaming,Credit Card,USA,Chicago,15,0,NORMAL,0
3294.48,Travel,Debit Card,Canada,Toronto,15,0,SUSPICIOUS,0
119.37,Transportation,UPI,USA,New York,15,0,NORMAL,0
35.26,Food,Net Banking,USA,Chicago,15,0,NORMAL,0
125.31,Pharmacy,Net Banking,USA,Chicago,15,0,NORMAL,0
58.39,Food,Net Banking,India,Bangalore,15,0,NORMAL,0
7543.33,Luxury,Net Banking,India,Bangalore,15,0,NORMAL,0
7459.73,Luxury,Credit Card,Iran,Tehran,15,0,FRAUD,1
128.88,Pharmacy,Credit Card,India,Bangalore,15,0,NORMAL,0
5064.14,Electronics,Credit Card,Iran,Tehran,15,0,FRAUD,1
5568.67,Luxury,Credit Card,North Korea,Pyongyang,15,0,FRAUD,1
342.16,Retail,Credit Card,Canada,Toronto,15,0,NORMAL,0
2419.69,Travel,Net Banking,India,Mumbai,15,0,NORMAL,0
2821.3,Electronics,UPI,USA,New York,15,0,NORMAL,0
209.02,Retail,Wallet,Germany,Berlin,15,0,NORMAL,0
2652.26,Travel,Credit Card,USA,New York,15,0,SUSPICIOUS,0
11.3,Food,Debit Card,India,Bangalore,15,0,NORMAL,0
253.48,Travel,Credit Card,Germany,Berlin,15,0,NORMAL,0
4717.38,Electronics,Debit Card,India,Bangalore,15,0,NORMAL,0
27.38,Fuel,Credit Card,USA,Chicago,15,0,NORMAL,0
3947.39,Luxury,Net Banking,UK,London,15,0,NORMAL,0
85.66,Pharmacy,Debit Card,USA,New York,15,0,NORMAL,0
2982.6,Electronics,Credit Card,UK,London,15,0,NORMAL,0
184.95,Gaming,Debit Card,USA,Chicago,15,0,NORMAL,0
1843.87,Travel,Wallet,Canada,Toronto,15,0,SUSPICIOUS,0
8659.3,Electronics,Credit Card,Russia,Moscow,15,0,FRAUD,1
4398.79,Luxury,Credit Card,Singapore,Singapore,15,0,SUSPICIOUS,0
1538.2,Electronics,Wallet,Singapore,Singapore,15,0,NORMAL,0
4204.09,Luxury,Credit Card,India,Mumbai,15,0,SUSPICIOUS,0
2954.83,Electronics,Credit Card,USA,Chicago,15,0,NORMAL,0
2253.14,Travel,Net Banking,USA,New York,15,0,SUSPICIOUS,0
129.6,Pharmacy,UPI,UK,London,15,0,NORMAL,0
2373.25,Electronics,Net Banking,India,Bangalore,15,0,SUSPICIOUS,0
4413.72,Luxury,Net Banking,Canada,Toronto,15,0,NORMAL,0
1594.35,Luxury,Credit Card,India,Bangalore,15,0,NORMAL,0
108.93,Transportation,Debit Card,Singapore,Singapore,15,0,NORMAL,0
125.7,Fuel,Net Banking,Canada,Toronto,15,0,NORMAL,0
3082.99,Electronics,Debit Card,Germany,Berlin,15,0,NORMAL,0
180.58,Pharmacy,Debit Card,India,Bangalore,15,0,NORMAL,0
30.67,Transportation,Wallet,USA,New York,15,0,NORMAL,0
6462.36,Luxury,UPI,USA,New York,15,0,NORMAL,0
68.54,Pharmacy,Net Banking,Canada,Toronto,15,0,NORMAL,0
247.72,Travel,UPI,USA,Chicago,15,0,NORMAL,0
8334.63,Electronics,Credit Card,Iran,Tehran,15,0,FRAUD,1
1809.2,Travel,UPI,India,Mumbai,15,0,NORMAL,0
64.68,Transportation,Net Banking,India,Bangalore,15,0,NORMAL,0
73.82,Food,Net Banking,Singapore,Singapore,15,0,NORMAL,0
10.77,Gaming,UPI,Germany,Berlin,15,0,NORMAL,0
5.53,Food,Wallet,Canada,Toronto,15,0,NORMAL,0
52.36,Food,Debit Card,UK,London,15,0,NORMAL,0
2834.11,Electronics,UPI,Germany,Berlin,15,0,NORMAL,0
68.37,Transportation,Debit Card,Canada,Toronto,15,0,NORMAL,0
38.68,Transportation,Debit Card,UK,London,15,0,NORMAL,0
6146.31,Luxury,Credit Card,North Korea,Pyongyang,15,0,FRAUD,1
122.55,Fuel,Net Banking,Germany,Berlin,15,0,NORMAL,0
979.21,Travel,UPI,India,Bangalore,15,0,NORMAL,0
7478.13,Electronics,Credit Card,North Korea,Pyongyang,15,0,FRAUD,1
2163.36,Luxury,Net Banking,Singapore,Singapore,15,0,SUSPICIOUS,0
6.17,Food,Wallet,USA,Chicago,15,0,NORMAL,0
2591.17,Travel,Debit Card,Canada,Toronto,15,0,NORMAL,0
875.29,Electronics,Wallet,USA,New York,15,0,NORMAL,0
1001.99,Electronics,UPI,USA,Chicago,15,0,NORMAL,0
246.4,Travel,UPI,Canada,Toronto,15,0,NORMAL,0
1526.08,Electronics,UPI,Canada,Toronto,15,0,SUSPICIOUS,0
764.91,Travel,Wallet,India,Bangalore,15,0,NORMAL,0
5994.91,Luxury,Credit Card,Russia,Moscow,15,0,FRAUD,1
67.72,Gaming,Debit Card,Canada,Toronto,15,0,NORMAL,0
2580.07,Travel,Net Banking,India,Mumbai,15,0,NORMAL,0
905.34,Electronics,Credit Card,India,Mumbai,15,0,NORMAL,0
4087.88,Electronics,Debit Card,Germany,Berlin,15,0,SUSPICIOUS,0
2421.08,Electronics,UPI,India,Bangalore,15,0,NORMAL,0
75.21,Transportation,Net Banking,UK,London,15,0,NORMAL,0
2395.23,Electronics,Wallet,Germany,Berlin,15,0,NORMAL,0
123.88,Fuel,UPI,USA,Chicago,15,0,NORMAL,0
1789.59,Luxury,UPI,India,Mumbai,15,0,SUSPICIOUS,0
110.54,Retail,Net Banking,Canada,Toronto,15,0,NORMAL,0
2995.18,Travel,Net Banking,India,Mumbai,15,0,NORMAL,0
148.66,Fuel,Debit Card,Canada,Toronto,15,0,NORMAL,0
30.01,Gaming,Debit Card,India,Mumbai,15,0,NORMAL,0
171.63,Pharmacy,Wallet,UK,London,15,0,NORMAL,0
88.97,Transportation,Credit Card,India,Mumbai,15,0,NORMAL,0
3462.42,Electronics,Net Banking,USA,Chicago,15,0,SUSPICIOUS,0
106.61,Transportation,Wallet,Germany,Berlin,15,0,NORMAL,0
32.6,Fuel,Wallet,Singapore,Singapore,15,0,NORMAL,0
1310.9,Travel,Debit Card,India,Mumbai,15,0,NORMAL,0
33.35,Transportation,Credit Card,Germany,Berlin,15,0,NORMAL,0
404.89,Retail,UPI,USA,New York,15,0,NORMAL,0
2232.78,Electronics,Net Banking,Singapore,Singapore,15,0,NORMAL,0
81.01,Fuel,Net Banking,India,Mumbai,15,0,NORMAL,0
2462.33,Luxury,UPI,Singapore,Singapore,15,0,NORMAL,0
103.22,Transportation,Debit Card,USA,New York,15,0,NORMAL,0
26.14,Food,UPI,USA,Chicago,15,0,NORMAL,0
56.98,Food,UPI,UK,London,15,0,NORMAL,0
50.15,Transportation,Wallet,Canada,Toronto,15,0,NORMAL,0
2994.24,Travel,Wallet,UK,London,15,0,NORMAL,0
79.37,Food,Debit Card,India,Mumbai,15,0,NORMAL,0
222.18,Pharmacy,Net Banking,Singapore,Singapore,15,0,NORMAL,0
125.78,Pharmacy,UPI,UK,London,15,0,NORMAL,0
84.69,Transportation,Debit Card,Singapore,Singapore,15,0,NORMAL,0
3729.63,Travel,Credit Card,Canada,Toronto,15,0,SUSPICIOUS,0
4792.38,Electronics,Credit Card,Russia,Moscow,15,0,FRAUD,1
195.55,Gaming,Wallet,India,Bangalore,15,0,NORMAL,0
7485.15,Luxury,Credit Card,Iran,Tehran,15,0,FRAUD,1
56.86,Fuel,UPI,India,Mumbai,15,0,NORMAL,0
4577.96,Electronics,UPI,India,Mumbai,15,0,NORMAL,0
4721.3,Luxury,Credit Card,Germany,Berlin,15,0,NORMAL,0
2105.32,Travel,Wallet,Canada,Toronto,15,0,SUSPICIOUS,0
81.7,Pharmacy,UPI,Singapore,Singapore,15,0,NORMAL,0
69.84,Food,Wallet,Canada,Toronto,15,0,NORMAL,0
197.42,Pharmacy,Credit Card,India,Mumbai,15,0,NORMAL,0
224.68,Retail,Wallet,Germany,Berlin,15,0,NORMAL,0
2389.8,Electronics,Debit Card,Germany,Berlin,15,0,NORMAL,0
72.0,Gaming,Net Banking,Singapore,Singapore,15,0,NORMAL,0
5.92,Food,Credit Card,Germany,Berlin,15,0,NORMAL,0
2537.48,Travel,Net Banking,UK,London,15,0,SUSPICIOUS,0
231.37,Retail,Wallet,Germany,Berlin,15,0,NORMAL,0
4478.19,Electronics,Credit Card,Iran,Tehran,15,0,FRAUD,1
216.27,Travel,Net Banking,USA,New York,15,0,NORMAL,0
8102.36,Luxury,Credit Card,Russia,Moscow,15,0,FRAUD,1
26.54,Transportation,UPI,USA,Chicago,15,0,NORMAL,0
119.82,Retail,UPI,UK,London,15,0,NORMAL,0
23.05,Transportation,Net Banking,UK,London,15,0,NORMAL,0
3861.23,Travel,Net Banking,India,Mumbai,15,0,SUSPICIOUS,0
379.25,Retail,Wallet,USA,Chicago,15,0,NORMAL,0
7350.27,Luxury,Credit Card,Iran,Tehran,15,0,FRAUD,1
116.97,Transportation,UPI,USA,Chicago,15,0,NORMAL,0
87.03,Retail,Wallet,India,Bangalore,15,0,NORMAL,0
1623.2,Electronics,Wallet,USA,Chicago,15,0,NORMAL,0
5196.4,Luxury,Credit Card,Russia,Moscow,15,0,FRAUD,1
181.61,Gaming,UPI,India,Mumbai,15,0,NORMAL,0
27.53,Fuel,Debit Card,USA,Chicago,15,0,NORMAL,0
2537.39,Luxury,Debit Card,USA,New York,15,0,SUSPICIOUS,0
19.39,Pharmacy,UPI,India,Mumbai,15,0,NORMAL,0
222.71,Pharmacy,Wallet,USA,Chicago,15,0,NORMAL,0
118.95,Retail,Net Banking,Singapore,Singapore,15,0,NORMAL,0
1167.69,Luxury,UPI,India,Bangalore,15,0,NORMAL,0
329.34,Retail,Debit Card,Germany,Berlin,15,0,NORMAL,0
1729.98,Travel,UPI,India,Bangalore,15,0,NORMAL,0
44.56,Gaming,Debit Card,UK,London,15,0,NORMAL,0
418.08,Retail,Debit Card,USA,New York,15,0,NORMAL,0
37.8,Food,Debit Card,India,Mumbai,15,0,NORMAL,0
481.68,Retail,UPI,Germany,Berlin,15,0,NORMAL,0
1699.1,Travel,Debit Card,India,Mumbai,15,0,NORMAL,0
1942.31,Electronics,Net Banking,USA,Chicago,15,0,NORMAL,0
1967.19,Travel,Net Banking,Germany,Berlin,15,0,SUSPICIOUS,0
66.8,Pharmacy,Credit Card,India,Bangalore,15,0,NORMAL,0
16.37,Food,Debit Card,India,Bangalore,15,0,NORMAL,0
2114.7,Luxury,Net Banking,USA,Chicago,15,0,NORMAL,0
6615.01,Luxury,Wallet,Canada,Toronto,15,0,NORMAL,0
7850.65,Luxury,Debit Card,India,Mumbai,15,0,NORMAL,0
1965.65,Travel,Wallet,USA,Chicago,15,0,NORMAL,0
7004.39,Electronics,Credit Card,Russia,Moscow,15,0,FRAUD,1
247.18,Retail,UPI,India,Mumbai,15,0,NORMAL,0
207.63,Retail,Debit Card,India,Mumbai,15,0,NORMAL,0
5546.18,Electronics,Credit Card,Iran,Tehran,15,0,FRAUD,1
7115.38,Luxury,Net Banking,India,Bangalore,15,0,NORMAL,0
146.72,Gaming,Net Banking,India,Mumbai,15,0,NORMAL,0
3050.19,Electronics,UPI,Germany,Berlin,15,0,NORMAL,0
67.91,Food,UPI,Canada,Toronto,15,0,NORMAL,0
8158.86,Electronics,Credit Card,Iran,Tehran,15,0,FRAUD,1
289.54,Retail,Wallet,Singapore,Singapore,15,0,NORMAL,0
112.6,Transportation,Credit Card,Germany,Berlin,15,0,NORMAL,0
1163.47,Luxury,UPI,USA,New York,15,0,NORMAL,0
1709.09,Electronics,UPI,India,Bangalore,15,0,SUSPICIOUS,0
141.98,Pharmacy,UPI,Canada,Toronto,15,0,NORMAL,0
31.58,Food,Credit Card,Singapore,Singapore,15,0,NORMAL,0
3973.63,Electronics,Net Banking,USA,Chicago,15,0,NORMAL,0
45.2,Gaming,Net Banking,Canada,Toronto,15,0,NORMAL,0
7312.78,Luxury,Credit Card,UK,London,15,0,NORMAL,0
66.18,Fuel,Wallet,India,Bangalore,15,0,NORMAL,0
75.68,Retail,Debit Card,Germany,Berlin,15,0,NORMAL,0
29.94,Food,Debit Card,India,Mumbai,15,0,NORMAL,0
66.36,Gaming,Debit Card,Germany,Berlin,15,0,NORMAL,0
6663.95,Luxury,Debit Card,India,Bangalore,15,0,NORMAL,0
47.53,Gaming,Debit Card,India,Bangalore,15,0,NORMAL,0
101.58,Gaming,Wallet,UK,London,15,0,NORMAL,0
95.64,Gaming,Wallet,India,Bangalore,15,0,NORMAL,0
5409.04,Electronics,Credit Card,Russia,Moscow,15,0,FRAUD,1
32.59,Transportation,UPI,UK,London,15,0,NORMAL,0
554.4,Travel,UPI,Canada,Toronto,15,0,NORMAL,0
115.92,Transportation,Net Banking,India,Mumbai,15,0,NORMAL,0
928.56,Travel,Credit Card,USA,Chicago,15,0,NORMAL,0
7464.84,Luxury,Credit Card,Russia,Moscow,15,0,FRAUD,1
802.01,Travel,Net Banking,UK,London,15,0,NORMAL,0
97.14,Transportation,Debit Card,Germany,Berlin,15,0,NORMAL,0
4128.6,Electronics,Wallet,Germany,Berlin,15,0,SUSPICIOUS,0
5325.39,Luxury,Wallet,Germany,Berlin,15,0,NORMAL,0
7053.02,Luxury,Credit Card,UK,London,15,0,NORMAL,0
286.42,Retail,Debit Card,USA,New York,15,0,NORMAL,0
346.33,Retail,Wallet,Canada,Toronto,15,0,NORMAL,0
15.3,Gaming,Wallet,UK,London,15,0,NORMAL,0
1670.01,Travel,UPI,Singapore,Singapore,15,0,NORMAL,0
2976.85,Travel,UPI,Germany,Berlin,15,0,NORMAL,0
278.64,Retail,UPI,Canada,Toronto,15,0,NORMAL,0
70.77,Food,Credit Card,Singapore,Singapore,15,0,NORMAL,0
156.08,Gaming,Debit Card,Canada,Toronto,15,0,NORMAL,0
191.99,Travel,Net Banking,India,Bangalore,15,0,NORMAL,0
3368.56,Electronics,Wallet,India,Bangalore,15,0,NORMAL,0
3625.82,Electronics,Wallet,Germany,Berlin,15,0,SUSPICIOUS,0
183.85,Retail,Net Banking,USA,Chicago,15,0,NORMAL,0
1341.72,Electronics,Credit Card,Singapore,Singapore,15,0,NORMAL,0
86.31,Fuel,Debit Card,Canada,Toronto,15,0,NORMAL,0
894.58,Travel,Net Banking,India,Mumbai,15,0,NORMAL,0
59.13,Food,Credit Card,UK,London,15,0,NORMAL,0
300.19,Retail,Credit Card,USA,New York,15,0,NORMAL,0
3670.19,Electronics,Debit Card,Singapore,Singapore,15,0,SUSPICIOUS,0
421.52,Retail,Wallet,Canada,Toronto,15,0,NORMAL,0
63.59,Fuel,UPI,India,Bangalore,15,0,NORMAL,0
74.08,Gaming,Debit Card,Singapore,Singapore,15,0,NORMAL,0
368.94,Retail,Wallet,USA,New York,15,0,NORMAL,0
80.17,Retail,Wallet,Singapore,Singapore,15,0,NORMAL,0
4624.52,Electronics,Debit Card,India,Bangalore,15,0,NORMAL,0
136.95,Fuel,UPI,UK,London,15,0,NORMAL,0
2891.07,Travel,Wallet,India,Bangalore,15,0,SUSPICIOUS,0
3452.6,Electronics,Wallet,Germany,Berlin,15,0,SUSPICIOUS,0
3646.71,Electronics,Credit Card,India,Mumbai,15,0,NORMAL,0
179.84,Pharmacy,Debit Card,Germany,Berlin,15,0,NORMAL,0
58.61,Pharmacy,Debit Card,USA,Chicago,15,0,NORMAL,0
8474.86,Luxury,Credit Card,North Korea,Pyongyang,15,0,FRAUD,1
119.22,Pharmacy,UPI,USA,New York,15,0,NORMAL,0
3834.37,Electronics,UPI,India,Mumbai,15,0,SUSPICIOUS,0
8042.27,Luxury,Credit Card,North Korea,Pyongyang,15,0,FRAUD,1
7147.58,Electronics,Credit Card,Russia,Moscow,15,0,FRAUD,1
1610.54,Travel,UPI,India,Mumbai,15,0,NORMAL,0
1879.31,Electronics,UPI,Germany,Berlin,15,0,SUSPICIOUS,0
113.46,Pharmacy,Debit Card,USA,New York,15,0,NORMAL,0
2333.13,Luxury,Debit Card,India,Bangalore,15,0,NORMAL,0
12.71,Food,Net Banking,India,Bangalore,15,0,NORMAL,0
2053.42,Travel,Wallet,UK,London,15,0,SUSPICIOUS,0
7.65,Food,Credit Card,India,Mumbai,15,0,NORMAL,0
2615.1,Electronics,UPI,USA,New York,15,0,NORMAL,0
64.1,Food,Wallet,India,Bangalore,15,0,NORMAL,0
39.44,Gaming,Credit Card,Canada,Toronto,15,0,NORMAL,0
2625.18,Travel,UPI,India,Mumbai,15,0,NORMAL,0
90.67,Pharmacy,Debit Card,Canada,Toronto,15,0,NORMAL,0
54.3,Food,Credit Card,India,Bangalore,15,0,NORMAL,0
2590.68,Luxury,UPI,Canada,Toronto,15,0,SUSPICIOUS,0
6887.73,Electronics,Credit Card,Iran,Tehran,15,0,FRAUD,1
481.36,Travel,Credit Card,Germany,Berlin,15,0,NORMAL,0
351.55,Retail,Debit Card,Canada,Toronto,15,0,NORMAL,0
50.4,Food,Credit Card,Canada,Toronto,15,0,NORMAL,0
34.18,Gaming,Credit Card,USA,New York,15,0,NORMAL,0
160.22,Pharmacy,UPI,India,Mumbai,15,0,NORMAL,0
8670.61,Luxury,Credit Card,North Korea,Pyongyang,15,0,FRAUD,1
3518.32,Electronics,Credit Card,UK,London,15,0,SUSPICIOUS,0
4363.83,Electronics,UPI,Singapore,Singapore,15,0,SUSPICIOUS,0
2954.13,Electronics,Credit Card,Germany,Berlin,15,0,SUSPICIOUS,0
4956.35,Electronics,Credit Card,Russia,Moscow,15,0,FRAUD,1
64.76,Food,Credit Card,UK,London,15,0,NORMAL,0
5848.72,Electronics,Credit Card,North Korea,Pyongyang,15,0,FRAUD,1
74.11,Transportation,Wallet,USA,Chicago,15,0,NORMAL,0
189.74,Travel,Credit Card,USA,Chicago,15,0,NORMAL,0
1752.36,Travel,Net Banking,USA,New York,15,0,NORMAL,0
4421.78,Electronics,Wallet,UK,London,15,0,NORMAL,0
6892.19,Luxury,Credit Card,Iran,Tehran,15,0,FRAUD,1
6040.2,Luxury,UPI,Canada,Toronto,15,0,NORMAL,0
1207.32,Travel,Credit Card,India,Mumbai,15,0,NORMAL,0
334.14,Retail,Wallet,India,Bangalore,15,0,NORMAL,0
1996.02,Travel,Wallet,USA,New York,15,0,NORMAL,0
2667.31,Luxury,Net Banking,India,Bangalore,15,0,NORMAL,0
11.15,Transportation,Net Banking,India,Mumbai,15,0,NORMAL,0
457.49,Retail,Wallet,Canada,Toronto,15,0,NORMAL,0
48.01,Transportation,Debit Card,Singapore,Singapore,15,0,NORMAL,0
4947.91,Luxury,Credit Card,Canada,Toronto,15,0,NORMAL,0
5812.75,Luxury,Credit Card,India,Bangalore,15,0,NORMAL,0
455.27,Retail,UPI,India,Mumbai,15,0,NORMAL,0
96.83,Fuel,Debit Card,Canada,Toronto,15,0,NORMAL,0
175.99,Gaming,Credit Card,India,Bangalore,15,0,NORMAL,0
36.44,Transportation,UPI,India,Bangalore,15,0,NORMAL,0
66.63,Fuel,Net Banking,India,Mumbai,15,0,NORMAL,0
2919.67,Travel,Credit Card,Canada,Toronto,15,0,NORMAL,0
2220.36,Travel,Debit Card,India,Mumbai,15,0,NORMAL,0
4165.51,Travel,Net Banking,USA,Chicago,15,0,SUSPICIOUS,0
489.9,Retail,UPI,Singapore,Singapore,15,0,NORMAL,0
6422.08,Electronics,Credit Card,Iran,Tehran,15,0,FRAUD,1
403.38,Retail,Credit Card,Canada,Toronto,15,0,NORMAL,0
4051.69,Electronics,UPI,Canada,Toronto,15,0,NORMAL,0
2959.24,Travel,Wallet,India,Bangalore,15,0,SUSPICIOUS,0
3404.97,Electronics,Net Banking,USA,Chicago,15,0,NORMAL,0
401.61,Retail,Credit Card,India,Mumbai,15,0,NORMAL,0
189.57,Pharmacy,Debit Card,Germany,Berlin,15,0,NORMAL,0
98.75,Transportation,Debit Card,India,Mumbai,15,0,NORMAL,0
6171.8,Electronics,Credit Card,North Korea,Pyongyang,15,0,FRAUD,1
2418.39,Travel,Credit Card,USA,New York,15,0,NORMAL,0
111.66,Transportation,Net Banking,USA,New York,15,0,NORMAL,0
8035.31,Electronics,Credit Card,North Korea,Pyongyang,15,0,FRAUD,1
4857.73,Luxury,Net Banking,USA,Chicago,15,0,NORMAL,0
5012.3,Electronics,Credit Card,Iran,Tehran,15,0,FRAUD,1
347.08,Electronics,Net Banking,India,Mumbai,15,0,NORMAL,0
6080.35,Luxury,Credit Card,India,Bangalore,15,0,NORMAL,0
2315.2,Electronics,UPI,Canada,Toronto,15,0,NORMAL,0
52.04,Food,UPI,India,Bangalore,15,0,NORMAL,0
3362.5,Electronics,UPI,India,Bangalore,15,0,SUSPICIOUS,0
2170.58,Travel,Net Banking,Germany,Berlin,15,0,NORMAL,0
146.62,Retail,Wallet,USA,New York,15,0,NORMAL,0
100.74,Gaming,Wallet,UK,London,15,0,NORMAL,0
54.33,Food,Credit Card,Singapore,Singapore,15,0,NORMAL,0
7910.3,Luxury,Credit Card,Iran,Tehran,15,0,FRAUD,1
357.69,Retail,UPI,Germany,Berlin,15,0,NORMAL,0
3925.37,Luxury,Credit Card,UK,London,15,0,NORMAL,0
7143.59,Luxury,Credit Card,India,Bangalore,15,0,NORMAL,0
3034.91,Luxury,Wallet,Singapore,Singapore,15,0,NORMAL,0
3027.89,Electronics,Net Banking,Germany,Berlin,15,0,SUSPICIOUS,0
10.75,Food,Debit Card,USA,New York,15,0,NORMAL,0
322.03,Retail,Wallet,Canada,Toronto,15,0,NORMAL,0
118.88,Fuel,UPI,Germany,Berlin,15,0,NORMAL,0
2346.11,Electronics,Wallet,India,Bangalore,15,0,SUSPICIOUS,0
113.23,Gaming,Debit Card,USA,New York,15,0,NORMAL,0
137.18,Retail,Wallet,Germany,Berlin,15,0,NORMAL,0
7639.18,Luxury,UPI,India,Bangalore,15,0,NORMAL,0
2201.5,Travel,Debit Card,Singapore,Singapore,15,0,NORMAL,0
482.56,Retail,UPI,Singapore,Singapore,15,0,NORMAL,0
47.51,Food,Debit Card,UK,London,15,0,NORMAL,0
67.58,Transportation,Wallet,USA,New York,15,0,NORMAL,0
6213.81,Luxury,Credit Card,Iran,Tehran,15,0,FRAUD,1
70.17,Transportation,UPI,Germany,Berlin,15,0,NORMAL,0
129.7,Pharmacy,Net Banking,India,Mumbai,15,0,NORMAL,0
100.63,Fuel,UPI,India,Bangalore,15,0,NORMAL,0
3390.86,Luxury,Wallet,India,Bangalore,15,0,NORMAL,0
18.65,Pharmacy,UPI,India,Bangalore,15,0,NORMAL,0
7092.36,Luxury,Net Banking,USA,New York,15,0,NORMAL,0
107.85,Fuel,UPI,USA,Chicago,15,0,NORMAL,0
308.32,Electronics,Debit Card,India,Bangalore,15,0,NORMAL,0
3096.85,Luxury,Net Banking,UK,London,15,0,NORMAL,0
13.41,Transportation,Credit Card,Singapore,Singapore,15,0,NORMAL,0
47.28,Food,UPI,USA,Chicago,15,0,NORMAL,0
4062.19,Luxury,Credit Card,Iran,Tehran,15,0,FRAUD,1
3960.1,Travel,Wallet,UK,London,15,0,SUSPICIOUS,0
176.79,Retail,Net Banking,UK,London,15,0,NORMAL,0
3659.33,Electronics,Credit Card,North Korea,Pyongyang,15,0,FRAUD,1
75.25,Transportation,Net Banking,India,Mumbai,15,0,NORMAL,0
68.62,Gaming,Net Banking,USA,Chicago,15,0,NORMAL,0
7425.95,Electronics,Credit Card,Russia,Moscow,15,0,FRAUD,1
451.7,Retail,Net Banking,India,Mumbai,15,0,NORMAL,0
1516.65,Travel,Credit Card,USA,Chicago,15,0,SUSPICIOUS,0
1706.95,Travel,Wallet,India,Mumbai,15,0,NORMAL,0
175.99,Retail,Net Banking,USA,Chicago,15,0,NORMAL,0
5005.97,Luxury,Wallet,Canada,Toronto,15,0,NORMAL,0
172.4,Gaming,UPI,Singapore,Singapore,15,0,NORMAL,0
3617.57,Electronics,Credit Card,Singapore,Singapore,15,0,NORMAL,0
5339.68,Luxury,Net Banking,India,Mumbai,15,0,NORMAL,0
2233.48,Travel,Debit Card,USA,New York,15,0,NORMAL,0
1409.53,Luxury,Wallet,USA,Chicago,15,0,NORMAL,0
3333.65,Luxury,Net Banking,Singapore,Singapore,15,0,NORMAL,0
111.02,Transportation,Wallet,UK,London,15,0,NORMAL,0
406.88,Retail,Wallet,USA,Chicago,15,0,NORMAL,0
6750.62,Luxury,Credit Card,Singapore,Singapore,15,0,NORMAL,0
27.52,Gaming,Debit Card,India,Bangalore,15,0,NORMAL,0
3278.76,Electronics,Wallet,India,Bangalore,15,0,NORMAL,0
8698.0,Luxury,Credit Card,Iran,Tehran,15,0,FRAUD,1
180.37,Retail,UPI,USA,New York,15,0,NORMAL,0
7949.08,Electronics,Credit Card,North Korea,Pyongyang,15,0,FRAUD,1
401.83,Retail,Debit Card,UK,London,15,0,NORMAL,0
56.82,Food,Net Banking,UK,London,15,0,NORMAL,0
68.83,Food,Credit Card,UK,London,15,0,NORMAL,0
91.01,Transportation,Credit Card,USA,New York,15,0,NORMAL,0
86.26,Fuel,Debit Card,Singapore,Singapore,15,0,NORMAL,0
7940.48,Luxury,Wallet,UK,London,15,0,NORMAL,0
8274.27,Luxury,Credit Card,North Korea,Pyongyang,15,0,FRAUD,1
5148.85,Luxury,UPI,Germany,Berlin,15,0,NORMAL,0
2481.51,Travel,UPI,USA,New York,15,0,NORMAL,0
7354.04,Luxury,Credit Card,North Korea,Pyongyang,15,0,FRAUD,1
53.1,Transportation,Credit Card,USA,New York,15,0,NORMAL,0
184.23,Pharmacy,Net Banking,Singapore,Singapore,15,0,NORMAL,0
161.7,Gaming,Wallet,India,Bangalore,15,0,NORMAL,0
1913.84,Luxury,Wallet,UK,London,15,0,NORMAL,0
3662.04,Electronics,Wallet,Canada,Toronto,15,0,NORMAL,0
78.37,Food,Credit Card,Canada,Toronto,15,0,NORMAL,0
54.84,Food,Net Banking,UK,London,15,0,NORMAL,0
6429.0,Luxury,UPI,Germany,Berlin,15,0,NORMAL,0
2746.27,Luxury,Debit Card,USA,New York,15,0,NORMAL,0
1196.92,Travel,Credit Card,Canada,Toronto,15,0,NORMAL,0
1014.36,Travel,Net Banking,India,Bangalore,15,0,NORMAL,0
7089.39,Electronics,Credit Card,North Korea,Pyongyang,15,0,FRAUD,1
1846.53,Travel,Wallet,India,Bangalore,15,0,NORMAL,0
691.71,Travel,Net Banking,UK,London,15,0,NORMAL,0
5211.59,Luxury,Credit Card,Iran,Tehran,15,0,FRAUD,1
1032.74,Electronics,UPI,USA,Chicago,15,0,NORMAL,0
242.24,Pharmacy,UPI,Germany,Berlin,15,0,NORMAL,0
125.24,Pharmacy,Net Banking,USA,New York,15,0,NORMAL,0
194.26,Gaming,Net Banking,UK,London,15,0,NORMAL,0
68.37,Fuel,Wallet,India,Mumbai,15,0,NORMAL,0
14.49,Gaming,Credit Card,India,Mumbai,15,0,NORMAL,0
17.96,Food,UPI,Germany,Berlin,15,0,NORMAL,0
4062.1,Luxury,UPI,Germany,Berlin,15,0,NORMAL,0
122.3,Retail,Debit Card,USA,New York,15,0,NORMAL,0
373.78,Retail,Wallet,Germany,Berlin,15,0,NORMAL,0
10.45,Transportation,Wallet,India,Bangalore,15,0,NORMAL,0
152.03,Gaming,UPI,Singapore,Singapore,15,0,NORMAL,0
2655.71,Travel,UPI,UK,London,15,0,NORMAL,0
120.04,Fuel,Debit Card,India,Bangalore,15,0,NORMAL,0
234.7,Travel,Net Banking,UK,London,15,0,NORMAL,0
395.68,Retail,Debit Card,USA,Chicago,15,0,NORMAL,0
494.66,Retail,Net Banking,Germany,Berlin,15,0,NORMAL,0
2936.17,Luxury,UPI,USA,Chicago,15,0,SUSPICIOUS,0
66.34,Transportation,Credit Card,Germany,Berlin,15,0,NORMAL,0
5807.57,Luxury,Credit Card,North Korea,Pyongyang,15,0,FRAUD,1
297.74,Retail,Credit Card,UK,London,15,0,NORMAL,0
752.8,Travel,Net Banking,India,Bangalore,15,0,NORMAL,0
205.56,Travel,Debit Card,India,Bangalore,15,0,NORMAL,0
267.62,Retail,Credit Card,India,Mumbai,15,0,NORMAL,0
1910.53,Travel,Credit Card,Canada,Toronto,15,0,NORMAL,0
2786.52,Luxury,Credit Card,Singapore,Singapore,15,0,SUSPICIOUS,0
4871.76,Electronics,Credit Card,Russia,Moscow,15,0,FRAUD,1
1946.14,Travel,Debit Card,Germany,Berlin,15,0,NORMAL,0
79.95,Food,Net Banking,USA,New York,15,0,NORMAL,0
24.11,Food,Credit Card,India,Bangalore,15,0,NORMAL,0
441.79,Retail,Wallet,USA,Chicago,15,0,NORMAL,0
3517.98,Luxury,Net Banking,Canada,Toronto,15,0,SUSPICIOUS,0
3844.7,Luxury,Net Banking,Singapore,Singapore,15,0,NORMAL,0
145.31,Fuel,Wallet,Singapore,Singapore,15,0,NORMAL,0
2038.34,Luxury,Credit Card,Canada,Toronto,15,0,SUSPICIOUS,0
5799.36,Luxury,Credit Card,North Korea,Pyongyang,15,0,FRAUD,1
64.35,Fuel,Debit Card,Germany,Berlin,15,0,NORMAL,0
138.19,Fuel,Debit Card,India,Mumbai,15,0,NORMAL,0
66.18,Food,UPI,UK,London,15,0,NORMAL,0
164.95,Pharmacy,Credit Card,Germany,Berlin,15,0,NORMAL,0
92.42,Pharmacy,UPI,India,Mumbai,15,0,NORMAL,0
58.24,Fuel,UPI,India,Mumbai,15,0,NORMAL,0
7462.91,Electronics,Credit Card,Russia,Moscow,15,0,FRAUD,1
73.79,Food,Wallet,India,Mumbai,15,0,NORMAL,0
671.58,Travel,Net Banking,Canada,Toronto,15,0,NORMAL,0
3489.03,Travel,UPI,Canada,Toronto,15,0,SUSPICIOUS,0
4662.04,Luxury,Wallet,Canada,Toronto,15,0,NORMAL,0
402.35,Retail,Debit Card,USA,Chicago,15,0,NORMAL,0
3758.36,Electronics,Debit Card,USA,New York,15,0,SUSPICIOUS,0
5327.15,Luxury,Credit Card,North Korea,Pyongyang,15,0,FRAUD,1
13.24,Transportation,UPI,USA,Chicago,15,0,NORMAL,0
130.23,Pharmacy,Debit Card,UK,London,15,0,NORMAL,0
94.34,Transportation,UPI,India,Bangalore,15,0,NORMAL,0
3772.64,Luxury,Wallet,USA,Chicago,15,0,NORMAL,0
48.59,Transportation,Wallet,India,Mumbai,15,0,NORMAL,0
4515.31,Luxury,UPI,Canada,Toronto,15,0,NORMAL,0
87.1,Fuel,Debit Card,Germany,Berlin,15,0,NORMAL,0
57.92,Gaming,Wallet,India,Mumbai,15,0,NORMAL,0
32.43,Gaming,Debit Card,Canada,Toronto,15,0,NORMAL,0
3369.54,Electronics,UPI,India,Bangalore,15,0,SUSPICIOUS,0
50.4,Food,UPI,USA,New York,15,0,NORMAL,0
124.88,Pharmacy,UPI,USA,New York,15,0,NORMAL,0
1523.29,Travel,Credit Card,UK,London,15,0,NORMAL,0
2504.28,Luxury,Debit Card,USA,Chicago,15,0,NORMAL,0
7918.0,Luxury,Credit Card,North Korea,Pyongyang,15,0,FRAUD,1
2922.06,Electronics,Wallet,USA,New York,15,0,SUSPICIOUS,0
367.88,Retail,UPI,Canada,Toronto,15,0,NORMAL,0
1918.88,Travel,UPI,Germany,Berlin,15,0,SUSPICIOUS,0
112.63,Transportation,Credit Card,Canada,Toronto,15,0,NORMAL,0
7747.84,Luxury,UPI,USA,Chicago,15,0,NORMAL,0
4990.92,Electronics,Credit Card,Canada,Toronto,15,0,NORMAL,0
16.2,Pharmacy,Credit Card,Germany,Berlin,15,0,NORMAL,0
87.88,Gaming,UPI,UK,London,15,0,NORMAL,0
39.61,Retail,Net Banking,India,Bangalore,15,0,NORMAL,0
53.15,Pharmacy,Wallet,USA,Chicago,15,0,NORMAL,0
3195.2,Electronics,Debit Card,Germany,Berlin,15,0,SUSPICIOUS,0
215.21,Retail,Debit Card,UK,London,15,0,NORMAL,0
3625.73,Luxury,Credit Card,Iran,Tehran,15,0,FRAUD,1
70.94,Pharmacy,UPI,USA,New York,15,0,NORMAL,0
8841.67,Electronics,Credit Card,Iran,Tehran,15,0,FRAUD,1
34.89,Pharmacy,UPI,UK,London,15,0,NORMAL,0
132.04,Fuel,Wallet,Singapore,Singapore,15,0,NORMAL,0
5885.95,Luxury,Debit Card,Germany,Berlin,15,0,NORMAL,0
450.06,Travel,Net Banking,USA,New York,15,0,NORMAL,0
2043.36,Electronics,Wallet,UK,London,15,0,NORMAL,0
133.25,Fuel,Wallet,Germany,Berlin,15,0,NORMAL,0
1135.75,Luxury,Credit Card,Singapore,Singapore,15,0,NORMAL,0
58.76,Food,Debit Card,Singapore,Singapore,15,0,NORMAL,0
1873.23,Travel,UPI,Canada,Toronto,15,0,NORMAL,0
129.46,Retail,Credit Card,India,Mumbai,15,0,NORMAL,0
170.09,Retail,Debit Card,USA,New York,15,0,NORMAL,0
30.53,Gaming,Debit Card,Canada,Toronto,15,0,NORMAL,0
50.05,Gaming,Debit Card,Germany,Berlin,15,0,NORMAL,0
7710.12,Luxury,Wallet,UK,London,15,0,NORMAL,0
84.04,Fuel,Debit Card,India,Bangalore,15,0,NORMAL,0
168.47,Gaming,UPI,Canada,Toronto,15,0,NORMAL,0
156.74,Pharmacy,Debit Card,Germany,Berlin,15,0,NORMAL,0
2014.16,Electronics,Debit Card,Germany,Berlin,15,0,NORMAL,0
566.38,Travel,Wallet,Singapore,Singapore,15,0,NORMAL,0
3473.43,Electronics,Credit Card,India,Bangalore,15,0,SUSPICIOUS,0
3882.56,Electronics,Credit Card,Germany,Berlin,15,0,NORMAL,0
17.63,Food,UPI,USA,Chicago,15,0,NORMAL,0
156.13,Pharmacy,Debit Card,Germany,Berlin,15,0,NORMAL,0
99.88,Fuel,UPI,Canada,Toronto,15,0,NORMAL,0
80.87,Pharmacy,Debit Card,UK,London,15,0,NORMAL,0
403.4,Retail,Net Banking,UK,London,15,0,NORMAL,0
54.68,Retail,Net Banking,USA,New York,15,0,NORMAL,0
133.64,Pharmacy,UPI,India,Mumbai,15,0,NORMAL,0
3300.29,Electronics,Net Banking,India,Bangalore,15,0,SUSPICIOUS,0
658.78,Travel,Debit Card,UK,London,15,0,NORMAL,0
27.61,Food,UPI,USA,New York,15,0,NORMAL,0
23.34,Fuel,Net Banking,Singapore,Singapore,15,0,NORMAL,0
119.86,Transportation,Credit Card,India,Mumbai,15,0,NORMAL,0
8690.51,Electronics,Credit Card,Iran,Tehran,15,0,FRAUD,1
2062.45,Luxury,Net Banking,USA,New York,15,0,NORMAL,0
107.93,Gaming,Credit Card,India,Bangalore,15,0,NORMAL,0
3504.93,Electronics,Credit Card,USA,Chicago,15,0,SUSPICIOUS,0
4738.64,Electronics,Debit Card,Canada,Toronto,15,0,NORMAL,0
225.08,Retail,Credit Card,India,Mumbai,15,0,NORMAL,0
65.04,Transportation,Debit Card,India,Bangalore,15,0,NORMAL,0
116.9,Transportation,Wallet,USA,New York,15,0,NORMAL,0
824.4,Electronics,Credit Card,Singapore,Singapore,15,0,NORMAL,0
246.25,Pharmacy,Debit Card,Canada,Toronto,15,0,NORMAL,0
458.73,Retail,Wallet,India,Bangalore,15,0,NORMAL,0
12.11,Transportation,Debit Card,USA,New York,15,0,NORMAL,0
335.72,Travel,Debit Card,USA,New York,15,0,NORMAL,0
2686.52,Travel,Debit Card,Canada,Toronto,15,0,NORMAL,0
2513.74,Electronics,Wallet,USA,New York,15,0,SUSPICIOUS,0
4166.98,Luxury,Credit Card,Russia,Moscow,15,0,FRAUD,1
1204.82,Travel,Net Banking,USA,Chicago,15,0,NORMAL,0
5475.05,Electronics,Credit Card,North Korea,Pyongyang,15,0,FRAUD,1
56.09,Transportation,Net Banking,Germany,Berlin,15,0,NORMAL,0
76.11,Fuel,Credit Card,USA,Chicago,15,0,NORMAL,0
29.79,Food,UPI,USA,New York,15,0,NORMAL,0
202.02,Retail,Credit Card,India,Mumbai,15,0,NORMAL,0
93.38,Transportation,Net Banking,India,Mumbai,15,0,NORMAL,0
92.19,Transportation,Credit Card,India,Bangalore,15,0,NORMAL,0
70.13,Food,Credit Card,India,Bangalore,15,0,NORMAL,0
33.01,Food,Wallet,Singapore,Singapore,15,0,NORMAL,0
296.54,Retail,Net Banking,USA,New York,15,0,NORMAL,0
28.23,Gaming,Net Banking,UK,London,15,0,NORMAL,0
1441.87,Travel,Net Banking,UK,London,15,0,NORMAL,0
29.68,Gaming,Debit Card,India,Mumbai,15,0,NORMAL,0
7390.04,Luxury,Credit Card,Singapore,Singapore,15,0,NORMAL,0
1097.36,Luxury,Net Banking,Canada,Toronto,15,0,NORMAL,0
41.8,Fuel,Debit Card,India,Bangalore,15,0,NORMAL,0
118.97,Transportation,Wallet,Germany,Berlin,15,0,NORMAL,0
473.69,Retail,Net Banking,Canada,Toronto,15,0,NORMAL,0
1271.6,Travel,Net Banking,Canada,Toronto,15,0,NORMAL,0
789.61,Travel,Debit Card,Singapore,Singapore,15,0,NORMAL,0
7873.9,Luxury,UPI,Germany,Berlin,15,0,NORMAL,0
1595.69,Electronics,UPI,UK,London,15,0,NORMAL,0
1867.58,Travel,Net Banking,India,Mumbai,15,0,NORMAL,0
279.72,Retail,Credit Card,USA,New York,15,0,NORMAL,0
17.51,Food,Net Banking,India,Bangalore,15,0,NORMAL,0
2551.91,Travel,Credit Card,UK,London,15,0,NORMAL,0
109.15,Gaming,Debit Card,India,Bangalore,15,0,NORMAL,0
4882.53,Luxury,Net Banking,UK,London,15,0,NORMAL,0
1470.44,Travel,Net Banking,India,Mumbai,15,0,NORMAL,0
2701.77,Electronics,UPI,India,Bangalore,15,0,NORMAL,0
3989.61,Electronics,Credit Card,UK,London,15,0,SUSPICIOUS,0
67.05,Food,Net Banking,USA,Chicago,15,0,NORMAL,0
3284.09,Electronics,Net Banking,USA,New York,15,0,NORMAL,0
66.29,Retail,Wallet,UK,London,15,0,NORMAL,0
5902.8,Luxury,Credit Card,Russia,Moscow,15,0,FRAUD,1
73.43,Fuel,Wallet,India,Bangalore,15,0,NORMAL,0
18.14,Food,UPI,Germany,Berlin,15,0,NORMAL,0
2488.82,Travel,Net Banking,India,Mumbai,15,0,NORMAL,0
11.21,Food,Wallet,Singapore,Singapore,15,0,NORMAL,0
186.44,Retail,UPI,UK,London,15,0,NORMAL,0
1136.16,Travel,Credit Card,Singapore,Singapore,15,0,NORMAL,0
424.99,Retail,Debit Card,USA,New York,15,0,NORMAL,0
3905.91,Luxury,Credit Card,India,Mumbai,15,0,NORMAL,0
2874.16,Electronics,Debit Card,Singapore,Singapore,15,0,NORMAL,0
49.78,Retail,UPI,Singapore,Singapore,15,0,NORMAL,0
3884.78,Electronics,Credit Card,North Korea,Pyongyang,15,0,FRAUD,1
37.3,Transportation,Credit Card,USA,New York,15,0,NORMAL,0
1825.55,Travel,UPI,India,Bangalore,15,0,NORMAL,0
5428.03,Electronics,Credit Card,Russia,Moscow,15,0,FRAUD,1
160.01,Gaming,Debit Card,Singapore,Singapore,15,0,NORMAL,0
43.92,Retail,Credit Card,Germany,Berlin,15,0,NORMAL,0
40.85,Food,Credit Card,India,Bangalore,15,0,NORMAL,0
122.95,Pharmacy,UPI,Germany,Berlin,15,0,NORMAL,0
6216.44,Luxury,Credit Card,Russia,Moscow,15,0,FRAUD,1
15.94,Gaming,Credit Card,UK,London,15,0,NORMAL,0
20.84,Pharmacy,UPI,Singapore,Singapore,15,0,NORMAL,0
6428.28,Electronics,Credit Card,Russia,Moscow,15,0,FRAUD,1
1827.51,Luxury,UPI,Singapore,Singapore,15,0,NORMAL,0
2821.63,Luxury,Net Banking,USA,Chicago,15,0,SUSPICIOUS,0
76.69,Transportation,Wallet,Germany,Berlin,15,0,NORMAL,0
4466.11,Luxury,Net Banking,Germany,Berlin,15,0,SUSPICIOUS,0
105.48,Transportation,Credit Card,USA,Chicago,15,0,NORMAL,0
75.2,Transportation,Credit Card,USA,Chicago,15,0,NORMAL,0
1850.83,Travel,UPI,USA,Chicago,15,0,NORMAL,0
420.57,Retail,Credit Card,UK,London,15,0,NORMAL,0
2648.77,Travel,Debit Card,India,Mumbai,15,0,NORMAL,0
245.83,Retail,Debit Card,USA,Chicago,15,0,NORMAL,0
1469.81,Travel,Debit Card,UK,London,15,0,NORMAL,0
8987.01,Electronics,Credit Card,North Korea,Pyongyang,15,0,FRAUD,1
8109.09,Luxury,Credit Card,North Korea,Pyongyang,15,0,FRAUD,1
60.71,Food,Credit Card,India,Bangalore,15,0,NORMAL,0
4391.11,Luxury,UPI,Canada,Toronto,15,0,NORMAL,0
1061.53,Travel,Credit Card,India,Bangalore,15,0,NORMAL,0
62.78,Gaming,Debit Card,USA,Chicago,15,0,NORMAL,0
199.71,Pharmacy,Credit Card,USA,New York,15,0,NORMAL,0
111.87,Transportation,Wallet,UK,London,15,0,NORMAL,0
142.78,Fuel,Debit Card,UK,London,15,0,NORMAL,0
42.08,Food,Debit Card,India,Bangalore,15,0,NORMAL,0
167.61,Retail,Net Banking,USA,Chicago,15,0,NORMAL,0
103.27,Retail,Debit Card,India,Bangalore,15,0,NORMAL,0
175.43,Gaming,Net Banking,Canada,Toronto,15,0,NORMAL,0
38.81,Food,Net Banking,USA,New York,15,0,NORMAL,0
140.24,Pharmacy,UPI,Germany,Berlin,15,0,NORMAL,0
163.73,Gaming,UPI,Singapore,Singapore,15,0,NORMAL,0
189.1,Retail,UPI,Germany,Berlin,15,0,NORMAL,0
191.95,Gaming,Debit Card,USA,New York,15,0,NORMAL,0
49.98,Retail,UPI,India,Mumbai,15,0,NORMAL,0
474.09,Travel,Wallet,UK,London,15,0,NORMAL,0
3368.29,Electronics,UPI,Singapore,Singapore,15,0,SUSPICIOUS,0
118.52,Fuel,Net Banking,Germany,Berlin,15,0,NORMAL,0
116.16,Gaming,Credit Card,Germany,Berlin,15,0,NORMAL,0
38.66,Pharmacy,Wallet,Canada,Toronto,15,0,NORMAL,0
4244.3,Electronics,Debit Card,USA,New York,15,0,NORMAL,0
23.87,Food,Credit Card,Canada,Toronto,15,0,NORMAL,0
617.07,Travel,Credit Card,USA,Chicago,15,0,NORMAL,0
161.56,Pharmacy,Net Banking,USA,Chicago,15,0,NORMAL,0
3478.93,Electronics,Net Banking,India,Mumbai,15,0,SUSPICIOUS,0
67.69,Transportation,Wallet,Canada,Toronto,15,0,NORMAL,0
5.16,Food,Credit Card,USA,New York,15,0,NORMAL,0
3560.65,Travel,Net Banking,UK,London,15,0,SUSPICIOUS,0
4077.22,Electronics,Credit Card,Iran,Tehran,15,0,FRAUD,1
1729.66,Travel,UPI,India,Mumbai,15,0,NORMAL,0
77.85,Pharmacy,Credit Card,Germany,Berlin,15,0,NORMAL,0
3247.55,Electronics,Credit Card,USA,New York,15,0,NORMAL,0
4984.4,Electronics,Credit Card,Russia,Moscow,15,0,FRAUD,1
195.73,Gaming,Credit Card,Germany,Berlin,15,0,NORMAL,0
137.56,Pharmacy,Net Banking,UK,London,15,0,NORMAL,0
5103.08,Luxury,Credit Card,Iran,Tehran,15,0,FRAUD,1
43.28,Transportation,Net Banking,India,Bangalore,15,0,NORMAL,0
2725.58,Travel,Net Banking,Canada,Toronto,15,0,NORMAL,0
106.89,Pharmacy,Wallet,Singapore,Singapore,15,0,NORMAL,0
6647.02,Luxury,Credit Card,Iran,Tehran,15,0,FRAUD,1
4039.68,Electronics,Credit Card,Russia,Moscow,15,0,FRAUD,1
4155.63,Travel,Debit Card,UK,London,15,0,SUSPICIOUS,0
7550.45,Electronics,Credit Card,Russia,Moscow,15,0,FRAUD,1
427.67,Retail,Net Banking,Singapore,Singapore,15,0,NORMAL,0
4326.84,Luxury,Credit Card,India,Bangalore,15,0,SUSPICIOUS,0
64.91,Food,Credit Card,USA,Chicago,15,0,NORMAL,0
143.16,Retail,Credit Card,USA,New York,15,0,NORMAL,0
7343.21,Luxury,Debit Card,USA,Chicago,15,0,NORMAL,0
1899.07,Electronics,Net Banking,USA,Chicago,15,0,SUSPICIOUS,0
31.5,Food,UPI,USA,Chicago,15,0,NORMAL,0
3839.7,Electronics,Credit Card,Iran,Tehran,15,0,FRAUD,1
1650.16,Electronics,Credit Card,Canada,Toronto,15,0,SUSPICIOUS,0
3634.94,Travel,Credit Card,Singapore,Singapore,15,0,SUSPICIOUS,0
1699.51,Travel,Net Banking,USA,Chicago,15,0,NORMAL,0
4291.41,Travel,Net Banking,Canada,Toronto,15,0,SUSPICIOUS,0
4937.26,Luxury,Credit Card,North Korea,Pyongyang,15,0,FRAUD,1
57.41,Transportation,Credit Card,India,Mumbai,15,0,NORMAL,0
86.92,Pharmacy,Wallet,UK,London,15,0,NORMAL,0
60.13,Food,Wallet,India,Bangalore,15,0,NORMAL,0
345.25,Retail,Wallet,India,Mumbai,15,0,NORMAL,0
274.25,Retail,Net Banking,India,Mumbai,15,0,NORMAL,0
5203.81,Luxury,Wallet,India,Bangalore,15,0,NORMAL,0
530.18,Travel,UPI,USA,Chicago,15,0,NORMAL,0
2590.43,Travel,Net Banking,UK,London,15,0,SUSPICIOUS,0
95.11,Transportation,Net Banking,Singapore,Singapore,15,0,NORMAL,0
52.23,Retail,Credit Card,India,Mumbai,15,0,NORMAL,0
1139.21,Travel,Net Banking,Canada,Toronto,15,0,NORMAL,0
36.6,Food,UPI,Singapore,Singapore,15,0,NORMAL,0
4196.78,Luxury,Debit Card,UK,London,15,0,NORMAL,0
4550.93,Luxury,Credit Card,Russia,Moscow,15,0,FRAUD,1
2250.34,Electronics,UPI,India,Mumbai,15,0,NORMAL,0
69.08,Pharmacy,Wallet,UK,London,15,0,NORMAL,0
1057.19,Travel,Net Banking,Canada,Toronto,15,0,NORMAL,0
4721.06,Electronics,Net Banking,India,Mumbai,15,0,NORMAL,0
201.0,Pharmacy,Wallet,UK,London,15,0,NORMAL,0
1145.88,Electronics,Credit Card,UK,London,15,0,NORMAL,0
103.78,Transportation,Net Banking,Singapore,Singapore,15,0,NORMAL,0
13.67,Transportation,Credit Card,UK,London,15,0,NORMAL,0
7899.13,Luxury,Credit Card,Russia,Moscow,15,0,FRAUD,1
39.58,Retail,Wallet,USA,New York,15,0,NORMAL,0
162.73,Travel,Credit Card,India,Mumbai,15,0,NORMAL,0
1355.6,Travel,Credit Card,USA,New York,15,0,NORMAL,0
3696.73,Travel,UPI,Germany,Berlin,15,0,SUSPICIOUS,0
35.4,Food,Net Banking,India,Mumbai,15,0,NORMAL,0
3221.44,Luxury,Credit Card,USA,Chicago,15,0,SUSPICIOUS,0
21.55,Pharmacy,Net Banking,Germany,Berlin,15,0,NORMAL,0
53.19,Pharmacy,Credit Card,Singapore,Singapore,15,0,NORMAL,0
3444.94,Travel,Credit Card,Singapore,Singapore,15,0,SUSPICIOUS,0
697.41,Travel,Credit Card,Germany,Berlin,15,0,NORMAL,0
335.45,Retail,Wallet,India,Mumbai,15,0,NORMAL,0
1999.92,Travel,Net Banking,India,Mumbai,15,0,SUSPICIOUS,0
210.31,Retail,Net Banking,Singapore,Singapore,15,0,NORMAL,0
172.93,Gaming,Debit Card,USA,New York,15,0,NORMAL,0
2579.22,Electronics,Net Banking,Germany,Berlin,15,0,NORMAL,0
70.69,Fuel,UPI,Canada,Toronto,15,0,NORMAL,0
262.08,Retail,UPI,USA,Chicago,15,0,NORMAL,0
209.34,Travel,Credit Card,Canada,Toronto,15,0,NORMAL,0
4353.23,Luxury,Credit Card,Russia,Moscow,15,0,FRAUD,1
123.06,Pharmacy,Credit Card,Germany,Berlin,15,0,NORMAL,0
97.85,Transportation,Debit Card,India,Mumbai,15,0,NORMAL,0
2951.1,Electronics,Net Banking,Singapore,Singapore,15,0,SUSPICIOUS,0
4273.73,Electronics,Debit Card,Canada,Toronto,15,0,SUSPICIOUS,0
91.03,Transportation,Credit Card,Germany,Berlin,15,0,NORMAL,0
3818.63,Luxury,Wallet,India,Mumbai,15,0,SUSPICIOUS,0
218.87,Retail,Wallet,India,Bangalore,15,0,NORMAL,0
31.88,Retail,Net Banking,Singapore,Singapore,15,0,NORMAL,0
48.61,Food,UPI,Germany,Berlin,15,0,NORMAL,0
14.09,Food,UPI,Germany,Berlin,15,0,NORMAL,0
7254.66,Luxury,Debit Card,USA,New York,15,0,NORMAL,0
4292.97,Electronics,Credit Card,India,Bangalore,15,0,SUSPICIOUS,0
19.79,Transportation,UPI,USA,New York,15,0,NORMAL,0
6663.69,Electronics,Credit Card,Russia,Moscow,15,0,FRAUD,1
23.58,Food,Net Banking,India,Bangalore,15,0,NORMAL,0
836.0,Travel,Net Banking,Canada,Toronto,15,0,NORMAL,0
300.77,Retail,Credit Card,UK,London,15,0,NORMAL,0
103.36,Gaming,Debit Card,Germany,Berlin,15,0,NORMAL,0
882.83,Electronics,Wallet,Singapore,Singapore,15,0,NORMAL,0
2699.21,Electronics,Wallet,UK,London,15,0,NORMAL,0
238.88,Retail,Debit Card,USA,Chicago,15,0,NORMAL,0
4283.77,Electronics,Wallet,Germany,Berlin,15,0,NORMAL,0
488.58,Electronics,UPI,Canada,Toronto,15,0,NORMAL,0
66.12,Fuel,Debit Card,UK,London,15,0,NORMAL,0
2854.04,Travel,UPI,Canada,Toronto,15,0,NORMAL,0
86.86,Fuel,Wallet,USA,New York,15,0,NORMAL,0
1969.27,Luxury,Credit Card,India,Mumbai,15,0,NORMAL,0
358.14,Electronics,Net Banking,Canada,Toronto,15,0,NORMAL,0
3489.91,Electronics,Net Banking,USA,Chicago,15,0,NORMAL,0
1902.49,Electronics,Credit Card,Canada,Toronto,15,0,SUSPICIOUS,0
454.45,Retail,Credit Card,USA,Chicago,15,0,NORMAL,0
7014.16,Luxury,Credit Card,Iran,Tehran,15,0,FRAUD,1
1246.39,Travel,Credit Card,USA,Chicago,15,0,NORMAL,0
3645.82,Luxury,Credit Card,Canada,Toronto,15,0,NORMAL,0
117.29,Transportation,UPI,Canada,Toronto,15,0,NORMAL,0
56.37,Fuel,Wallet,USA,Chicago,15,0,NORMAL,0
46.96,Food,Net Banking,India,Mumbai,15,0,NORMAL,0
473.9,Retail,Net Banking,USA,New York,15,0,NORMAL,0
12.99,Food,Credit Card,Singapore,Singapore,15,0,NORMAL,0
7313.94,Luxury,Credit Card,Russia,Moscow,15,0,FRAUD,1
8.97,Food,UPI,USA,New York,15,0,NORMAL,0
4654.82,Electronics,Wallet,USA,New York,15,0,NORMAL,0
2855.98,Travel,Debit Card,India,Bangalore,15,0,NORMAL,0
4235.02,Electronics,Credit Card,Russia,Moscow,15,0,FRAUD,1
1699.78,Travel,Credit Card,India,Bangalore,15,0,NORMAL,0
231.09,Pharmacy,UPI,Singapore,Singapore,15,0,NORMAL,0
2528.86,Luxury,Debit Card,Canada,Toronto,15,0,NORMAL,0
4403.88,Electronics,Net Banking,Germany,Berlin,15,0,SUSPICIOUS,0
2540.05,Travel,Wallet,Canada,Toronto,15,0,SUSPICIOUS,0
11.12,Transportation,Wallet,USA,Chicago,15,0,NORMAL,0
1374.09,Travel,Credit Card,Canada,Toronto,15,0,NORMAL,0
66.25,Gaming,Net Banking,Canada,Toronto,15,0,NORMAL,0
3729.38,Travel,UPI,India,Mumbai,15,0,SUSPICIOUS,0
75.52,Fuel,Net Banking,UK,London,15,0,NORMAL,0
45.63,Fuel,Net Banking,Canada,Toronto,15,0,NORMAL,0
2096.8,Travel,Net Banking,Singapore,Singapore,15,0,NORMAL,0
35.58,Transportation,Wallet,Germany,Berlin,15,0,NORMAL,0
143.98,Pharmacy,UPI,India,Mumbai,15,0,NORMAL,0
3043.43,Electronics,UPI,India,Bangalore,15,0,SUSPICIOUS,0
455.79,Retail,Net Banking,Canada,Toronto,15,0,NORMAL,0
6947.62,Luxury,Wallet,India,Mumbai,15,0,NORMAL,0
138.43,Retail,Wallet,India,Mumbai,15,0,NORMAL,0
238.2,Pharmacy,Debit Card,UK,London,15,0,NORMAL,0
61.68,Gaming,UPI,USA,New York,15,0,NORMAL,0
483.82,Retail,Debit Card,India,Mumbai,15,0,NORMAL,0
33.26,Food,Wallet,USA,Chicago,15,0,NORMAL,0
354.08,Retail,UPI,India,Mumbai,15,0,NORMAL,0
192.12,Gaming,Wallet,USA,New York,15,0,NORMAL,0
2456.7,Luxury,Credit Card,USA,New York,15,0,SUSPICIOUS,0
2605.45,Electronics,Wallet,USA,New York,15,0,SUSPICIOUS,0
250.57,Retail,Credit Card,USA,Chicago,15,0,NORMAL,0
18.53,Food,Credit Card,USA,New York,15,0,NORMAL,0
505.19,Travel,UPI,UK,London,15,0,NORMAL,0
64.26,Transportation,UPI,Germany,Berlin,15,0,NORMAL,0
8374.18,Electronics,Credit Card,Iran,Tehran,15,0,FRAUD,1
398.43,Retail,Wallet,Canada,Toronto,15,0,NORMAL,0
136.67,Fuel,UPI,UK,London,15,0,NORMAL,0
16.9,Food,UPI,India,Mumbai,15,0,NORMAL,0
66.12,Fuel,UPI,Germany,Berlin,15,0,NORMAL,0
3725.99,Electronics,Wallet,India,Mumbai,15,0,NORMAL,0
179.18,Gaming,Debit Card,USA,Chicago,15,0,NORMAL,0
30.99,Fuel,Credit Card,Singapore,Singapore,15,0,NORMAL,0
6844.95,Luxury,Wallet,USA,Chicago,15,0,NORMAL,0
5903.23,Luxury,Wallet,USA,Chicago,15,0,NORMAL,0
174.19,Gaming,Credit Card,Singapore,Singapore,15,0,NORMAL,0
2143.77,Travel,Net Banking,Germany,Berlin,15,0,SUSPICIOUS,0
4516.3,Luxury,Credit Card,Russia,Moscow,15,0,FRAUD,1
3777.37,Travel,Debit Card,UK,London,15,0,SUSPICIOUS,0
1272.33,Electronics,UPI,UK,London,15,0,NORMAL,0
2082.68,Electronics,UPI,Canada,Toronto,15,0,NORMAL,0
132.61,Gaming,UPI,Singapore,Singapore,15,0,NORMAL,0
1158.86,Travel,UPI,India,Mumbai,15,0,NORMAL,0
3641.96,Travel,Wallet,Singapore,Singapore,15,0,SUSPICIOUS,0
57.78,Food,UPI,India,Mumbai,15,0,NORMAL,0
104.87,Transportation,UPI,USA,New York,15,0,NORMAL,0
2073.05,Travel,Net Banking,USA,New York,15,0,NORMAL,0
4306.85,Luxury,Credit Card,Iran,Tehran,15,0,FRAUD,1
2758.17,Electronics,Net Banking,Canada,Toronto,15,0,NORMAL,0
318.93,Retail,Credit Card,USA,Chicago,15,0,NORMAL,0
2603.85,Electronics,UPI,UK,London,15,0,SUSPICIOUS,0
27.02,Gaming,Net Banking,USA,New York,15,0,NORMAL,0
899.23,Travel,Net Banking,UK,London,15,0,NORMAL,0
99.35,Pharmacy,Debit Card,USA,Chicago,15,0,NORMAL,0
377.64,Travel,Credit Card,India,Bangalore,15,0,NORMAL,0
3431.62,Electronics,Credit Card,Germany,Berlin,15,0,NORMAL,0
46.33,Food,Credit Card,Germany,Berlin,15,0,NORMAL,0
3533.32,Electronics,UPI,UK,London,15,0,SUSPICIOUS,0
2255.52,Electronics,Credit Card,Singapore,Singapore,15,0,NORMAL,0
4383.69,Travel,Credit Card,USA,Chicago,15,0,SUSPICIOUS,0
3577.0,Electronics,UPI,India,Mumbai,15,0,SUSPICIOUS,0
81.21,Transportation,UPI,USA,Chicago,15,0,NORMAL,0
3253.56,Electronics,UPI,Singapore,Singapore,15,0,NORMAL,0
157.45,Travel,Credit Card,USA,Chicago,15,0,NORMAL,0
205.68,Pharmacy,Net Banking,Canada,Toronto,15,0,NORMAL,0
56.36,Gaming,Credit Card,UK,London,15,0,NORMAL,0
62.15,Food,Credit Card,Germany,Berlin,15,0,NORMAL,0
4965.86,Electronics,UPI,Germany,Berlin,15,0,NORMAL,0
78.72,Food,Wallet,Singapore,Singapore,15,0,NORMAL,0
2855.52,Travel,UPI,USA,Chicago,15,0,SUSPICIOUS,0
79.58,Fuel,Net Banking,India,Bangalore,15,0,NORMAL,0
6592.41,Luxury,Credit Card,Russia,Moscow,15,0,FRAUD,1
836.93,Electronics,Net Banking,India,Bangalore,15,0,NORMAL,0
479.99,Retail,Wallet,Canada,Toronto,15,0,NORMAL,0
141.86,Gaming,Net Banking,India,Mumbai,15,0,NORMAL,0
70.0,Food,Net Banking,India,Mumbai,15,0,NORMAL,0
36.76,Food,Debit Card,Germany,Berlin,15,0,NORMAL,0
8574.26,Electronics,Credit Card,North Korea,Pyongyang,15,0,FRAUD,1
53.95,Retail,Debit Card,UK,London,15,0,NORMAL,0
7007.32,Electronics,Credit Card,Iran,Tehran,15,0,FRAUD,1
7831.94,Luxury,Credit Card,Russia,Moscow,15,0,FRAUD,1
417.12,Electronics,Wallet,Singapore,Singapore,15,0,NORMAL,0
465.02,Retail,Debit Card,UK,London,15,0,NORMAL,0
2721.67,Electronics,Credit Card,Canada,Toronto,15,0,NORMAL,0
473.62,Retail,Net Banking,UK,London,15,0,NORMAL,0
7086.69,Electronics,Credit Card,Russia,Moscow,15,0,FRAUD,1
151.43,Pharmacy,Wallet,Singapore,Singapore,15,0,NORMAL,0
44.0,Fuel,Credit Card,USA,Chicago,15,0,NORMAL,0
292.04,Retail,Credit Card,Canada,Toronto,15,0,NORMAL,0
2057.03,Travel,Debit Card,USA,Chicago,15,0,NORMAL,0
2029.78,Travel,Net Banking,Germany,Berlin,15,0,SUSPICIOUS,0
50.46,Food,Credit Card,India,Bangalore,15,0,NORMAL,0
2684.98,Electronics,UPI,Canada,Toronto,15,0,SUSPICIOUS,0
175.09,Gaming,Wallet,India,Mumbai,15,0,NORMAL,0
63.47,Food,Net Banking,Germany,Berlin,15,0,NORMAL,0
147.15,Fuel,Net Banking,Canada,Toronto,15,0,NORMAL,0
2311.96,Travel,Credit Card,USA,Chicago,15,0,NORMAL,0
142.39,Gaming,Debit Card,UK,London,15,0,NORMAL,0
1254.02,Travel,Debit Card,Germany,Berlin,15,0,NORMAL,0
2435.9,Electronics,UPI,India,Bangalore,15,0,SUSPICIOUS,0
7439.41,Luxury,Credit Card,USA,Chicago,15,0,NORMAL,0
147.42,Pharmacy,Debit Card,India,Mumbai,15,0,NORMAL,0
150.94,Pharmacy,UPI,Canada,Toronto,15,0,NORMAL,0
3964.13,Electronics,Credit Card,India,Bangalore,15,0,SUSPICIOUS,0
3566.65,Electronics,Net Banking,Germany,Berlin,15,0,NORMAL,0
55.09,Transportation,Debit Card,Germany,Berlin,15,0,NORMAL,0
37.7,Food,Debit Card,India,Mumbai,15,0,NORMAL,0
3563.93,Electronics,Wallet,USA,Chicago,15,0,SUSPICIOUS,0
25.24,Gaming,Wallet,India,Mumbai,15,0,NORMAL,0
216.22,Travel,Debit Card,UK,London,15,0,NORMAL,0
83.86,Transportation,UPI,Germany,Berlin,15,0,NORMAL,0
706.28,Travel,Net Banking,Singapore,Singapore,15,0,NORMAL,0
4057.75,Luxury,Net Banking,USA,New York,15,0,NORMAL,0
5380.85,Electronics,Credit Card,North Korea,Pyongyang,15,0,FRAUD,1
52.96,Pharmacy,Net Banking,USA,New York,15,0,NORMAL,0
70.49,Gaming,UPI,India,Bangalore,15,0,NORMAL,0
50.7,Transportation,Wallet,Germany,Berlin,15,0,NORMAL,0
434.01,Retail,Debit Card,India,Mumbai,15,0,NORMAL,0
3964.98,Electronics,UPI,Germany,Berlin,15,0,SUSPICIOUS,0
449.01,Retail,Credit Card,India,Mumbai,15,0,NORMAL,0
196.68,Pharmacy,Credit Card,USA,Chicago,15,0,NORMAL,0
1925.64,Travel,Net Banking,Germany,Berlin,15,0,SUSPICIOUS,0
16.85,Transportation,Credit Card,USA,New York,15,0,NORMAL,0
20.83,Food,Wallet,Germany,Berlin,15,0,NORMAL,0
36.11,Pharmacy,Credit Card,Canada,Toronto,15,0,NORMAL,0
178.86,Pharmacy,UPI,USA,New York,15,0,NORMAL,0
336.11,Travel,Net Banking,USA,Chicago,15,0,NORMAL,0
17.48,Food,Credit Card,India,Bangalore,15,0,NORMAL,0
2210.74,Travel,Wallet,Germany,Berlin,15,0,SUSPICIOUS,0
129.28,Fuel,UPI,UK,London,15,0,NORMAL,0
36.75,Food,Net Banking,Singapore,Singapore,15,0,NORMAL,0
23.84,Pharmacy,Credit Card,India,Bangalore,15,0,NORMAL,0
66.09,Food,Wallet,USA,Chicago,15,0,NORMAL,0
2882.67,Electronics,Wallet,UK,London,15,0,NORMAL,0
4896.49,Electronics,Credit Card,North Korea,Pyongyang,15,0,FRAUD,1
3873.26,Travel,Credit Card,Canada,Toronto,15,0,SUSPICIOUS,0
1946.87,Travel,Debit Card,Canada,Toronto,15,0,NORMAL,0
1309.48,Luxury,Wallet,India,Bangalore,15,0,NORMAL,0
3674.98,Travel,UPI,USA,Chicago,15,0,SUSPICIOUS,0
420.06,Travel,Debit Card,USA,New York,15,0,NORMAL,0
483.07,Retail,Net Banking,Canada,Toronto,15,0,NORMAL,0
5318.78,Luxury,Net Banking,Germany,Berlin,15,0,NORMAL,0
346.65,Electronics,Net Banking,India,Mumbai,15,0,NORMAL,0
43.99,Transportation,Wallet,USA,Chicago,15,0,NORMAL,0
111.71,Retail,UPI,Canada,Toronto,15,0,NORMAL,0
3249.64,Luxury,Net Banking,India,Mumbai,15,0,SUSPICIOUS,0
2560.35,Electronics,UPI,USA,New York,15,0,SUSPICIOUS,0
30.92,Food,Wallet,India,Mumbai,15,0,NORMAL,0
1637.49,Electronics,Wallet,USA,New York,15,0,NORMAL,0
7224.87,Luxury,UPI,UK,London,15,0,NORMAL,0
1902.91,Luxury,Net Banking,Germany,Berlin,15,0,SUSPICIOUS,0
354.57,Retail,Credit Card,India,Mumbai,15,0,NORMAL,0
183.93,Gaming,Debit Card,UK,London,15,0,NORMAL,0
45.61,Transportation,Net Banking,India,Bangalore,15,0,NORMAL,0
38.67,Transportation,UPI,Germany,Berlin,15,0,NORMAL,0
5.39,Food,Debit Card,UK,London,15,0,NORMAL,0
147.44,Fuel,Debit Card,Singapore,Singapore,15,0,NORMAL,0
3604.81,Electronics,UPI,UK,London,15,0,SUSPICIOUS,0
2751.4,Electronics,Net Banking,USA,Chicago,15,0,NORMAL,0
4674.38,Luxury,Credit Card,North Korea,Pyongyang,15,0,FRAUD,1
112.67,Transportation,Debit Card,Germany,Berlin,15,0,NORMAL,0
1581.08,Travel,Debit Card,USA,New York,15,0,SUSPICIOUS,0
23.57,Pharmacy,Credit Card,USA,New York,15,0,NORMAL,0
87.43,Fuel,Net Banking,USA,Chicago,15,0,NORMAL,0
136.44,Fuel,UPI,Canada,Toronto,15,0,NORMAL,0
120.67,Gaming,UPI,USA,New York,15,0,NORMAL,0
92.08,Transportation,Wallet,India,Mumbai,15,0,NORMAL,0
2065.36,Travel,UPI,USA,New York,15,0,SUSPICIOUS,0
290.07,Retail,Credit Card,India,Mumbai,15,0,NORMAL,0
184.47,Pharmacy,UPI,India,Mumbai,15,0,NORMAL,0
1550.56,Travel,Credit Card,India,Bangalore,15,0,NORMAL,0
6407.73,Electronics,Credit Card,Iran,Tehran,15,0,FRAUD,1
127.81,Pharmacy,UPI,UK,London,15,0,NORMAL,0
3625.11,Luxury,Credit Card,Iran,Tehran,15,0,FRAUD,1
8659.31,Luxury,Credit Card,Russia,Moscow,15,0,FRAUD,1
117.28,Fuel,Debit Card,USA,Chicago,15,0,NORMAL,0
207.64,Pharmacy,Net Banking,India,Bangalore,15,0,NORMAL,0
8180.63,Electronics,Credit Card,North Korea,Pyongyang,15,0,FRAUD,1
466.38,Retail,Net Banking,Germany,Berlin,15,0,NORMAL,0
4792.83,Electronics,Credit Card,Russia,Moscow,15,0,FRAUD,1
75.7,Fuel,Credit Card,Singapore,Singapore,15,0,NORMAL,0
146.48,Gaming,Net Banking,USA,Chicago,15,0,NORMAL,0
4922.19,Electronics,UPI,UK,London,15,0,NORMAL,0
103.03,Transportation,Credit Card,USA,Chicago,15,0,NORMAL,0
249.42,Retail,Wallet,Canada,Toronto,15,0,NORMAL,0
131.24,Pharmacy,Net Banking,India,Bangalore,15,0,NORMAL,0
4468.88,Luxury,Net Banking,Canada,Toronto,15,0,NORMAL,0
6058.46,Luxury,Credit Card,North Korea,Pyongyang,15,0,FRAUD,1
1703.07,Luxury,UPI,Singapore,Singapore,15,0,NORMAL,0
2775.23,Electronics,Debit Card,India,Mumbai,15,0,NORMAL,0
225.28,Pharmacy,Credit Card,USA,New York,15,0,NORMAL,0
7817.63,Luxury,Credit Card,Russia,Moscow,15,0,FRAUD,1
1430.76,Electronics,UPI,Canada,Toronto,15,0,NORMAL,0
262.68,Retail,Debit Card,Canada,Toronto,15,0,NORMAL,0
69.19,Fuel,Wallet,USA,New York,15,0,NORMAL,0
128.54,Gaming,Credit Card,Canada,Toronto,15,0,NORMAL,0
1612.65,Travel,Debit Card,USA,New York,15,0,NORMAL,0
60.44,Retail,UPI,Singapore,Singapore,15,0,NORMAL,0
3661.19,Luxury,Credit Card,Iran,Tehran,15,0,FRAUD,1
2285.46,Electronics,Credit Card,UK,London,15,0,SUSPICIOUS,0
16.64,Food,Wallet,Canada,Toronto,15,0,NORMAL,0
5753.2,Electronics,Credit Card,North Korea,Pyongyang,15,0,FRAUD,1
1702.07,Travel,Net Banking,India,Bangalore,15,0,NORMAL,0
84.34,Transportation,Net Banking,Singapore,Singapore,15,0,NORMAL,0
8173.85,Luxury,Credit Card,Iran,Tehran,15,0,FRAUD,1
4268.85,Electronics,Debit Card,Germany,Berlin,15,0,NORMAL,0
4589.27,Electronics,Credit Card,USA,Chicago,15,0,NORMAL,0
60.3,Retail,Credit Card,India,Mumbai,15,0,NORMAL,0
57.78,Gaming,Wallet,USA,New York,15,0,NORMAL,0
908.07,Travel,Debit Card,Canada,Toronto,15,0,NORMAL,0
4809.17,Electronics,Credit Card,Russia,Moscow,15,0,FRAUD,1
4664.97,Electronics,Net Banking,India,Bangalore,15,0,NORMAL,0
4342.06,Electronics,UPI,USA,New York,15,0,SUSPICIOUS,0
10.07,Food,Net Banking,Singapore,Singapore,15,0,NORMAL,0
49.83,Fuel,UPI,India,Mumbai,15,0,NORMAL,0
3950.39,Travel,Credit Card,Singapore,Singapore,15,0,SUSPICIOUS,0
1272.51,Travel,Credit Card,Singapore,Singapore,15,0,NORMAL,0
153.82,Pharmacy,Debit Card,Canada,Toronto,15,0,NORMAL,0
102.01,Transportation,Wallet,USA,Chicago,15,0,NORMAL,0
7278.74,Luxury,Credit Card,Russia,Moscow,15,0,FRAUD,1
245.02,Retail,Wallet,Germany,Berlin,15,0,NORMAL,0
26.71,Transportation,UPI,India,Bangalore,15,0,NORMAL,0
38.04,Retail,Debit Card,India,Bangalore,15,0,NORMAL,0
19.57,Food,UPI,India,Bangalore,15,0,NORMAL,0
4503.77,Electronics,UPI,Singapore,Singapore,15,0,NORMAL,0
200.39,Pharmacy,Net Banking,USA,Chicago,15,0,NORMAL,0
55.37,Food,Wallet,Germany,Berlin,15,0,NORMAL,0
2898.49,Travel,Debit Card,USA,New York,15,0,NORMAL,0
1675.04,Travel,Debit Card,Canada,Toronto,15,0,NORMAL,0
454.54,Electronics,Debit Card,Singapore,Singapore,15,0,NORMAL,0
384.06,Retail,Net Banking,Canada,Toronto,15,0,NORMAL,0
61.81,Food,Debit Card,India,Mumbai,15,0,NORMAL,0
129.25,Pharmacy,UPI,UK,London,15,0,NORMAL,0
1169.15,Electronics,Debit Card,Germany,Berlin,15,0,NORMAL,0
6220.85,Luxury,Net Banking,Germany,Berlin,15,0,NORMAL,0
8171.34,Luxury,Credit Card,North Korea,Pyongyang,15,0,FRAUD,1
2149.62,Electronics,UPI,Singapore,Singapore,15,0,NORMAL,0
116.29,Transportation,Wallet,UK,London,15,0,NORMAL,0
4450.24,Luxury,UPI,Singapore,Singapore,15,0,SUSPICIOUS,0
101.94,Retail,Debit Card,USA,Chicago,15,0,NORMAL,0
174.97,Gaming,Credit Card,USA,New York,15,0,NORMAL,0
23.14,Gaming,Wallet,Canada,Toronto,15,0,NORMAL,0
1845.59,Electronics,UPI,India,Bangalore,15,0,SUSPICIOUS,0
2483.83,Travel,Wallet,India,Bangalore,15,0,NORMAL,0
2703.8,Electronics,Net Banking,USA,New York,15,0,NORMAL,0
12.37,Food,Debit Card,USA,Chicago,15,0,NORMAL,0
5026.96,Luxury,Credit Card,North Korea,Pyongyang,15,0,FRAUD,1
135.0,Fuel,UPI,Canada,Toronto,15,0,NORMAL,0
1878.94,Electronics,Debit Card,India,Bangalore,15,0,SUSPICIOUS,0
72.64,Transportation,Wallet,USA,Chicago,15,0,NORMAL,0
191.73,Pharmacy,Credit Card,India,Bangalore,15,0,NORMAL,0
73.37,Gaming,Debit Card,USA,New York,15,0,NORMAL,0
193.09,Retail,Wallet,India,Bangalore,15,0,NORMAL,0
64.46,Fuel,Wallet,UK,London,15,0,NORMAL,0
2475.82,Electronics,Credit Card,India,Bangalore,15,0,SUSPICIOUS,0
4926.2,Luxury,Credit Card,Iran,Tehran,15,0,FRAUD,1
4238.43,Luxury,Credit Card,North Korea,Pyongyang,15,0,FRAUD,1
15.41,Gaming,UPI,Germany,Berlin,15,0,NORMAL,0
8932.04,Electronics,Credit Card,Iran,Tehran,15,0,FRAUD,1
247.35,Retail,Wallet,India,Bangalore,15,0,NORMAL,0
1650.04,Travel,UPI,India,Mumbai,15,0,NORMAL,0
3740.32,Electronics,UPI,Canada,Toronto,15,0,SUSPICIOUS,0
3240.39,Electronics,Debit Card,USA,Chicago,15,0,SUSPICIOUS,0
495.48,Retail,Net Banking,Singapore,Singapore,15,0,NORMAL,0
7897.08,Luxury,Credit Card,Russia,Moscow,15,0,FRAUD,1
2128.95,Electronics,UPI,USA,Chicago,15,0,SUSPICIOUS,0
112.36,Gaming,Credit Card,India,Bangalore,15,0,NORMAL,0
175.75,Pharmacy,Net Banking,India,Bangalore,15,0,NORMAL,0
4309.19,Electronics,Credit Card,Russia,Moscow,15,0,FRAUD,1
336.17,Travel,Debit Card,Singapore,Singapore,15,0,NORMAL,0
33.9,Retail,Net Banking,USA,New York,15,0,NORMAL,0
7594.38,Luxury,UPI,Canada,Toronto,15,0,NORMAL,0
178.27,Pharmacy,Wallet,India,Bangalore,15,0,NORMAL,0
2868.13,Travel,Net Banking,USA,Chicago,15,0,NORMAL,0
5.97,Food,UPI,USA,New York,15,0,NORMAL,0
2568.99,Electronics,Credit Card,India,Bangalore,15,0,NORMAL,0
488.94,Retail,Debit Card,UK,London,15,0,NORMAL,0
36.72,Food,UPI,India,Mumbai,15,0,NORMAL,0
412.0,Retail,Wallet,Germany,Berlin,15,0,NORMAL,0
5950.24,Luxury,Credit Card,Russia,Moscow,15,0,FRAUD,1
126.96,Fuel,Debit Card,India,Mumbai,15,0,NORMAL,0
193.44,Pharmacy,UPI,USA,Chicago,15,0,NORMAL,0
237.7,Retail,Wallet,India,Bangalore,15,0,NORMAL,0
89.91,Transportation,UPI,USA,Chicago,15,0,NORMAL,0
309.23,Retail,Debit Card,UK,London,15,0,NORMAL,0
4469.16,Electronics,UPI,UK,London,15,0,NORMAL,0
3485.13,Electronics,Wallet,India,Mumbai,15,0,SUSPICIOUS,0
5141.89,Electronics,Credit Card,North Korea,Pyongyang,15,0,FRAUD,1
144.31,Fuel,Wallet,India,Bangalore,15,0,NORMAL,0
198.39,Pharmacy,Wallet,India,Bangalore,15,0,NORMAL,0
39.12,Food,Credit Card,USA,New York,15,0,NORMAL,0
145.05,Gaming,Net Banking,Germany,Berlin,15,0,NORMAL,0
2359.94,Travel,UPI,Canada,Toronto,15,0,NORMAL,0
19.48,Gaming,Credit Card,USA,New York,15,0,NORMAL,0
5724.68,Luxury,Credit Card,USA,New York,15,0,NORMAL,0
24.14,Pharmacy,UPI,India,Bangalore,15,0,NORMAL,0
92.93,Fuel,Wallet,Canada,Toronto,15,0,NORMAL,0
4100.22,Electronics,Credit Card,Iran,Tehran,15,0,FRAUD,1
1065.15,Electronics,Credit Card,Singapore,Singapore,15,0,NORMAL,0
44.49,Transportation,Debit Card,Singapore,Singapore,15,0,NORMAL,0
1177.62,Electronics,Net Banking,Canada,Toronto,15,0,NORMAL,0
7775.46,Electronics,Credit Card,Russia,Moscow,15,0,FRAUD,1
49.3,Transportation,Wallet,USA,Chicago,15,0,NORMAL,0
37.78,Gaming,Net Banking,India,Bangalore,15,0,NORMAL,0
365.71,Retail,Wallet,UK,London,15,0,NORMAL,0
1667.68,Electronics,Debit Card,India,Bangalore,15,0,SUSPICIOUS,0
82.65,Transportation,Net Banking,UK,London,15,0,NORMAL,0
5570.9,Electronics,Credit Card,Russia,Moscow,15,0,FRAUD,1
249.82,Pharmacy,Wallet,USA,New York,15,0,NORMAL,0
2923.35,Luxury,Debit Card,Germany,Berlin,15,0,SUSPICIOUS,0
2526.73,Electronics,Wallet,India,Bangalore,15,0,NORMAL,0
4668.97,Electronics,Credit Card,India,Bangalore,15,0,NORMAL,0
247.81,Travel,Credit Card,USA,New York,15,0,NORMAL,0
5583.13,Luxury,Credit Card,North Korea,Pyongyang,15,0,FRAUD,1
186.32,Retail,Credit Card,Canada,Toronto,15,0,NORMAL,0
27.84,Transportation,Debit Card,Singapore,Singapore,15,0,NORMAL,0
5294.56,Luxury,UPI,USA,Chicago,15,0,NORMAL,0
4025.84,Electronics,Net Banking,Germany,Berlin,15,0,SUSPICIOUS,0
142.34,Pharmacy,Wallet,Germany,Berlin,15,0,NORMAL,0
55.97,Pharmacy,UPI,UK,London,15,0,NORMAL,0
1346.52,Luxury,Credit Card,India,Bangalore,15,0,NORMAL,0
253.49,Retail,Net Banking,Canada,Toronto,15,0,NORMAL,0
6800.13,Luxury,Credit Card,Iran,Tehran,15,0,FRAUD,1
106.1,Retail,Wallet,India,Bangalore,15,0,NORMAL,0
102.85,Transportation,Wallet,USA,New York,15,0,NORMAL,0
768.94,Travel,Credit Card,UK,London,15,0,NORMAL,0
1427.32,Electronics,UPI,USA,New York,15,0,NORMAL,0
2528.42,Travel,Credit Card,USA,Chicago,15,0,NORMAL,0
132.53,Fuel,Credit Card,UK,London,15,0,NORMAL,0
4790.81,Electronics,Credit Card,North Korea,Pyongyang,15,0,FRAUD,1
3011.8,Electronics,Net Banking,UK,London,15,0,SUSPICIOUS,0
19.66,Gaming,UPI,Germany,Berlin,15,0,NORMAL,0
480.76,Retail,Credit Card,Canada,Toronto,15,0,NORMAL,0
1210.3,Electronics,Credit Card,India,Bangalore,15,0,NORMAL,0
399.04,Retail,UPI,India,Bangalore,15,0,NORMAL,0
51.36,Fuel,Debit Card,Germany,Berlin,15,0,NORMAL,0
232.4,Retail,Debit Card,USA,Chicago,15,0,NORMAL,0
4041.08,Electronics,Credit Card,Singapore,Singapore,15,0,SUSPICIOUS,0
110.49,Fuel,Credit Card,USA,Chicago,15,0,NORMAL,0
118.53,Transportation,Debit Card,Germany,Berlin,15,0,NORMAL,0
2649.2,Electronics,Net Banking,USA,New York,15,0,SUSPICIOUS,0
24.75,Pharmacy,Wallet,USA,New York,15,0,NORMAL,0
4665.92,Electronics,Credit Card,North Korea,Pyongyang,15,0,FRAUD,1
95.16,Transportation,Wallet,UK,London,15,0,NORMAL,0
184.67,Retail,Wallet,USA,Chicago,15,0,NORMAL,0
44.49,Food,UPI,Germany,Berlin,15,0,NORMAL,0
4448.67,Electronics,Net Banking,USA,Chicago,15,0,NORMAL,0
32.02,Fuel,UPI,India,Bangalore,15,0,NORMAL,0
30.78,Food,Debit Card,UK,London,15,0,NORMAL,0
70.18,Fuel,UPI,UK,London,15,0,NORMAL,0
76.72,Food,Net Banking,Germany,Berlin,15,0,NORMAL,0
1416.75,Luxury,Debit Card,Canada,Toronto,15,0,NORMAL,0
1519.02,Electronics,Wallet,USA,New York,15,0,NORMAL,0
4947.58,Electronics,Credit Card,North Korea,Pyongyang,15,0,FRAUD,1
6579.73,Luxury,Net Banking,USA,Chicago,15,0,NORMAL,0
139.64,Retail,Credit Card,UK,London,15,0,NORMAL,0
2069.02,Travel,Net Banking,Singapore,Singapore,15,0,NORMAL,0
75.84,Fuel,Wallet,Singapore,Singapore,15,0,NORMAL,0
205.64,Pharmacy,Credit Card,UK,London,15,0,NORMAL,0
7864.59,Electronics,Credit Card,North Korea,Pyongyang,15,0,FRAUD,1
98.55,Fuel,UPI,Germany,Berlin,15,0,NORMAL,0
33.83,Food,Net Banking,USA,New York,15,0,NORMAL,0
2448.95,Luxury,Credit Card,Singapore,Singapore,15,0,NORMAL,0
91.36,Transportation,Wallet,Germany,Berlin,15,0,NORMAL,0
686.12,Travel,Debit Card,USA,New York,15,0,NORMAL,0
64.08,Food,Wallet,Germany,Berlin,15,0,NORMAL,0
84.68,Gaming,Debit Card,Canada,Toronto,15,0,NORMAL,0
8343.16,Electronics,Credit Card,Iran,Tehran,15,0,FRAUD,1
353.55,Travel,Net Banking,Singapore,Singapore,15,0,NORMAL,0
112.86,Fuel,Debit Card,India,Bangalore,15,0,NORMAL,0
21.74,Food,Credit Card,India,Bangalore,15,0,NORMAL,0
17.32,Transportation,Debit Card,India,Bangalore,15,0,NORMAL,0
91.81,Transportation,Credit Card,USA,Chicago,15,0,NORMAL,0
116.94,Transportation,Credit Card,Germany,Berlin,15,0,NORMAL,0
68.39,Gaming,UPI,Germany,Berlin,15,0,NORMAL,0
8216.68,Electronics,Credit Card,Iran,Tehran,15,0,FRAUD,1
27.44,Gaming,Wallet,Canada,Toronto,15,0,NORMAL,0
29.84,Food,Wallet,Germany,Berlin,15,0,NORMAL,0
35.33,Food,Net Banking,USA,New York,15,0,NORMAL,0
15.53,Food,Net Banking,USA,Chicago,15,0,NORMAL,0
1919.15,Electronics,Wallet,USA,New York,15,0,NORMAL,0
5348.74,Luxury,Credit Card,Russia,Moscow,15,0,FRAUD,1
2551.12,Luxury,Wallet,UK,London,15,0,NORMAL,0
35.97,Food,UPI,UK,London,15,0,NORMAL,0
7764.13,Luxury,Wallet,Germany,Berlin,15,0,NORMAL,0
356.84,Electronics,Net Banking,USA,Chicago,15,0,NORMAL,0
78.93,Pharmacy,UPI,UK,London,15,0,NORMAL,0
2022.75,Electronics,UPI,Singapore,Singapore,15,0,NORMAL,0
2020.47,Luxury,Credit Card,Canada,Toronto,15,0,SUSPICIOUS,0
12.41,Transportation,Credit Card,Canada,Toronto,15,0,NORMAL,0
5859.5,Luxury,UPI,Canada,Toronto,15,0,NORMAL,0
4023.83,Electronics,Debit Card,Singapore,Singapore,15,0,NORMAL,0
400.39,Retail,Net Banking,India,Bangalore,15,0,NORMAL,0
2416.08,Electronics,Wallet,India,Mumbai,15,0,SUSPICIOUS,0
128.22,Retail,UPI,Singapore,Singapore,15,0,NORMAL,0
8705.85,Luxury,Credit Card,North Korea,Pyongyang,15,0,FRAUD,1
36.47,Gaming,Net Banking,USA,Chicago,15,0,NORMAL,0
146.96,Gaming,Credit Card,Singapore,Singapore,15,0,NORMAL,0
187.17,Pharmacy,Debit Card,Canada,Toronto,15,0,NORMAL,0
1611.15,Travel,Credit Card,India,Mumbai,15,0,NORMAL,0
121.36,Fuel,Credit Card,Singapore,Singapore,15,0,NORMAL,0
244.15,Retail,Net Banking,UK,London,15,0,NORMAL,0
51.93,Food,Debit Card,Canada,Toronto,15,0,NORMAL,0
161.98,Gaming,Debit Card,USA,Chicago,15,0,NORMAL,0
2047.82,Luxury,Debit Card,Germany,Berlin,15,0,NORMAL,0
2771.74,Luxury,Wallet,Canada,Toronto,15,0,NORMAL,0
53.47,Food,Net Banking,Singapore,Singapore,15,0,NORMAL,0
54.09,Fuel,Net Banking,USA,Chicago,15,0,NORMAL,0
95.22,Pharmacy,UPI,Canada,Toronto,15,0,NORMAL,0
1398.93,Electronics,Debit Card,USA,Chicago,15,0,NORMAL,0
1654.32,Travel,Wallet,USA,Chicago,15,0,NORMAL,0
3263.9,Travel,Credit Card,Singapore,Singapore,15,0,SUSPICIOUS,0
3531.62,Electronics,Credit Card,USA,Chicago,15,0,SUSPICIOUS,0
20.46,Fuel,Debit Card,Canada,Toronto,15,0,NORMAL,0
2403.77,Electronics,UPI,UK,London,15,0,SUSPICIOUS,0
1013.37,Electronics,Wallet,USA,New York,15,0,NORMAL,0
82.31,Retail,Net Banking,UK,London,15,0,NORMAL,0
487.41,Retail,Debit Card,USA,New York,15,0,NORMAL,0
161.59,Retail,Debit Card,Germany,Berlin,15,0,NORMAL,0
5089.14,Electronics,Credit Card,Iran,Tehran,15,0,FRAUD,1
5956.68,Electronics,Credit Card,Russia,Moscow,15,0,FRAUD,1
14.01,Food,Debit Card,Germany,Berlin,15,0,NORMAL,0
3189.93,Electronics,Net Banking,Canada,Toronto,15,0,NORMAL,0
641.17,Electronics,Debit Card,UK,London,15,0,NORMAL,0
2381.71,Travel,Debit Card,UK,London,15,0,NORMAL,0
1531.25,Travel,UPI,UK,London,15,0,NORMAL,0
4752.71,Luxury,UPI,Singapore,Singapore,15,0,NORMAL,0
2409.78,Electronics,Credit Card,India,Bangalore,15,0,NORMAL,0
3763.05,Travel,Debit Card,India,Mumbai,15,0,SUSPICIOUS,0
43.57,Pharmacy,UPI,Singapore,Singapore,15,0,NORMAL,0
4955.26,Electronics,UPI,UK,London,15,0,NORMAL,0
106.55,Gaming,Debit Card,Germany,Berlin,15,0,NORMAL,0
102.17,Pharmacy,Wallet,India,Bangalore,15,0,NORMAL,0
77.51,Gaming,Wallet,USA,Chicago,15,0,NORMAL,0
827.11,Electronics,Debit Card,India,Mumbai,15,0,NORMAL,0
21.5,Pharmacy,Debit Card,India,Bangalore,15,0,NORMAL,0
69.81,Food,Debit Card,USA,New York,15,0,NORMAL,0
44.6,Food,Net Banking,USA,Chicago,15,0,NORMAL,0
42.65,Transportation,Wallet,Germany,Berlin,15,0,NORMAL,0
77.88,Food,Wallet,India,Bangalore,15,0,NORMAL,0
8870.43,Electronics,Credit Card,Iran,Tehran,15,0,FRAUD,1
156.48,Pharmacy,UPI,UK,London,15,0,NORMAL,0
4160.99,Travel,UPI,India,Bangalore,15,0,SUSPICIOUS,0
163.81,Travel,Wallet,India,Mumbai,15,0,NORMAL,0
38.93,Fuel,Wallet,USA,New York,15,0,NORMAL,0
359.89,Travel,Net Banking,USA,New York,15,0,NORMAL,0
230.99,Retail,Debit Card,Germany,Berlin,15,0,NORMAL,0
183.08,Retail,Debit Card,India,Mumbai,15,0,NORMAL,0
946.97,Electronics,Debit Card,Canada,Toronto,15,0,NORMAL,0
236.52,Pharmacy,Credit Card,UK,London,15,0,NORMAL,0
128.84,Fuel,Wallet,Singapore,Singapore,15,0,NORMAL,0
7351.25,Luxury,Credit Card,Russia,Moscow,15,0,FRAUD,1
62.65,Food,Debit Card,India,Mumbai,15,0,NORMAL,0
6497.84,Luxury,Credit Card,Russia,Moscow,15,0,FRAUD,1
350.14,Travel,UPI,India,Bangalore,15,0,NORMAL,0
165.45,Pharmacy,Net Banking,USA,Chicago,15,0,NORMAL,0
43.55,Food,Wallet,USA,New York,15,0,NORMAL,0
2190.6,Luxury,Credit Card,India,Mumbai,15,0,NORMAL,0
6152.5,Luxury,Credit Card,Russia,Moscow,15,0,FRAUD,1
8892.18,Luxury,Credit Card,Russia,Moscow,15,0,FRAUD,1
2553.37,Travel,Wallet,UK,London,15,0,NORMAL,0
211.96,Pharmacy,Credit Card,UK,London,15,0,NORMAL,0
277.49,Retail,Credit Card,India,Mumbai,15,0,NORMAL,0
4303.86,Travel,Debit Card,Germany,Berlin,15,0,SUSPICIOUS,0
48.11,Retail,Credit Card,USA,New York,15,0,NORMAL,0
33.95,Food,UPI,Canada,Toronto,15,0,NORMAL,0
243.97,Retail,Debit Card,India,Mumbai,15,0,NORMAL,0
215.98,Pharmacy,UPI,India,Bangalore,15,0,NORMAL,0
1664.65,Travel,UPI,UK,London,15,0,NORMAL,0
87.18,Transportation,UPI,India,Bangalore,15,0,NORMAL,0
40.23,Food,Net Banking,USA,Chicago,15,0,NORMAL,0
2315.7,Electronics,Net Banking,UK,London,15,0,NORMAL,0
2850.78,Electronics,UPI,UK,London,15,0,SUSPICIOUS,0
522.97,Travel,UPI,USA,New York,15,0,NORMAL,0
1420.32,Electronics,Credit Card,UK,London,15,0,NORMAL,0
142.89,Fuel,UPI,Germany,Berlin,15,0,NORMAL,0
18.36,Food,Wallet,USA,New York,15,0,NORMAL,0
1524.22,Travel,Net Banking,UK,London,15,0,NORMAL,0
3793.14,Luxury,Credit Card,Iran,Tehran,15,0,FRAUD,1
175.22,Gaming,Net Banking,UK,London,15,0,NORMAL,0
76.26,Food,Debit Card,India,Mumbai,15,0,NORMAL,0
3734.89,Electronics,Net Banking,UK,London,15,0,NORMAL,0
122.69,Retail,Debit Card,Germany,Berlin,15,0,NORMAL,0
2328.79,Electronics,Debit Card,Germany,Berlin,15,0,NORMAL,0
7175.14,Electronics,Credit Card,Russia,Moscow,15,0,FRAUD,1
3229.53,Electronics,UPI,Germany,Berlin,15,0,SUSPICIOUS,0
3030.06,Electronics,Net Banking,Singapore,Singapore,15,0,SUSPICIOUS,0
154.81,Retail,UPI,USA,New York,15,0,NORMAL,0
1098.72,Electronics,UPI,Germany,Berlin,15,0,NORMAL,0
5332.15,Luxury,Credit Card,Iran,Tehran,15,0,FRAUD,1
831.07,Travel,Credit Card,UK,London,15,0,NORMAL,0
5272.33,Luxury,Debit Card,USA,New York,15,0,NORMAL,0
2007.62,Electronics,Debit Card,India,Bangalore,15,0,NORMAL,0
23.89,Fuel,Debit Card,UK,London,15,0,NORMAL,0
8660.9,Electronics,Credit Card,Russia,Moscow,15,0,FRAUD,1
233.52,Retail,UPI,Canada,Toronto,15,0,NORMAL,0
7744.11,Luxury,Credit Card,India,Bangalore,15,0,NORMAL,0
3790.71,Luxury,Wallet,USA,New York,15,0,NORMAL,0
133.26,Retail,Wallet,UK,London,15,0,NORMAL,0
1021.3,Travel,Debit Card,UK,London,15,0,NORMAL,0
6924.32,Electronics,Credit Card,Russia,Moscow,15,0,FRAUD,1
3506.27,Electronics,Wallet,Germany,Berlin,15,0,SUSPICIOUS,0
311.47,Retail,Net Banking,USA,New York,15,0,NORMAL,0
4759.74,Electronics,Credit Card,UK,London,15,0,NORMAL,0
193.92,Gaming,Wallet,Canada,Toronto,15,0,NORMAL,0
33.86,Gaming,UPI,UK,London,15,0,NORMAL,0
10.46,Food,UPI,Germany,Berlin,15,0,NORMAL,0
53.26,Food,Debit Card,India,Mumbai,15,0,NORMAL,0
22.79,Transportation,UPI,India,Mumbai,15,0,NORMAL,0
1654.71,Luxury,UPI,Germany,Berlin,15,0,NORMAL,0
2941.75,Electronics,Debit Card,USA,New York,15,0,NORMAL,0
143.73,Gaming,Net Banking,USA,Chicago,15,0,NORMAL,0
5689.45,Luxury,Credit Card,North Korea,Pyongyang,15,0,FRAUD,1
434.11,Retail,Credit Card,USA,Chicago,15,0,NORMAL,0
67.15,Fuel,Credit Card,Germany,Berlin,15,0,NORMAL,0
2780.51,Travel,Wallet,Canada,Toronto,15,0,NORMAL,0
257.4,Retail,UPI,India,Bangalore,15,0,NORMAL,0
1542.62,Travel,Net Banking,USA,New York,15,0,NORMAL,0
104.54,Fuel,Net Banking,India,Mumbai,15,0,NORMAL,0
4359.04,Electronics,Net Banking,Canada,Toronto,15,0,NORMAL,0
314.05,Retail,Credit Card,India,Mumbai,15,0,NORMAL,0
2764.67,Travel,Debit Card,India,Mumbai,15,0,NORMAL,0
3713.04,Luxury,Credit Card,Singapore,Singapore,15,0,NORMAL,0
4960.36,Electronics,Credit Card,Russia,Moscow,15,0,FRAUD,1
3491.01,Luxury,Net Banking,Singapore,Singapore,15,0,SUSPICIOUS,0
1720.34,Travel,Wallet,India,Mumbai,15,0,NORMAL,0
2140.36,Luxury,Credit Card,UK,London,15,0,NORMAL,0
23.25,Transportation,UPI,Germany,Berlin,15,0,NORMAL,0
4623.02,Luxury,Credit Card,UK,London,15,0,NORMAL,0
1026.11,Travel,Wallet,Germany,Berlin,15,0,NORMAL,0
79.54,Food,Wallet,USA,New York,15,0,NORMAL,0
4044.22,Electronics,Credit Card,Iran,Tehran,15,0,FRAUD,1
1804.79,Electronics,Credit Card,UK,London,15,0,NORMAL,0
2472.04,Electronics,UPI,USA,New York,15,0,NORMAL,0
688.88,Travel,Credit Card,UK,London,15,0,NORMAL,0
1387.64,Travel,Net Banking,UK,London,15,0,NORMAL,0
76.95,Food,Wallet,India,Mumbai,15,0,NORMAL,0
220.06,Pharmacy,UPI,USA,New York,15,0,NORMAL,0
3923.53,Luxury,UPI,India,Bangalore,15,0,SUSPICIOUS,0
3799.34,Electronics,Net Banking,Canada,Toronto,15,0,NORMAL,0
7671.96,Electronics,Credit Card,Iran,Tehran,15,0,FRAUD,1
1431.65,Travel,Wallet,USA,Chicago,15,0,NORMAL,0
315.71,Retail,Credit Card,India,Bangalore,15,0,NORMAL,0
320.21,Retail,Debit Card,USA,New York,15,0,NORMAL,0
23.44,Food,Net Banking,India,Mumbai,15,0,NORMAL,0
64.2,Food,Wallet,USA,Chicago,15,0,NORMAL,0
140.05,Pharmacy,Debit Card,USA,New York,15,0,NORMAL,0
167.1,Retail,Wallet,UK,London,15,0,NORMAL,0
358.64,Retail,Net Banking,Singapore,Singapore,15,0,NORMAL,0
3651.82,Electronics,Debit Card,India,Mumbai,15,0,NORMAL,0
3752.92,Luxury,UPI,USA,Chicago,15,0,NORMAL,0
99.81,Fuel,UPI,Canada,Toronto,15,0,NORMAL,0
3777.61,Electronics,Wallet,Canada,Toronto,15,0,NORMAL,0
111.83,Fuel,Credit Card,USA,New York,15,0,NORMAL,0
175.86,Gaming,Net Banking,Canada,Toronto,15,0,NORMAL,0
482.06,Retail,Net Banking,USA,New York,15,0,NORMAL,0
391.24,Retail,Wallet,India,Mumbai,15,0,NORMAL,0
46.08,Fuel,Credit Card,USA,New York,15,0,NORMAL,0
34.72,Fuel,Net Banking,Singapore,Singapore,15,0,NORMAL,0
3704.61,Electronics,Net Banking,India,Mumbai,15,0,SUSPICIOUS,0
7172.0,Luxury,Credit Card,Iran,Tehran,15,0,FRAUD,1
75.49,Retail,Credit Card,Canada,Toronto,15,0,NORMAL,0
2933.83,Electronics,Wallet,UK,London,15,0,NORMAL,0
46.87,Transportation,Debit Card,USA,Chicago,15,0,NORMAL,0
2549.38,Electronics,Wallet,USA,Chicago,15,0,SUSPICIOUS,0
140.55,Gaming,Net Banking,USA,New York,15,0,NORMAL,0
514.94,Travel,Debit Card,USA,Chicago,15,0,NORMAL,0
112.31,Fuel,Wallet,Germany,Berlin,15,0,NORMAL,0
948.63,Travel,UPI,Germany,Berlin,15,0,NORMAL,0
3099.01,Electronics,UPI,India,Mumbai,15,0,SUSPICIOUS,0
172.2,Retail,Net Banking,India,Mumbai,15,0,NORMAL,0
44.67,Food,Debit Card,UK,London,15,0,NORMAL,0
47.6,Food,Wallet,Singapore,Singapore,15,0,NORMAL,0
2187.64,Electronics,Wallet,USA,Chicago,15,0,SUSPICIOUS,0
900.92,Travel,UPI,Singapore,Singapore,15,0,NORMAL,0
89.37,Fuel,Wallet,Germany,Berlin,15,0,NORMAL,0
4579.42,Luxury,Debit Card,USA,Chicago,15,0,NORMAL,0
393.14,Retail,Credit Card,India,Bangalore,15,0,NORMAL,0
543.49,Travel,UPI,USA,Chicago,15,0,NORMAL,0
132.04,Fuel,Wallet,Germany,Berlin,15,0,NORMAL,0
2287.29,Travel,Wallet,UK,London,15,0,NORMAL,0
3485.24,Travel,Net Banking,USA,Chicago,15,0,SUSPICIOUS,0
2283.4,Electronics,Credit Card,UK,London,15,0,SUSPICIOUS,0
109.51,Transportation,Wallet,Canada,Toronto,15,0,NORMAL,0
480.57,Travel,UPI,USA,Chicago,15,0,NORMAL,0
6251.29,Luxury,Credit Card,Iran,Tehran,15,0,FRAUD,1
49.03,Food,Credit Card,Canada,Toronto,15,0,NORMAL,0
6926.28,Luxury,Credit Card,Russia,Moscow,15,0,FRAUD,1
72.83,Food,Wallet,USA,Chicago,15,0,NORMAL,0
113.7,Fuel,Credit Card,USA,Chicago,15,0,NORMAL,0
2803.52,Electronics,Credit Card,India,Bangalore,15,0,NORMAL,0
1391.43,Travel,UPI,India,Mumbai,15,0,NORMAL,0
1431.53,Electronics,Net Banking,UK,London,15,0,NORMAL,0
28.33,Food,Net Banking,India,Mumbai,15,0,NORMAL,0
58.49,Food,UPI,USA,New York,15,0,NORMAL,0
960.78,Travel,Wallet,Canada,Toronto,15,0,NORMAL,0
5.93,Food,Credit Card,UK,London,15,0,NORMAL,0
1024.47,Electronics,Credit Card,UK,London,15,0,NORMAL,0
5081.69,Luxury,Credit Card,Russia,Moscow,15,0,FRAUD,1
108.22,Fuel,Debit Card,USA,New York,15,0,NORMAL,0
74.25,Fuel,UPI,Singapore,Singapore,15,0,NORMAL,0
87.4,Transportation,Credit Card,Singapore,Singapore,15,0,NORMAL,0
1213.89,Travel,Debit Card,Canada,Toronto,15,0,NORMAL,0
26.47,Transportation,UPI,Singapore,Singapore,15,0,NORMAL,0
268.48,Retail,UPI,USA,Chicago,15,0,NORMAL,0
2712.66,Luxury,Debit Card,USA,New York,15,0,SUSPICIOUS,0
2108.31,Travel,Credit Card,India,Mumbai,15,0,NORMAL,0
76.4,Gaming,UPI,USA,Chicago,15,0,NORMAL,0
107.35,Gaming,Net Banking,Canada,Toronto,15,0,NORMAL,0
137.99,Gaming,Wallet,UK,London,15,0,NORMAL,0
3220.96,Electronics,Wallet,USA,Chicago,15,0,NORMAL,0
91.77,Fuel,Wallet,Canada,Toronto,15,0,NORMAL,0
75.27,Pharmacy,Net Banking,India,Mumbai,15,0,NORMAL,0
4822.28,Electronics,Credit Card,Germany,Berlin,15,0,NORMAL,0
452.75,Retail,Credit Card,Germany,Berlin,15,0,NORMAL,0
2092.37,Electronics,Debit Card,Germany,Berlin,15,0,NORMAL,0
13.33,Food,UPI,India,Mumbai,15,0,NORMAL,0
4318.65,Luxury,Credit Card,Russia,Moscow,15,0,FRAUD,1
113.99,Gaming,Net Banking,Germany,Berlin,15,0,NORMAL,0
52.83,Food,Net Banking,India,Bangalore,15,0,NORMAL,0
39.12,Food,Debit Card,Singapore,Singapore,15,0,NORMAL,0
404.29,Travel,Debit Card,India,Bangalore,15,0,NORMAL,0
196.97,Retail,UPI,Germany,Berlin,15,0,NORMAL,0
86.05,Transportation,Debit Card,USA,New York,15,0,NORMAL,0
2996.45,Travel,Net Banking,USA,New York,15,0,NORMAL,0
92.45,Gaming,Net Banking,USA,Chicago,15,0,NORMAL,0
3739.41,Electronics,UPI,USA,New York,15,0,SUSPICIOUS,0
4702.2,Luxury,Credit Card,Germany,Berlin,15,0,NORMAL,0
138.31,Fuel,UPI,USA,Chicago,15,0,NORMAL,0
10.64,Transportation,Wallet,Singapore,Singapore,15,0,NORMAL,0
8252.06,Luxury,Credit Card,Russia,Moscow,15,0,FRAUD,1
3453.93,Electronics,Debit Card,India,Bangalore,15,0,SUSPICIOUS,0
49.85,Food,UPI,USA,Chicago,15,0,NORMAL,0
1796.27,Travel,UPI,UK,London,15,0,NORMAL,0
66.07,Food,Wallet,India,Bangalore,15,0,NORMAL,0
3410.16,Electronics,Credit Card,UK,London,15,0,SUSPICIOUS,0
4739.41,Luxury,Credit Card,Iran,Tehran,15,0,FRAUD,1
4173.59,Electronics,Net Banking,Canada,Toronto,15,0,NORMAL,0
2683.61,Travel,Credit Card,India,Bangalore,15,0,NORMAL,0
193.33,Gaming,Wallet,USA,Chicago,15,0,NORMAL,0
4280.08,Luxury,Net Banking,Singapore,Singapore,15,0,SUSPICIOUS,0
252.41,Retail,Debit Card,UK,London,15,0,NORMAL,0
222.13,Pharmacy,Credit Card,India,Bangalore,15,0,NORMAL,0
4282.61,Luxury,Net Banking,Germany,Berlin,15,0,NORMAL,0
179.04,Pharmacy,Wallet,Singapore,Singapore,15,0,NORMAL,0
4146.64,Luxury,Credit Card,Russia,Moscow,15,0,FRAUD,1
42.89,Transportation,Net Banking,USA,New York,15,0,NORMAL,0
56.44,Fuel,Debit Card,UK,London,15,0,NORMAL,0
3690.88,Electronics,Credit Card,India,Mumbai,15,0,NORMAL,0
1795.3,Travel,Debit Card,USA,New York,15,0,SUSPICIOUS,0
7577.54,Electronics,Credit Card,Iran,Tehran,15,0,FRAUD,1
59.2,Fuel,UPI,Germany,Berlin,15,0,NORMAL,0
12.8,Transportation,Debit Card,India,Mumbai,15,0,NORMAL,0
497.26,Travel,Wallet,UK,London,15,0,NORMAL,0
1205.76,Electronics,Wallet,USA,Chicago,15,0,NORMAL,0
405.64,Retail,Net Banking,Singapore,Singapore,15,0,NORMAL,0
2323.26,Travel,Net Banking,India,Bangalore,15,0,NORMAL,0
63.5,Food,Debit Card,Canada,Toronto,15,0,NORMAL,0
47.02,Food,Wallet,Germany,Berlin,15,0,NORMAL,0
26.14,Food,Debit Card,India,Mumbai,15,0,NORMAL,0
413.31,Retail,Wallet,India,Bangalore,15,0,NORMAL,0
76.03,Fuel,UPI,USA,Chicago,15,0,NORMAL,0
1261.29,Travel,Net Banking,Canada,Toronto,15,0,NORMAL,0
6830.25,Electronics,Credit Card,Russia,Moscow,15,0,FRAUD,1
66.89,Gaming,Debit Card,Canada,Toronto,15,0,NORMAL,0
147.19,Fuel,Credit Card,Germany,Berlin,15,0,NORMAL,0
154.82,Gaming,Net Banking,Canada,Toronto,15,0,NORMAL,0
73.82,Gaming,Net Banking,UK,London,15,0,NORMAL,0
4756.2,Electronics,Credit Card,Iran,Tehran,15,0,FRAUD,1
7980.09,Luxury,Wallet,USA,New York,15,0,NORMAL,0
1773.02,Electronics,Credit Card,USA,New York,15,0,NORMAL,0
5602.66,Luxury,Credit Card,Iran,Tehran,15,0,FRAUD,1
85.55,Fuel,Debit Card,USA,Chicago,15,0,NORMAL,0
3916.82,Electronics,Debit Card,Germany,Berlin,15,0,SUSPICIOUS,0
50.36,Gaming,UPI,UK,London,15,0,NORMAL,0
89.09,Transportation,Wallet,UK,London,15,0,NORMAL,0
48.69,Pharmacy,Wallet,UK,London,15,0,NORMAL,0
2548.68,Electronics,Credit Card,India,Bangalore,15,0,SUSPICIOUS,0
1758.82,Travel,Debit Card,USA,New York,15,0,SUSPICIOUS,0
2310.18,Travel,UPI,Canada,Toronto,15,0,SUSPICIOUS,0
264.75,Retail,Debit Card,India,Mumbai,15,0,NORMAL,0
2221.18,Travel,Net Banking,Singapore,Singapore,15,0,NORMAL,0
115.31,Fuel,Credit Card,Germany,Berlin,15,0,NORMAL,0
179.84,Gaming,Net Banking,USA,New York,15,0,NORMAL,0
2313.09,Travel,Debit Card,USA,Chicago,15,0,SUSPICIOUS,0
4030.11,Travel,Debit Card,India,Bangalore,15,0,SUSPICIOUS,0
119.64,Transportation,Debit Card,Singapore,Singapore,15,0,NORMAL,0
2879.91,Electronics,Debit Card,India,Mumbai,15,0,NORMAL,0
5665.67,Luxury,Credit Card,Canada,Toronto,15,0,NORMAL,0
2938.24,Electronics,Wallet,Canada,Toronto,15,0,NORMAL,0
442.86,Travel,Net Banking,UK,London,15,0,NORMAL,0
36.75,Food,Credit Card,Singapore,Singapore,15,0,NORMAL,0
1496.54,Luxury,Wallet,Germany,Berlin,15,0,NORMAL,0
21.41,Pharmacy,Wallet,Singapore,Singapore,15,0,NORMAL,0
44.17,Pharmacy,UPI,Singapore,Singapore,15,0,NORMAL,0
8.07,Food,UPI,Singapore,Singapore,15,0,NORMAL,0
1299.58,Luxury,Net Banking,Singapore,Singapore,15,0,NORMAL,0
1485.19,Travel,Wallet,UK,London,15,0,NORMAL,0
1906.99,Travel,UPI,Canada,Toronto,15,0,NORMAL,0
110.38,Transportation,Credit Card,USA,Chicago,15,0,NORMAL,0
2858.39,Electronics,Debit Card,USA,Chicago,15,0,NORMAL,0
7089.21,Electronics,Credit Card,North Korea,Pyongyang,15,0,FRAUD,1
28.52,Transportation,Credit Card,Germany,Berlin,15,0,NORMAL,0
173.1,Pharmacy,UPI,USA,New York,15,0,NORMAL,0
394.05,Retail,Credit Card,India,Mumbai,15,0,NORMAL,0
1809.56,Travel,Credit Card,UK,London,15,0,NORMAL,0
102.71,Transportation,Net Banking,Canada,Toronto,15,0,NORMAL,0
8174.77,Electronics,Credit Card,Russia,Moscow,15,0,FRAUD,1
22.93,Food,Net Banking,India,Mumbai,15,0,NORMAL,0
154.16,Gaming,Credit Card,Singapore,Singapore,15,0,NORMAL,0
157.97,Retail,UPI,UK,London,15,0,NORMAL,0
192.0,Gaming,Net Banking,India,Mumbai,15,0,NORMAL,0
106.81,Transportation,Net Banking,India,Bangalore,15,0,NORMAL,0
138.11,Gaming,Net Banking,India,Mumbai,15,0,NORMAL,0
4443.7,Luxury,Credit Card,Russia,Moscow,15,0,FRAUD,1
54.41,Transportation,Credit Card,Germany,Berlin,15,0,NORMAL,0
2815.52,Travel,Wallet,India,Mumbai,15,0,SUSPICIOUS,0
50.42,Food,Credit Card,India,Bangalore,15,0,NORMAL,0
49.88,Fuel,Credit Card,Canada,Toronto,15,0,NORMAL,0
77.8,Food,Wallet,Canada,Toronto,15,0,NORMAL,0
51.62,Food,Credit Card,India,Bangalore,15,0,NORMAL,0
298.3,Retail,Debit Card,India,Bangalore,15,0,NORMAL,0
33.21,Food,Credit Card,India,Bangalore,15,0,NORMAL,0
3603.96,Electronics,UPI,USA,New York,15,0,NORMAL,0
159.64,Gaming,Net Banking,Germany,Berlin,15,0,NORMAL,0
78.57,Transportation,Credit Card,UK,London,15,0,NORMAL,0
66.04,Fuel,Net Banking,India,Bangalore,15,0,NORMAL,0
2454.61,Travel,Wallet,India,Bangalore,15,0,NORMAL,0
3371.62,Electronics,Wallet,USA,Chicago,15,0,NORMAL,0
2283.89,Luxury,Net Banking,Germany,Berlin,15,0,NORMAL,0
4497.9,Luxury,Net Banking,Singapore,Singapore,15,0,NORMAL,0
2671.22,Electronics,UPI,USA,New York,15,0,SUSPICIOUS,0
14.79,Transportation,Wallet,UK,London,15,0,NORMAL,0
96.59,Gaming,Wallet,UK,London,15,0,NORMAL,0
5193.25,Electronics,Credit Card,Iran,Tehran,15,0,FRAUD,1
114.74,Transportation,Net Banking,USA,Chicago,15,0,NORMAL,0
2076.53,Electronics,Net Banking,USA,New York,15,0,NORMAL,0
22.52,Transportation,UPI,USA,Chicago,15,0,NORMAL,0
107.5,Pharmacy,Wallet,USA,New York,15,0,NORMAL,0
7924.77,Luxury,Credit Card,Russia,Moscow,15,0,FRAUD,1
2068.41,Electronics,Wallet,USA,Chicago,15,0,NORMAL,0
31.44,Food,Debit Card,USA,New York,15,0,NORMAL,0
2078.12,Electronics,Net Banking,UK,London,15,0,NORMAL,0
16.64,Transportation,Wallet,USA,Chicago,15,0,NORMAL,0
3366.93,Electronics,UPI,UK,London,15,0,NORMAL,0
4141.14,Electronics,Net Banking,Germany,Berlin,15,0,NORMAL,0
3126.76,Electronics,Debit Card,India,Mumbai,15,0,NORMAL,0
137.64,Fuel,Debit Card,Canada,Toronto,15,0,NORMAL,0
1962.56,Travel,Credit Card,Singapore,Singapore,15,0,NORMAL,0
7192.62,Electronics,Credit Card,Russia,Moscow,15,0,FRAUD,1
1234.89,Electronics,UPI,Canada,Toronto,15,0,NORMAL,0
2129.48,Travel,Debit Card,USA,Chicago,15,0,NORMAL,0
1619.01,Travel,UPI,USA,Chicago,15,0,NORMAL,0
5300.88,Luxury,Debit Card,Germany,Berlin,15,0,NORMAL,0
69.5,Fuel,Credit Card,Canada,Toronto,15,0,NORMAL,0
21.48,Transportation,UPI,Singapore,Singapore,15,0,NORMAL,0
375.38,Retail,Wallet,Singapore,Singapore,15,0,NORMAL,0
4119.84,Travel,Net Banking,USA,Chicago,15,0,SUSPICIOUS,0
148.47,Gaming,Wallet,Singapore,Singapore,15,0,NORMAL,0
1230.29,Luxury,Wallet,Singapore,Singapore,15,0,NORMAL,0
2629.32,Travel,Credit Card,Singapore,Singapore,15,0,NORMAL,0
147.12,Retail,UPI,Germany,Berlin,15,0,NORMAL,0
937.33,Travel,Net Banking,USA,New York,15,0,NORMAL,0
892.05,Travel,Credit Card,Canada,Toronto,15,0,NORMAL,0
56.16,Food,Net Banking,India,Mumbai,15,0,NORMAL,0
49.18,Transportation,Debit Card,USA,New York,15,0,NORMAL,0
71.82,Food,Net Banking,Germany,Berlin,15,0,NORMAL,0
209.86,Travel,Credit Card,Singapore,Singapore,15,0,NORMAL,0
74.34,Food,Net Banking,USA,New York,15,0,NORMAL,0
125.16,Fuel,Wallet,UK,London,15,0,NORMAL,0
100.02,Fuel,Debit Card,India,Mumbai,15,0,NORMAL,0
2315.45,Travel,Net Banking,UK,London,15,0,NORMAL,0
21.93,Pharmacy,Wallet,Singapore,Singapore,15,0,NORMAL,0
195.67,Retail,UPI,Singapore,Singapore,15,0,NORMAL,0
68.03,Transportation,Debit Card,Germany,Berlin,15,0,NORMAL,0
7260.48,Luxury,Credit Card,Russia,Moscow,15,0,FRAUD,1
42.56,Transportation,Debit Card,USA,Chicago,15,0,NORMAL,0
2445.88,Travel,Wallet,Singapore,Singapore,15,0,NORMAL,0
4223.72,Electronics,Net Banking,UK,London,15,0,NORMAL,0
968.19,Electronics,Credit Card,USA,New York,15,0,NORMAL,0
34.5,Fuel,Net Banking,USA,New York,15,0,NORMAL,0
1083.9,Travel,Debit Card,USA,Chicago,15,0,NORMAL,0
79.08,Fuel,Wallet,USA,Chicago,15,0,NORMAL,0
2014.78,Travel,Credit Card,India,Mumbai,15,0,NORMAL,0
339.78,Retail,UPI,India,Bangalore,15,0,NORMAL,0
120.74,Gaming,Net Banking,USA,New York,15,0,NORMAL,0
2807.29,Travel,Debit Card,UK,London,15,0,NORMAL,0
47.56,Food,Credit Card,UK,London,15,0,NORMAL,0
523.78,Travel,Debit Card,USA,Chicago,15,0,NORMAL,0
7724.77,Luxury,Wallet,USA,New York,15,0,NORMAL,0
199.75,Pharmacy,Debit Card,USA,Chicago,15,0,NORMAL,0
25.72,Gaming,UPI,India,Mumbai,15,0,NORMAL,0
2519.99,Travel,Wallet,Germany,Berlin,15,0,NORMAL,0
125.99,Pharmacy,Credit Card,USA,Chicago,15,0,NORMAL,0
103.03,Pharmacy,Net Banking,USA,Chicago,15,0,NORMAL,0
2015.44,Electronics,Net Banking,India,Bangalore,15,0,SUSPICIOUS,0
60.54,Fuel,Net Banking,Singapore,Singapore,15,0,NORMAL,0
233.25,Pharmacy,Debit Card,UK,London,15,0,NORMAL,0
90.69,Fuel,Credit Card,Germany,Berlin,15,0,NORMAL,0
4125.4,Electronics,UPI,India,Mumbai,15,0,NORMAL,0
3039.21,Electronics,Net Banking,India,Mumbai,15,0,SUSPICIOUS,0
879.68,Travel,Net Banking,Singapore,Singapore,15,0,NORMAL,0
61.66,Food,Wallet,India,Mumbai,15,0,NORMAL,0
349.45,Travel,Net Banking,Canada,Toronto,15,0,NORMAL,0
29.74,Transportation,Debit Card,USA,New York,15,0,NORMAL,0
4817.73,Electronics,Credit Card,Russia,Moscow,15,0,FRAUD,1
225.41,Pharmacy,Wallet,Germany,Berlin,15,0,NORMAL,0
79.38,Fuel,UPI,Singapore,Singapore,15,0,NORMAL,0
230.39,Retail,Net Banking,USA,Chicago,15,0,NORMAL,0
59.11,Food,UPI,USA,Chicago,15,0,NORMAL,0
3365.76,Electronics,Wallet,Germany,Berlin,15,0,SUSPICIOUS,0
75.83,Food,Net Banking,Singapore,Singapore,15,0,NORMAL,0
1854.53,Luxury,UPI,Singapore,Singapore,15,0,NORMAL,0
3512.5,Luxury,Net Banking,India,Bangalore,15,0,NORMAL,0
3317.92,Electronics,Credit Card,Germany,Berlin,15,0,NORMAL,0
1797.08,Travel,Net Banking,USA,Chicago,15,0,NORMAL,0
4488.62,Electronics,Credit Card,North Korea,Pyongyang,15,0,FRAUD,1
246.23,Pharmacy,Debit Card,UK,London,15,0,NORMAL,0
307.64,Retail,Net Banking,USA,New York,15,0,NORMAL,0
3081.41,Electronics,Wallet,UK,London,15,0,SUSPICIOUS,0
92.96,Pharmacy,Wallet,India,Mumbai,15,0,NORMAL,0
5794.06,Luxury,Wallet,Canada,Toronto,15,0,NORMAL,0
1368.98,Luxury,Credit Card,USA,New York,15,0,NORMAL,0
1272.18,Electronics,Wallet,Singapore,Singapore,15,0,NORMAL,0
2235.81,Travel,Wallet,Germany,Berlin,15,0,NORMAL,0
321.0,Retail,Net Banking,Singapore,Singapore,15,0,NORMAL,0
25.27,Transportation,UPI,India,Bangalore,15,0,NORMAL,0
146.17,Fuel,Net Banking,India,Mumbai,15,0,NORMAL,0
1901.33,Travel,Wallet,India,Mumbai,15,0,NORMAL,0
43.06,Gaming,UPI,Singapore,Singapore,15,0,NORMAL,0
4894.97,Electronics,Credit Card,Iran,Tehran,15,0,FRAUD,1
60.04,Retail,UPI,USA,New York,15,0,NORMAL,0
44.74,Retail,Credit Card,India,Mumbai,15,0,NORMAL,0
24.72,Food,Wallet,USA,New York,15,0,NORMAL,0
1945.48,Travel,Wallet,India,Mumbai,15,0,NORMAL,0
58.04,Fuel,Debit Card,USA,New York,15,0,NORMAL,0
1672.57,Luxury,Credit Card,Singapore,Singapore,15,0,NORMAL,0
366.45,Retail,Wallet,Germany,Berlin,15,0,NORMAL,0
56.86,Food,UPI,India,Mumbai,15,0,NORMAL,0
6826.11,Electronics,Credit Card,Iran,Tehran,15,0,FRAUD,1
44.07,Fuel,UPI,USA,Chicago,15,0,NORMAL,0
137.47,Gaming,Wallet,Canada,Toronto,15,0,NORMAL,0
192.14,Pharmacy,Net Banking,India,Bangalore,15,0,NORMAL,0
171.28,Retail,UPI,Singapore,Singapore,15,0,NORMAL,0
2306.86,Luxury,UPI,India,Mumbai,15,0,NORMAL,0
2682.23,Electronics,Credit Card,UK,London,15,0,NORMAL,0
82.36,Transportation,Credit Card,Canada,Toronto,15,0,NORMAL,0
109.8,Fuel,Net Banking,USA,Chicago,15,0,NORMAL,0
4194.54,Luxury,Net Banking,Singapore,Singapore,15,0,NORMAL,0
25.21,Gaming,Credit Card,Germany,Berlin,15,0,NORMAL,0
73.1,Retail,UPI,India,Mumbai,15,0,NORMAL,0
145.75,Pharmacy,Debit Card,India,Bangalore,15,0,NORMAL,0
136.16,Pharmacy,Wallet,UK,London,15,0,NORMAL,0
8811.31,Luxury,Credit Card,Iran,Tehran,15,0,FRAUD,1
2153.3,Travel,Credit Card,UK,London,15,0,NORMAL,0
14.94,Transportation,Debit Card,India,Bangalore,15,0,NORMAL,0
465.49,Retail,Wallet,Canada,Toronto,15,0,NORMAL,0
5918.82,Electronics,Credit Card,North Korea,Pyongyang,15,0,FRAUD,1
4142.89,Electronics,Net Banking,India,Bangalore,15,0,SUSPICIOUS,0
72.44,Food,Credit Card,Canada,Toronto,15,0,NORMAL,0
8287.13,Electronics,Credit Card,North Korea,Pyongyang,15,0,FRAUD,1
31.56,Transportation,UPI,USA,New York,15,0,NORMAL,0
25.2,Food,Debit Card,Germany,Berlin,15,0,NORMAL,0
29.17,Food,Net Banking,USA,New York,15,0,NORMAL,0
20.71,Gaming,Wallet,USA,Chicago,15,0,NORMAL,0
73.1,Transportation,UPI,Singapore,Singapore,15,0,NORMAL,0
3896.23,Luxury,Credit Card,Iran,Tehran,15,0,FRAUD,1
50.68,Transportation,Net Banking,Germany,Berlin,15,0,NORMAL,0
2161.86,Luxury,Net Banking,Singapore,Singapore,15,0,NORMAL,0
19.79,Pharmacy,UPI,Canada,Toronto,15,0,NORMAL,0
6616.25,Luxury,UPI,Singapore,Singapore,15,0,NORMAL,0
4902.75,Electronics,Net Banking,USA,New York,15,0,NORMAL,0
213.51,Pharmacy,Credit Card,USA,New York,15,0,NORMAL,0
3431.7,Electronics,Debit Card,Canada,Toronto,15,0,SUSPICIOUS,0
1887.82,Travel,Debit Card,India,Bangalore,15,0,SUSPICIOUS,0
102.39,Fuel,UPI,Canada,Toronto,15,0,NORMAL,0
8102.21,Electronics,Credit Card,North Korea,Pyongyang,15,0,FRAUD,1
28.46,Gaming,Debit Card,India,Bangalore,15,0,NORMAL,0
494.2,Electronics,Debit Card,Canada,Toronto,15,0,NORMAL,0
8158.01,Electronics,Credit Card,North Korea,Pyongyang,15,0,FRAUD,1
1614.71,Luxury,Debit Card,UK,London,15,0,SUSPICIOUS,0
2162.85,Luxury,Wallet,Germany,Berlin,15,0,NORMAL,0
4863.26,Luxury,Credit Card,Iran,Tehran,15,0,FRAUD,1
2260.78,Electronics,Net Banking,Canada,Toronto,15,0,NORMAL,0
376.79,Retail,Wallet,UK,London,15,0,NORMAL,0
3912.71,Electronics,Debit Card,Singapore,Singapore,15,0,NORMAL,0
1595.31,Travel,Debit Card,USA,New York,15,0,NORMAL,0
11.43,Transportation,Wallet,India,Mumbai,15,0,NORMAL,0
68.5,Transportation,Debit Card,UK,London,15,0,NORMAL,0
40.68,Food,Debit Card,USA,New York,15,0,NORMAL,0
85.83,Gaming,Net Banking,UK,London,15,0,NORMAL,0
68.07,Transportation,UPI,Germany,Berlin,15,0,NORMAL,0
7395.0,Luxury,Wallet,India,Mumbai,15,0,NORMAL,0
1975.68,Electronics,UPI,Germany,Berlin,15,0,SUSPICIOUS,0
82.08,Gaming,Wallet,Canada,Toronto,15,0,NORMAL,0
36.99,Gaming,Wallet,USA,Chicago,15,0,NORMAL,0
2619.84,Travel,Wallet,USA,Chicago,15,0,SUSPICIOUS,0
221.19,Pharmacy,Net Banking,India,Mumbai,15,0,NORMAL,0
136.72,Gaming,Debit Card,Canada,Toronto,15,0,NORMAL,0
2256.31,Travel,Credit Card,Singapore,Singapore,15,0,NORMAL,0
3742.19,Electronics,UPI,UK,London,15,0,NORMAL,0
88.91,Fuel,UPI,Germany,Berlin,15,0,NORMAL,0
156.07,Pharmacy,Wallet,USA,New York,15,0,NORMAL,0
92.58,Pharmacy,Net Banking,India,Mumbai,15,0,NORMAL,0
2861.79,Travel,Net Banking,Singapore,Singapore,15,0,SUSPICIOUS,0
2170.78,Electronics,Wallet,India,Bangalore,15,0,SUSPICIOUS,0
2423.44,Travel,Wallet,UK,London,15,0,NORMAL,0
23.96,Transportation,Credit Card,USA,Chicago,15,0,NORMAL,0
178.38,Gaming,Wallet,USA,New York,15,0,NORMAL,0
27.42,Gaming,UPI,Germany,Berlin,15,0,NORMAL,0
430.69,Retail,Net Banking,Germany,Berlin,15,0,NORMAL,0
7526.68,Electronics,Credit Card,Russia,Moscow,15,0,FRAUD,1
475.69,Retail,Credit Card,Singapore,Singapore,15,0,NORMAL,0
4240.16,Travel,Net Banking,Canada,Toronto,15,0,SUSPICIOUS,0
3464.7,Electronics,Wallet,Germany,Berlin,15,0,SUSPICIOUS,0
3345.95,Luxury,Credit Card,Singapore,Singapore,15,0,NORMAL,0
1223.74,Travel,Wallet,Singapore,Singapore,15,0,NORMAL,0
2867.41,Electronics,Wallet,India,Bangalore,15,0,SUSPICIOUS,0
62.16,Food,Net Banking,USA,Chicago,15,0,NORMAL,0
4691.15,Luxury,Net Banking,Singapore,Singapore,15,0,NORMAL,0
7075.84,Luxury,Debit Card,India,Mumbai,15,0,NORMAL,0
1466.93,Travel,Net Banking,India,Mumbai,15,0,NORMAL,0
497.06,Retail,Credit Card,USA,Chicago,15,0,NORMAL,0
24.33,Food,Net Banking,Singapore,Singapore,15,0,NORMAL,0
34.86,Retail,Net Banking,UK,London,15,0,NORMAL,0
8144.22,Luxury,Credit Card,Russia,Moscow,15,0,FRAUD,1
659.23,Travel,Debit Card,India,Bangalore,15,0,NORMAL,0
157.44,Retail,Credit Card,Singapore,Singapore,15,0,NORMAL,0
72.7,Food,UPI,India,Mumbai,15,0,NORMAL,0
3514.65,Electronics,Credit Card,Iran,Tehran,15,0,FRAUD,1
100.29,Pharmacy,Debit Card,USA,New York,15,0,NORMAL,0
48.47,Food,Credit Card,UK,London,15,0,NORMAL,0
3762.16,Electronics,Credit Card,USA,New York,15,0,NORMAL,0
8680.76,Electronics,Credit Card,Russia,Moscow,15,0,FRAUD,1
279.88,Retail,UPI,USA,New York,15,0,NORMAL,0
120.11,Fuel,Credit Card,India,Bangalore,15,0,NORMAL,0
287.45,Retail,Wallet,USA,Chicago,15,0,NORMAL,0
7985.89,Luxury,Credit Card,North Korea,Pyongyang,15,0,FRAUD,1
3633.43,Travel,UPI,Germany,Berlin,15,0,SUSPICIOUS,0
448.12,Retail,Credit Card,Canada,Toronto,15,0,NORMAL,0
4058.29,Electronics,Net Banking,Germany,Berlin,15,0,SUSPICIOUS,0
998.77,Travel,Debit Card,Germany,Berlin,15,0,NORMAL,0
7740.13,Luxury,Credit Card,USA,Chicago,15,0,NORMAL,0
3861.29,Luxury,Credit Card,Canada,Toronto,15,0,NORMAL,0
136.77,Pharmacy,UPI,USA,Chicago,15,0,NORMAL,0
5703.72,Luxury,Wallet,India,Mumbai,15,0,NORMAL,0
38.02,Pharmacy,Debit Card,Canada,Toronto,15,0,NORMAL,0
3937.76,Travel,UPI,USA,Chicago,15,0,SUSPICIOUS,0
376.54,Retail,UPI,India,Mumbai,15,0,NORMAL,0
198.23,Pharmacy,UPI,USA,Chicago,15,0,NORMAL,0
59.32,Transportation,Credit Card,India,Mumbai,15,0,NORMAL,0
3502.61,Electronics,UPI,UK,London,15,0,NORMAL,0
150.64,Gaming,UPI,India,Bangalore,15,0,NORMAL,0
7554.95,Luxury,Net Banking,Canada,Toronto,15,0,NORMAL,0
437.91,Retail,Debit Card,Canada,Toronto,15,0,NORMAL,0
3293.6,Electronics,Debit Card,UK,London,15,0,SUSPICIOUS,0
59.32,Pharmacy,Wallet,India,Bangalore,15,0,NORMAL,0
1637.38,Travel,Net Banking,Germany,Berlin,15,0,NORMAL,0
5850.69,Luxury,Wallet,Germany,Berlin,15,0,NORMAL,0
8611.59,Luxury,Credit Card,North Korea,Pyongyang,15,0,FRAUD,1
281.15,Retail,Credit Card,India,Mumbai,15,0,NORMAL,0
86.57,Fuel,Net Banking,India,Bangalore,15,0,NORMAL,0
4460.71,Electronics,Debit Card,UK,London,15,0,NORMAL,0
4085.03,Electronics,UPI,USA,Chicago,15,0,NORMAL,0
208.81,Travel,Wallet,USA,Chicago,15,0,NORMAL,0
4756.8,Luxury,Wallet,India,Bangalore,15,0,NORMAL,0
58.81,Food,Net Banking,Canada,Toronto,15,0,NORMAL,0
2273.47,Travel,UPI,India,Bangalore,15,0,NORMAL,0
176.77,Retail,Net Banking,India,Bangalore,15,0,NORMAL,0
20.28,Food,Credit Card,USA,New York,15,0,NORMAL,0
76.31,Food,UPI,Canada,Toronto,15,0,NORMAL,0
1377.09,Travel,Wallet,Singapore,Singapore,15,0,NORMAL,0
3357.94,Electronics,Credit Card,USA,Chicago,15,0,NORMAL,0
3481.68,Luxury,Wallet,USA,New York,15,0,NORMAL,0
9.09,Food,UPI,Singapore,Singapore,15,0,NORMAL,0
96.12,Retail,Debit Card,India,Bangalore,15,0,NORMAL,0
6030.65,Electronics,Credit Card,North Korea,Pyongyang,15,0,FRAUD,1
23.07,Food,UPI,USA,Chicago,15,0,NORMAL,0
3898.65,Luxury,Credit Card,North Korea,Pyongyang,15,0,FRAUD,1
135.6,Pharmacy,UPI,UK,London,15,0,NORMAL,0
4928.24,Electronics,UPI,USA,Chicago,15,0,NORMAL,0
199.08,Retail,Net Banking,Singapore,Singapore,15,0,NORMAL,0
161.75,Gaming,Net Banking,USA,New York,15,0,NORMAL,0
4576.48,Electronics,UPI,Canada,Toronto,15,0,NORMAL,0
972.57,Electronics,UPI,UK,London,15,0,NORMAL,0
112.71,Gaming,Debit Card,Canada,Toronto,15,0,NORMAL,0
143.63,Pharmacy,Net Banking,India,Mumbai,15,0,NORMAL,0
195.74,Gaming,UPI,UK,London,15,0,NORMAL,0
170.51,Gaming,UPI,USA,Chicago,15,0,NORMAL,0
1711.07,Electronics,Net Banking,Germany,Berlin,15,0,NORMAL,0
46.25,Retail,Credit Card,USA,New York,15,0,NORMAL,0
197.08,Gaming,Debit Card,Canada,Toronto,15,0,NORMAL,0
6160.66,Electronics,Credit Card,Russia,Moscow,15,0,FRAUD,1
2355.36,Electronics,Debit Card,Canada,Toronto,15,0,SUSPICIOUS,0
8353.36,Luxury,Credit Card,Russia,Moscow,15,0,FRAUD,1
17.55,Food,UPI,India,Bangalore,15,0,NORMAL,0
5973.0,Electronics,Credit Card,Russia,Moscow,15,0,FRAUD,1
3584.42,Electronics,Credit Card,Russia,Moscow,15,0,FRAUD,1
4001.11,Electronics,Wallet,Germany,Berlin,15,0,NORMAL,0
2555.64,Electronics,Credit Card,USA,Chicago,15,0,NORMAL,0
434.98,Retail,Debit Card,Singapore,Singapore,15,0,NORMAL,0
61.48,Transportation,Credit Card,UK,London,15,0,NORMAL,0
63.09,Pharmacy,Credit Card,Canada,Toronto,15,0,NORMAL,0
6197.21,Luxury,Wallet,Singapore,Singapore,15,0,NORMAL,0
116.72,Transportation,Net Banking,Singapore,Singapore,15,0,NORMAL,0
107.18,Transportation,Debit Card,India,Bangalore,15,0,NORMAL,0
99.59,Pharmacy,Credit Card,Germany,Berlin,15,0,NORMAL,0
864.79,Electronics,Net Banking,USA,Chicago,15,0,NORMAL,0
13.39,Food,Debit Card,USA,Chicago,15,0,NORMAL,0
4271.71,Luxury,UPI,India,Mumbai,15,0,NORMAL,0
232.16,Pharmacy,Wallet,Germany,Berlin,15,0,NORMAL,0
2363.75,Electronics,Credit Card,India,Bangalore,15,0,NORMAL,0
1234.31,Luxury,Wallet,UK,London,15,0,NORMAL,0
1870.57,Travel,Wallet,Singapore,Singapore,15,0,NORMAL,0
76.14,Fuel,UPI,Germany,Berlin,15,0,NORMAL,0
21.68,Food,Wallet,USA,New York,15,0,NORMAL,0
3455.39,Luxury,Net Banking,Germany,Berlin,15,0,NORMAL,0
108.62,Transportation,Debit Card,USA,Chicago,15,0,NORMAL,0
1857.44,Electronics,Net Banking,India,Bangalore,15,0,NORMAL,0
91.32,Fuel,Credit Card,USA,New York,15,0,NORMAL,0
6.16,Food,Net Banking,UK,London,15,0,NORMAL,0
350.98,Retail,Credit Card,India,Mumbai,15,0,NORMAL,0
20.18,Retail,UPI,India,Bangalore,15,0,NORMAL,0
4259.35,Electronics,UPI,Singapore,Singapore,15,0,SUSPICIOUS,0
2293.22,Travel,Credit Card,Canada,Toronto,15,0,NORMAL,0
115.37,Transportation,Debit Card,USA,New York,15,0,NORMAL,0
3263.73,Electronics,Credit Card,India,Mumbai,15,0,SUSPICIOUS,0
221.0,Retail,Wallet,USA,Chicago,15,0,NORMAL,0
413.05,Retail,Net Banking,USA,Chicago,15,0,NORMAL,0
27.76,Fuel,UPI,USA,Chicago,15,0,NORMAL,0
8975.31,Electronics,Credit Card,North Korea,Pyongyang,15,0,FRAUD,1
4720.65,Electronics,Net Banking,Singapore,Singapore,15,0,NORMAL,0
6592.93,Luxury,Net Banking,UK,London,15,0,NORMAL,0
196.71,Gaming,Wallet,Canada,Toronto,15,0,NORMAL,0
146.75,Fuel,Net Banking,Singapore,Singapore,15,0,NORMAL,0
4494.68,Electronics,Credit Card,Germany,Berlin,15,0,NORMAL,0
7637.45,Electronics,Credit Card,North Korea,Pyongyang,15,0,FRAUD,1
55.54,Food,Debit Card,Germany,Berlin,15,0,NORMAL,0
4051.48,Luxury,UPI,USA,Chicago,15,0,NORMAL,0
40.58,Retail,Debit Card,USA,Chicago,15,0,NORMAL,0
572.32,Travel,Debit Card,USA,New York,15,0,NORMAL,0
1576.06,Luxury,Net Banking,India,Bangalore,15,0,NORMAL,0
102.3,Pharmacy,Debit Card,Germany,Berlin,15,0,NORMAL,0
247.94,Pharmacy,Credit Card,USA,New York,15,0,NORMAL,0
4504.78,Luxury,UPI,USA,Chicago,15,0,NORMAL,0
4147.15,Luxury,Credit Card,Germany,Berlin,15,0,SUSPICIOUS,0
1936.99,Travel,UPI,UK,London,15,0,NORMAL,0
123.06,Fuel,Debit Card,Singapore,Singapore,15,0,NORMAL,0
24.38,Transportation,Debit Card,USA,Chicago,15,0,NORMAL,0
456.42,Retail,Debit Card,UK,London,15,0,NORMAL,0
37.46,Gaming,Net Banking,UK,London,15,0,NORMAL,0
5569.03,Luxury,Credit Card,Russia,Moscow,15,0,FRAUD,1
2006.46,Travel,UPI,Singapore,Singapore,15,0,NORMAL,0
3702.2,Travel,Credit Card,UK,London,15,0,SUSPICIOUS,0
1571.77,Luxury,Net Banking,Germany,Berlin,15,0,SUSPICIOUS,0
1390.21,Luxury,UPI,India,Bangalore,15,0,NORMAL,0
830.13,Electronics,Debit Card,Canada,Toronto,15,0,NORMAL,0
33.02,Transportation,Net Banking,UK,London,15,0,NORMAL,0
37.43,Food,Net Banking,USA,Chicago,15,0,NORMAL,0
861.58,Travel,UPI,USA,Chicago,15,0,NORMAL,0
42.99,Fuel,UPI,India,Bangalore,15,0,NORMAL,0
85.4,Gaming,UPI,India,Bangalore,15,0,NORMAL,0
271.36,Retail,Wallet,India,Mumbai,15,0,NORMAL,0
41.97,Food,Net Banking,USA,New York,15,0,NORMAL,0
2032.19,Electronics,UPI,India,Bangalore,15,0,SUSPICIOUS,0
52.2,Transportation,UPI,India,Mumbai,15,0,NORMAL,0
3912.3,Electronics,Credit Card,India,Bangalore,15,0,SUSPICIOUS,0
4749.15,Electronics,Wallet,Canada,Toronto,15,0,NORMAL,0
53.05,Food,UPI,Canada,Toronto,15,0,NORMAL,0
12.81,Food,Net Banking,UK,London,15,0,NORMAL,0
74.89,Fuel,Credit Card,Canada,Toronto,15,0,NORMAL,0
4762.61,Electronics,Net Banking,UK,London,15,0,NORMAL,0
36.64,Food,UPI,USA,New York,15,0,NORMAL,0
1250.01,Electronics,Debit Card,USA,New York,15,0,NORMAL,0
49.43,Transportation,Debit Card,USA,New York,15,0,NORMAL,0
3629.23,Electronics,Credit Card,USA,Chicago,15,0,NORMAL,0
114.95,Retail,Net Banking,Singapore,Singapore,15,0,NORMAL,0
12.28,Food,UPI,India,Mumbai,15,0,NORMAL,0
36.1,Fuel,UPI,India,Bangalore,15,0,NORMAL,0
142.8,Fuel,UPI,USA,New York,15,0,NORMAL,0
1997.24,Travel,UPI,India,Bangalore,15,0,NORMAL,0
113.47,Fuel,Wallet,USA,Chicago,15,0,NORMAL,0
4804.07,Electronics,Net Banking,India,Mumbai,15,0,NORMAL,0
81.08,Fuel,Credit Card,UK,London,15,0,NORMAL,0
1689.83,Electronics,UPI,Singapore,Singapore,15,0,SUSPICIOUS,0
239.4,Pharmacy,UPI,Canada,Toronto,15,0,NORMAL,0
243.68,Pharmacy,Debit Card,USA,New York,15,0,NORMAL,0
1978.01,Electronics,Wallet,USA,New York,15,0,NORMAL,0
250.03,Retail,UPI,USA,Chicago,15,0,NORMAL,0
394.27,Retail,Debit Card,India,Bangalore,15,0,NORMAL,0
13.4,Food,Wallet,Germany,Berlin,15,0,NORMAL,0
6842.94,Luxury,Credit Card,Russia,Moscow,15,0,FRAUD,1
516.81,Travel,Debit Card,India,Mumbai,15,0,NORMAL,0
93.89,Retail,UPI,India,Mumbai,15,0,NORMAL,0
261.07,Retail,Credit Card,Singapore,Singapore,15,0,NORMAL,0
6089.94,Luxury,UPI,India,Mumbai,15,0,NORMAL,0
49.54,Transportation,UPI,Singapore,Singapore,15,0,NORMAL,0
2636.76,Travel,Net Banking,India,Bangalore,15,0,NORMAL,0
3827.11,Travel,UPI,India,Bangalore,15,0,SUSPICIOUS,0
2791.58,Luxury,Net Banking,India,Bangalore,15,0,SUSPICIOUS,0
1513.89,Travel,Credit Card,Singapore,Singapore,15,0,NORMAL,0
7644.34,Electronics,Credit Card,Russia,Moscow,15,0,FRAUD,1
11.08,Pharmacy,Net Banking,UK,London,15,0,NORMAL,0
2095.1,Electronics,Wallet,USA,New York,15,0,NORMAL,0
43.77,Food,Wallet,Singapore,Singapore,15,0,NORMAL,0
21.26,Food,Wallet,Singapore,Singapore,15,0,NORMAL,0
3964.47,Luxury,UPI,Germany,Berlin,15,0,NORMAL,0
2538.85,Electronics,Net Banking,India,Mumbai,15,0,SUSPICIOUS,0
40.18,Food,UPI,Germany,Berlin,15,0,NORMAL,0
84.25,Gaming,UPI,USA,Chicago,15,0,NORMAL,0
2407.68,Luxury,Net Banking,Canada,Toronto,15,0,SUSPICIOUS,0
62.44,Fuel,Credit Card,India,Mumbai,15,0,NORMAL,0
10.49,Transportation,Net Banking,Germany,Berlin,15,0,NORMAL,0
4690.16,Electronics,Wallet,India,Mumbai,15,0,NORMAL,0
5270.89,Luxury,Credit Card,Russia,Moscow,15,0,FRAUD,1
43.92,Transportation,Debit Card,USA,Chicago,15,0,NORMAL,0
4584.08,Luxury,Credit Card,Iran,Tehran,15,0,FRAUD,1
2462.56,Electronics,Wallet,UK,London,15,0,NORMAL,0
212.61,Retail,Wallet,Germany,Berlin,15,0,NORMAL,0
747.53,Electronics,Debit Card,UK,London,15,0,NORMAL,0
119.86,Retail,Wallet,India,Bangalore,15,0,NORMAL,0
5372.95,Luxury,Credit Card,North Korea,Pyongyang,15,0,FRAUD,1
7114.42,Luxury,Credit Card,North Korea,Pyongyang,15,0,FRAUD,1
1582.7,Travel,Wallet,UK,London,15,0,NORMAL,0
7456.34,Luxury,Credit Card,Russia,Moscow,15,0,FRAUD,1
34.89,Retail,Credit Card,India,Bangalore,15,0,NORMAL,0
58.72,Fuel,Credit Card,UK,London,15,0,NORMAL,0
7947.41,Luxury,Wallet,India,Mumbai,15,0,NORMAL,0
7374.96,Luxury,Credit Card,Russia,Moscow,15,0,FRAUD,1
3765.64,Electronics,Credit Card,Iran,Tehran,15,0,FRAUD,1
2419.59,Luxury,Debit Card,Germany,Berlin,15,0,NORMAL,0
4616.78,Luxury,Credit Card,Russia,Moscow,15,0,FRAUD,1
14.39,Transportation,Credit Card,Germany,Berlin,15,0,NORMAL,0
295.6,Retail,Debit Card,UK,London,15,0,NORMAL,0
30.89,Food,Net Banking,USA,Chicago,15,0,NORMAL,0
43.66,Gaming,Debit Card,Singapore,Singapore,15,0,NORMAL,0
98.95,Pharmacy,Net Banking,USA,New York,15,0,NORMAL,0
3920.19,Electronics,UPI,Singapore,Singapore,15,0,SUSPICIOUS,0
8461.63,Luxury,Credit Card,Iran,Tehran,15,0,FRAUD,1
65.94,Food,Net Banking,Singapore,Singapore,15,0,NORMAL,0
7239.31,Electronics,Credit Card,North Korea,Pyongyang,15,0,FRAUD,1
150.65,Travel,Debit Card,USA,Chicago,15,0,NORMAL,0
58.44,Transportation,Net Banking,India,Mumbai,15,0,NORMAL,0
54.01,Fuel,Credit Card,India,Bangalore,15,0,NORMAL,0
3836.05,Electronics,Net Banking,Germany,Berlin,15,0,NORMAL,0
7.0,Food,UPI,USA,Chicago,15,0,NORMAL,0
12.72,Food,Wallet,Singapore,Singapore,15,0,NORMAL,0
362.75,Retail,Wallet,Singapore,Singapore,15,0,NORMAL,0
13.78,Transportation,Wallet,Singapore,Singapore,15,0,NORMAL,0
82.7,Transportation,Credit Card,Canada,Toronto,15,0,NORMAL,0
173.39,Pharmacy,Net Banking,Singapore,Singapore,15,0,NORMAL,0
1748.45,Luxury,Debit Card,Germany,Berlin,15,0,NORMAL,0
63.79,Transportation,Net Banking,Germany,Berlin,15,0,NORMAL,0
73.84,Food,Debit Card,Singapore,Singapore,15,0,NORMAL,0
47.01,Gaming,Debit Card,Germany,Berlin,15,0,NORMAL,0
5.59,Food,Debit Card,India,Bangalore,15,0,NORMAL,0
115.33,Retail,Debit Card,USA,New York,15,0,NORMAL,0
4478.8,Luxury,Credit Card,Canada,Toronto,15,0,NORMAL,0
82.56,Fuel,Debit Card,Germany,Berlin,15,0,NORMAL,0
2269.87,Luxury,UPI,USA,New York,15,0,SUSPICIOUS,0
3162.29,Electronics,UPI,India,Mumbai,15,0,NORMAL,0
141.44,Pharmacy,Wallet,USA,New York,15,0,NORMAL,0
892.77,Electronics,Wallet,Germany,Berlin,15,0,NORMAL,0
60.36,Gaming,Net Banking,UK,London,15,0,NORMAL,0
69.58,Fuel,Wallet,Singapore,Singapore,15,0,NORMAL,0
77.45,Gaming,UPI,India,Bangalore,15,0,NORMAL,0
58.61,Retail,Net Banking,India,Mumbai,15,0,NORMAL,0
1842.88,Travel,Wallet,UK,London,15,0,NORMAL,0
492.85,Retail,Credit Card,India,Mumbai,15,0,NORMAL,0
291.83,Retail,UPI,India,Mumbai,15,0,NORMAL,0
354.08,Retail,Net Banking,UK,London,15,0,NORMAL,0
2354.82,Luxury,Credit Card,UK,London,15,0,NORMAL,0
25.96,Food,Debit Card,USA,Chicago,15,0,NORMAL,0
628.35,Travel,Wallet,USA,Chicago,15,0,NORMAL,0
154.92,Pharmacy,Net Banking,Canada,Toronto,15,0,NORMAL,0
406.11,Retail,Debit Card,UK,London,15,0,NORMAL,0
97.88,Pharmacy,Wallet,Canada,Toronto,15,0,NORMAL,0
108.04,Retail,Net Banking,UK,London,15,0,NORMAL,0
7950.21,Luxury,Credit Card,UK,London,15,0,NORMAL,0
307.25,Retail,UPI,India,Bangalore,15,0,NORMAL,0
40.57,Pharmacy,Wallet,Singapore,Singapore,15,0,NORMAL,0
77.18,Food,Credit Card,India,Mumbai,15,0,NORMAL,0
823.75,Travel,Credit Card,USA,Chicago,15,0,NORMAL,0
260.75,Retail,Debit Card,UK,London,15,0,NORMAL,0
128.11,Fuel,UPI,Canada,Toronto,15,0,NORMAL,0
32.59,Transportation,Net Banking,Canada,Toronto,15,0,NORMAL,0
1683.85,Travel,UPI,India,Mumbai,15,0,NORMAL,0
14.79,Food,Debit Card,India,Mumbai,15,0,NORMAL,0
8608.26,Luxury,Credit Card,Russia,Moscow,15,0,FRAUD,1
4178.25,Electronics,Wallet,India,Bangalore,15,0,SUSPICIOUS,0
109.49,Fuel,Debit Card,India,Mumbai,15,0,NORMAL,0
2467.16,Travel,Credit Card,India,Bangalore,15,0,NORMAL,0
352.83,Retail,Net Banking,India,Bangalore,15,0,NORMAL,0
4577.68,Luxury,Credit Card,Iran,Tehran,15,0,FRAUD,1
2423.39,Electronics,Credit Card,India,Bangalore,15,0,NORMAL,0
77.88,Transportation,Net Banking,India,Mumbai,15,0,NORMAL,0
449.95,Retail,Debit Card,Germany,Berlin,15,0,NORMAL,0
135.49,Fuel,UPI,Germany,Berlin,15,0,NORMAL,0
3917.69,Electronics,Credit Card,Singapore,Singapore,15,0,NORMAL,0
78.91,Transportation,Net Banking,India,Mumbai,15,0,NORMAL,0
56.16,Food,Wallet,Germany,Berlin,15,0,NORMAL,0
4545.88,Electronics,Net Banking,India,Mumbai,15,0,NORMAL,0
7387.31,Luxury,Wallet,USA,New York,15,0,NORMAL,0
8766.89,Electronics,Credit Card,Iran,Tehran,15,0,FRAUD,1
7553.06,Luxury,Credit Card,Russia,Moscow,15,0,FRAUD,1
79.5,Gaming,Debit Card,Germany,Berlin,15,0,NORMAL,0
6493.88,Luxury,Credit Card,Russia,Moscow,15,0,FRAUD,1
190.35,Pharmacy,Wallet,Canada,Toronto,15,0,NORMAL,0
366.53,Retail,Net Banking,UK,London,15,0,NORMAL,0
6573.4,Luxury,Wallet,India,Bangalore,15,0,NORMAL,0
44.28,Fuel,Net Banking,USA,Chicago,15,0,NORMAL,0
108.89,Gaming,UPI,Singapore,Singapore,15,0,NORMAL,0
166.2,Gaming,Credit Card,India,Mumbai,15,0,NORMAL,0
8778.3,Electronics,Credit Card,Russia,Moscow,15,0,FRAUD,1
52.85,Transportation,UPI,Singapore,Singapore,15,0,NORMAL,0
204.59,Retail,Net Banking,Germany,Berlin,15,0,NORMAL,0
54.09,Transportation,Net Banking,India,Mumbai,15,0,NORMAL,0
328.68,Retail,UPI,UK,London,15,0,NORMAL,0
630.8,Travel,Wallet,India,Mumbai,15,0,NORMAL,0
108.48,Fuel,Debit Card,India,Mumbai,15,0,NORMAL,0
1004.84,Electronics,UPI,USA,New York,15,0,NORMAL,0
1007.29,Electronics,UPI,USA,New York,15,0,NORMAL,0
106.01,Retail,Credit Card,Singapore,Singapore,15,0,NORMAL,0
37.4,Transportation,UPI,USA,New York,15,0,NORMAL,0
117.68,Transportation,Net Banking,Canada,Toronto,15,0,NORMAL,0
2538.06,Electronics,UPI,Canada,Toronto,15,0,NORMAL,0
132.51,Pharmacy,Debit Card,Canada,Toronto,15,0,NORMAL,0
3953.18,Travel,UPI,UK,London,15,0,SUSPICIOUS,0
50.46,Fuel,Net Banking,Germany,Berlin,15,0,NORMAL,0
2263.73,Travel,Debit Card,Singapore,Singapore,15,0,NORMAL,0
3329.75,Electronics,Net Banking,India,Mumbai,15,0,SUSPICIOUS,0
2382.45,Travel,Net Banking,Singapore,Singapore,15,0,NORMAL,0
3736.45,Travel,Credit Card,India,Bangalore,15,0,SUSPICIOUS,0
436.44,Retail,UPI,India,Mumbai,15,0,NORMAL,0
421.44,Retail,Debit Card,USA,New York,15,0,NORMAL,0
5754.01,Electronics,Credit Card,North Korea,Pyongyang,15,0,FRAUD,1
2850.67,Luxury,Wallet,USA,New York,15,0,NORMAL,0
63.56,Transportation,Debit Card,India,Mumbai,15,0,NORMAL,0
237.24,Retail,Credit Card,UK,London,15,0,NORMAL,0
269.21,Travel,Wallet,Germany,Berlin,15,0,NORMAL,0
64.63,Food,Debit Card,Germany,Berlin,15,0,NORMAL,0
26.75,Food,Debit Card,Germany,Berlin,15,0,NORMAL,0
133.09,Fuel,Credit Card,Canada,Toronto,15,0,NORMAL,0
110.39,Fuel,Credit Card,India,Mumbai,15,0,NORMAL,0
87.6,Transportation,UPI,USA,Chicago,15,0,NORMAL,0
3188.68,Electronics,Credit Card,USA,Chicago,15,0,NORMAL,0
1965.86,Electronics,Net Banking,Canada,Toronto,15,0,NORMAL,0
130.82,Fuel,Credit Card,UK,London,15,0,NORMAL,0
4461.15,Luxury,Net Banking,India,Mumbai,15,0,SUSPICIOUS,0
6754.54,Luxury,Credit Card,UK,London,15,0,NORMAL,0
69.13,Pharmacy,UPI,Germany,Berlin,15,0,NORMAL,0
100.56,Transportation,Credit Card,Canada,Toronto,15,0,NORMAL,0
2533.97,Luxury,UPI,UK,London,15,0,NORMAL,0
4063.47,Luxury,Credit Card,Iran,Tehran,15,0,FRAUD,1
8676.69,Luxury,Credit Card,Iran,Tehran,15,0,FRAUD,1
240.28,Retail,Wallet,UK,London,15,0,NORMAL,0
3391.74,Electronics,Credit Card,USA,Chicago,15,0,NORMAL,0
69.84,Food,Net Banking,UK,London,15,0,NORMAL,0
82.14,Fuel,Debit Card,USA,New York,15,0,NORMAL,0
26.36,Food,Debit Card,USA,Chicago,15,0,NORMAL,0
2723.5,Travel,Wallet,Canada,Toronto,15,0,NORMAL,0
76.5,Transportation,Net Banking,India,Bangalore,15,0,NORMAL,0
41.74,Gaming,Wallet,Singapore,Singapore,15,0,NORMAL,0
4982.14,Electronics,UPI,Germany,Berlin,15,0,NORMAL,0
734.35,Travel,Net Banking,USA,Chicago,15,0,NORMAL,0
3942.64,Electronics,Net Banking,Germany,Berlin,15,0,SUSPICIOUS,0
1251.88,Travel,Net Banking,Singapore,Singapore,15,0,NORMAL,0
2750.84,Luxury,Wallet,Canada,Toronto,15,0,NORMAL,0
329.67,Retail,Debit Card,India,Mumbai,15,0,NORMAL,0
144.01,Fuel,Net Banking,UK,London,15,0,NORMAL,0
317.79,Retail,Debit Card,India,Bangalore,15,0,NORMAL,0
41.08,Fuel,UPI,Canada,Toronto,15,0,NORMAL,0
2151.85,Electronics,UPI,Canada,Toronto,15,0,NORMAL,0
6352.42,Electronics,Credit Card,Russia,Moscow,15,0,FRAUD,1
142.47,Fuel,UPI,India,Mumbai,15,0,NORMAL,0
15.87,Transportation,Debit Card,UK,London,15,0,NORMAL,0
165.17,Gaming,Debit Card,India,Mumbai,15,0,NORMAL,0
3401.29,Luxury,Debit Card,Singapore,Singapore,15,0,NORMAL,0
55.58,Food,Credit Card,Singapore,Singapore,15,0,NORMAL,0
58.86,Retail,Wallet,UK,London,15,0,NORMAL,0
232.68,Retail,Net Banking,USA,Chicago,15,0,NORMAL,0
166.73,Retail,Wallet,India,Bangalore,15,0,NORMAL,0
1079.15,Electronics,UPI,Germany,Berlin,15,0,NORMAL,0
6520.45,Luxury,Credit Card,North Korea,Pyongyang,15,0,FRAUD,1
444.3,Travel,Net Banking,UK,London,15,0,NORMAL,0
2006.05,Electronics,Credit Card,UK,London,15,0,SUSPICIOUS,0
111.29,Gaming,Credit Card,India,Bangalore,15,0,NORMAL,0
1313.19,Luxury,UPI,USA,Chicago,15,0,NORMAL,0
67.19,Retail,Net Banking,India,Bangalore,15,0,NORMAL,0
91.2,Transportation,Wallet,USA,Chicago,15,0,NORMAL,0
112.85,Gaming,Credit Card,Canada,Toronto,15,0,NORMAL,0
35.58,Gaming,UPI,USA,New York,15,0,NORMAL,0
742.0,Travel,UPI,India,Mumbai,15,0,NORMAL,0
51.39,Fuel,Wallet,Canada,Toronto,15,0,NORMAL,0
76.37,Food,Credit Card,Singapore,Singapore,15,0,NORMAL,0
1760.83,Travel,UPI,USA,New York,15,0,NORMAL,0
237.28,Pharmacy,Debit Card,Germany,Berlin,15,0,NORMAL,0
668.11,Travel,UPI,USA,New York,15,0,NORMAL,0
3521.26,Electronics,Net Banking,India,Bangalore,15,0,NORMAL,0
1437.61,Electronics,Credit Card,USA,New York,15,0,NORMAL,0
226.85,Retail,UPI,Germany,Berlin,15,0,NORMAL,0
1293.23,Electronics,Credit Card,India,Mumbai,15,0,NORMAL,0
297.77,Retail,Wallet,USA,New York,15,0,NORMAL,0
95.97,Transportation,Wallet,India,Bangalore,15,0,NORMAL,0
98.66,Pharmacy,UPI,India,Bangalore,15,0,NORMAL,0
3243.61,Electronics,Debit Card,Canada,Toronto,15,0,SUSPICIOUS,0
1744.47,Travel,Debit Card,Canada,Toronto,15,0,NORMAL,0
39.25,Fuel,UPI,Canada,Toronto,15,0,NORMAL,0
62.11,Food,Debit Card,Canada,Toronto,15,0,NORMAL,0
4499.03,Electronics,Wallet,Singapore,Singapore,15,0,SUSPICIOUS,0
142.3,Retail,Debit Card,USA,Chicago,15,0,NORMAL,0
4067.03,Electronics,Credit Card,India,Bangalore,15,0,NORMAL,0
77.54,Retail,UPI,UK,London,15,0,NORMAL,0
8933.43,Luxury,Credit Card,Russia,Moscow,15,0,FRAUD,1
3568.89,Luxury,Net Banking,USA,New York,15,0,NORMAL,0
5240.4,Luxury,Net Banking,Canada,Toronto,15,0,NORMAL,0
8.43,Food,Debit Card,Germany,Berlin,15,0,NORMAL,0
3970.46,Travel,Wallet,USA,Chicago,15,0,SUSPICIOUS,0
323.51,Retail,Wallet,Canada,Toronto,15,0,NORMAL,0
10.21,Food,Net Banking,Germany,Berlin,15,0,NORMAL,0
36.33,Transportation,UPI,USA,Chicago,15,0,NORMAL,0
1024.09,Travel,Wallet,India,Mumbai,15,0,NORMAL,0
72.04,Pharmacy,Credit Card,Germany,Berlin,15,0,NORMAL,0
11.15,Food,UPI,India,Mumbai,15,0,NORMAL,0
101.09,Transportation,Wallet,Singapore,Singapore,15,0,NORMAL,0
68.15,Fuel,Credit Card,USA,Chicago,15,0,NORMAL,0
182.74,Pharmacy,Credit Card,Germany,Berlin,15,0,NORMAL,0
8926.77,Luxury,Credit Card,North Korea,Pyongyang,15,0,FRAUD,1
2465.89,Travel,Net Banking,Singapore,Singapore,15,0,NORMAL,0
131.59,Fuel,UPI,USA,New York,15,0,NORMAL,0
4167.03,Luxury,Net Banking,USA,New York,15,0,NORMAL,0
162.15,Gaming,Credit Card,India,Mumbai,15,0,NORMAL,0
1606.99,Travel,UPI,Singapore,Singapore,15,0,NORMAL,0
280.41,Retail,Credit Card,India,Bangalore,15,0,NORMAL,0
3767.34,Electronics,Credit Card,USA,Chicago,15,0,NORMAL,0
346.61,Retail,Wallet,USA,Chicago,15,0,NORMAL,0
16.54,Transportation,Net Banking,Germany,Berlin,15,0,NORMAL,0
15.22,Food,Wallet,USA,Chicago,15,0,NORMAL,0
8483.21,Luxury,Credit Card,North Korea,Pyongyang,15,0,FRAUD,1
8968.23,Luxury,Credit Card,Iran,Tehran,15,0,FRAUD,1
36.34,Transportation,Wallet,India,Bangalore,15,0,NORMAL,0
4466.82,Travel,Wallet,Singapore,Singapore,15,0,SUSPICIOUS,0
104.96,Transportation,UPI,India,Bangalore,15,0,NORMAL,0
59.32,Food,Wallet,Singapore,Singapore,15,0,NORMAL,0
58.18,Food,Net Banking,India,Mumbai,15,0,NORMAL,0
99.95,Fuel,Credit Card,Canada,Toronto,15,0,NORMAL,0
4308.73,Electronics,Wallet,Germany,Berlin,15,0,SUSPICIOUS,0
5438.47,Luxury,Net Banking,Canada,Toronto,15,0,NORMAL,0
107.05,Transportation,Credit Card,India,Bangalore,15,0,NORMAL,0
88.41,Transportation,Credit Card,UK,London,15,0,NORMAL,0
21.14,Food,Debit Card,Singapore,Singapore,15,0,NORMAL,0
2114.88,Electronics,Debit Card,India,Mumbai,15,0,SUSPICIOUS,0
3512.62,Electronics,Net Banking,Canada,Toronto,15,0,NORMAL,0
3052.5,Travel,Credit Card,USA,New York,15,0,SUSPICIOUS,0
166.02,Gaming,Net Banking,India,Mumbai,15,0,NORMAL,0
88.27,Retail,Wallet,Canada,Toronto,15,0,NORMAL,0
7754.31,Luxury,Credit Card,Russia,Moscow,15,0,FRAUD,1
152.19,Travel,Credit Card,USA,New York,15,0,NORMAL,0
61.14,Pharmacy,Credit Card,UK,London,15,0,NORMAL,0
1890.35,Electronics,Net Banking,USA,New York,15,0,NORMAL,0
3926.79,Luxury,Net Banking,USA,New York,15,0,SUSPICIOUS,0
70.27,Food,Credit Card,India,Mumbai,15,0,NORMAL,0
2308.35,Electronics,Debit Card,UK,London,15,0,NORMAL,0
4352.27,Electronics,Debit Card,USA,New York,15,0,SUSPICIOUS,0
4647.2,Electronics,Wallet,UK,London,15,0,NORMAL,0
12.89,Food,Net Banking,Germany,Berlin,15,0,NORMAL,0
1642.21,Travel,Net Banking,India,Bangalore,15,0,NORMAL,0
7267.35,Luxury,Debit Card,Singapore,Singapore,15,0,NORMAL,0
2062.6,Travel,Wallet,India,Mumbai,15,0,NORMAL,0
62.65,Food,Wallet,Singapore,Singapore,15,0,NORMAL,0
4728.53,Electronics,Net Banking,India,Bangalore,15,0,NORMAL,0
482.42,Travel,Net Banking,India,Mumbai,15,0,NORMAL,0
384.59,Retail,UPI,Singapore,Singapore,15,0,NORMAL,0
9.73,Food,Credit Card,Canada,Toronto,15,0,NORMAL,0
2606.07,Electronics,Net Banking,Germany,Berlin,15,0,SUSPICIOUS,0
1804.68,Luxury,Credit Card,UK,London,15,0,NORMAL,0
73.94,Food,Wallet,India,Bangalore,15,0,NORMAL,0
457.19,Retail,Net Banking,USA,Chicago,15,0,NORMAL,0
55.64,Food,Wallet,India,Mumbai,15,0,NORMAL,0
83.84,Pharmacy,Debit Card,India,Mumbai,15,0,NORMAL,0
4270.63,Travel,UPI,USA,Chicago,15,0,SUSPICIOUS,0
2084.76,Electronics,Debit Card,Canada,Toronto,15,0,SUSPICIOUS,0
44.12,Transportation,UPI,Germany,Berlin,15,0,NORMAL,0
197.79,Gaming,Debit Card,Singapore,Singapore,15,0,NORMAL,0
152.71,Pharmacy,Debit Card,UK,London,15,0,NORMAL,0
6273.05,Luxury,Credit Card,Russia,Moscow,15,0,FRAUD,1
3703.19,Electronics,Net Banking,Singapore,Singapore,15,0,NORMAL,0
3038.77,Electronics,Debit Card,India,Mumbai,15,0,SUSPICIOUS,0
13.65,Food,Wallet,Canada,Toronto,15,0,NORMAL,0
1356.07,Electronics,UPI,Singapore,Singapore,15,0,NORMAL,0
2912.73,Travel,Net Banking,India,Mumbai,15,0,NORMAL,0
2358.88,Luxury,UPI,India,Bangalore,15,0,NORMAL,0
44.48,Food,Credit Card,Canada,Toronto,15,0,NORMAL,0
390.16,Retail,UPI,USA,New York,15,0,NORMAL,0
6495.56,Luxury,Wallet,USA,New York,15,0,NORMAL,0
536.11,Electronics,Wallet,India,Bangalore,15,0,NORMAL,0
7005.52,Luxury,Debit Card,USA,New York,15,0,NORMAL,0
154.12,Gaming,Wallet,Singapore,Singapore,15,0,NORMAL,0
435.91,Retail,Wallet,India,Mumbai,15,0,NORMAL,0
1503.86,Electronics,UPI,USA,New York,15,0,SUSPICIOUS,0
7049.17,Electronics,Credit Card,North Korea,Pyongyang,15,0,FRAUD,1
211.98,Pharmacy,UPI,Singapore,Singapore,15,0,NORMAL,0
177.04,Gaming,Wallet,Canada,Toronto,15,0,NORMAL,0
314.88,Retail,Wallet,Canada,Toronto,15,0,NORMAL,0
2875.73,Travel,Net Banking,Germany,Berlin,15,0,NORMAL,0
15.08,Pharmacy,Wallet,USA,Chicago,15,0,NORMAL,0
51.3,Food,Net Banking,Germany,Berlin,15,0,NORMAL,0
7.17,Food,Wallet,Singapore,Singapore,15,0,NORMAL,0
185.08,Gaming,UPI,Germany,Berlin,15,0,NORMAL,0
6654.52,Luxury,Credit Card,Russia,Moscow,15,0,FRAUD,1
4558.97,Electronics,Credit Card,Russia,Moscow,15,0,FRAUD,1
1584.2,Travel,Wallet,Canada,Toronto,15,0,NORMAL,0
143.29,Gaming,UPI,USA,Chicago,15,0,NORMAL,0
388.38,Retail,Debit Card,UK,London,15,0,NORMAL,0
56.39,Food,UPI,USA,New York,15,0,NORMAL,0
44.06,Food,UPI,Germany,Berlin,15,0,NORMAL,0
1778.5,Travel,Wallet,UK,London,15,0,NORMAL,0
66.23,Fuel,Debit Card,UK,London,15,0,NORMAL,0
3016.3,Electronics,UPI,India,Mumbai,15,0,SUSPICIOUS,0
3192.47,Travel,Debit Card,India,Mumbai,15,0,SUSPICIOUS,0
3918.89,Electronics,Debit Card,USA,New York,15,0,NORMAL,0
282.05,Retail,Debit Card,India,Bangalore,15,0,NORMAL,0
24.82,Food,UPI,Singapore,Singapore,15,0,NORMAL,0
49.78,Gaming,Wallet,Canada,Toronto,15,0,NORMAL,0
3818.84,Electronics,Credit Card,Russia,Moscow,15,0,FRAUD,1
3503.58,Travel,Net Banking,India,Mumbai,15,0,SUSPICIOUS,0
3454.21,Travel,Credit Card,Canada,Toronto,15,0,SUSPICIOUS,0
5037.26,Luxury,Credit Card,Iran,Tehran,15,0,FRAUD,1
236.29,Travel,Debit Card,Singapore,Singapore,15,0,NORMAL,0
135.67,Fuel,Debit Card,Canada,Toronto,15,0,NORMAL,0
651.52,Electronics,Wallet,India,Mumbai,15,0,NORMAL,0
1628.6,Travel,Wallet,Singapore,Singapore,15,0,NORMAL,0
7.1,Food,Debit Card,Singapore,Singapore,15,0,NORMAL,0
77.29,Food,Net Banking,Germany,Berlin,15,0,NORMAL,0
409.59,Retail,Debit Card,USA,New York,15,0,NORMAL,0
5031.63,Luxury,Wallet,Singapore,Singapore,15,0,NORMAL,0
3680.73,Electronics,Credit Card,UK,London,15,0,SUSPICIOUS,0
85.88,Fuel,UPI,Germany,Berlin,15,0,NORMAL,0
5379.27,Luxury,Credit Card,India,Bangalore,15,0,NORMAL,0
2838.73,Luxury,Net Banking,Germany,Berlin,15,0,NORMAL,0
43.01,Pharmacy,Wallet,Canada,Toronto,15,0,NORMAL,0
205.62,Retail,UPI,India,Bangalore,15,0,NORMAL,0
4338.63,Luxury,Net Banking,India,Bangalore,15,0,NORMAL,0
3920.69,Electronics,Debit Card,USA,Chicago,15,0,NORMAL,0
44.47,Food,UPI,Germany,Berlin,15,0,NORMAL,0
71.93,Retail,Credit Card,Canada,Toronto,15,0,NORMAL,0
6942.78,Luxury,UPI,Singapore,Singapore,15,0,NORMAL,0
227.48,Pharmacy,UPI,Canada,Toronto,15,0,NORMAL,0
39.65,Retail,Credit Card,India,Bangalore,15,0,NORMAL,0
225.71,Retail,UPI,Germany,Berlin,15,0,NORMAL,0
110.55,Gaming,Credit Card,India,Mumbai,15,0,NORMAL,0
247.96,Pharmacy,Wallet,India,Mumbai,15,0,NORMAL,0
3194.16,Electronics,Net Banking,India,Bangalore,15,0,SUSPICIOUS,0
754.07,Electronics,Credit Card,USA,Chicago,15,0,NORMAL,0
66.04,Food,Debit Card,Singapore,Singapore,15,0,NORMAL,0
4426.17,Travel,Net Banking,Singapore,Singapore,15,0,SUSPICIOUS,0
860.57,Travel,UPI,Canada,Toronto,15,0,NORMAL,0
57.04,Transportation,Wallet,UK,London,15,0,NORMAL,0
50.18,Fuel,Wallet,Singapore,Singapore,15,0,NORMAL,0
312.64,Retail,Debit Card,Canada,Toronto,15,0,NORMAL,0
31.68,Food,Credit Card,Singapore,Singapore,15,0,NORMAL,0
2690.12,Travel,UPI,Germany,Berlin,15,0,NORMAL,0
1864.62,Electronics,UPI,USA,Chicago,15,0,NORMAL,0
99.89,Fuel,UPI,UK,London,15,0,NORMAL,0
7810.36,Electronics,Credit Card,Iran,Tehran,15,0,FRAUD,1
1928.61,Travel,Net Banking,UK,London,15,0,NORMAL,0
3220.3,Electronics,Debit Card,USA,New York,15,0,NORMAL,0
206.74,Pharmacy,UPI,India,Mumbai,15,0,NORMAL,0
31.72,Gaming,Wallet,Canada,Toronto,15,0,NORMAL,0
51.8,Gaming,Credit Card,USA,Chicago,15,0,NORMAL,0
142.69,Pharmacy,UPI,India,Bangalore,15,0,NORMAL,0
1369.54,Electronics,Credit Card,USA,Chicago,15,0,NORMAL,0
1532.07,Electronics,Net Banking,USA,New York,15,0,SUSPICIOUS,0
8691.08,Electronics,Credit Card,Iran,Tehran,15,0,FRAUD,1
102.42,Pharmacy,Credit Card,Canada,Toronto,15,0,NORMAL,0
223.23,Retail,Credit Card,USA,New York,15,0,NORMAL,0
1117.98,Travel,Debit Card,USA,Chicago,15,0,NORMAL,0
1547.14,Electronics,Credit Card,India,Bangalore,15,0,NORMAL,0
107.89,Gaming,Credit Card,Singapore,Singapore,15,0,NORMAL,0
49.83,Food,Net Banking,USA,New York,15,0,NORMAL,0
798.45,Travel,UPI,Germany,Berlin,15,0,NORMAL,0
8064.52,Electronics,Credit Card,Iran,Tehran,15,0,FRAUD,1
23.01,Transportation,Wallet,India,Bangalore,15,0,NORMAL,0
4877.72,Electronics,Wallet,Singapore,Singapore,15,0,NORMAL,0
4149.04,Electronics,Net Banking,USA,New York,15,0,SUSPICIOUS,0
64.82,Fuel,UPI,India,Mumbai,15,0,NORMAL,0
585.02,Electronics,Debit Card,Canada,Toronto,15,0,NORMAL,0
4410.83,Electronics,Net Banking,USA,New York,15,0,SUSPICIOUS,0
1707.37,Electronics,Net Banking,India,Bangalore,15,0,NORMAL,0
98.38,Gaming,Wallet,India,Mumbai,15,0,NORMAL,0
4434.44,Luxury,Credit Card,Iran,Tehran,15,0,FRAUD,1
39.16,Food,Debit Card,Germany,Berlin,15,0,NORMAL,0
57.69,Food,Net Banking,USA,Chicago,15,0,NORMAL,0
250.98,Retail,Net Banking,Germany,Berlin,15,0,NORMAL,0
177.82,Pharmacy,Credit Card,USA,Chicago,15,0,NORMAL,0
167.01,Gaming,Wallet,Germany,Berlin,15,0,NORMAL,0
20.41,Transportation,Wallet,India,Bangalore,15,0,NORMAL,0
2594.79,Luxury,UPI,India,Mumbai,15,0,NORMAL,0
912.35,Travel,UPI,Canada,Toronto,15,0,NORMAL,0
51.59,Food,UPI,Singapore,Singapore,15,0,NORMAL,0
11.32,Pharmacy,Debit Card,USA,Chicago,15,0,NORMAL,0
7721.15,Luxury,Credit Card,USA,New York,15,0,NORMAL,0
94.84,Gaming,Credit Card,Germany,Berlin,15,0,NORMAL,0
87.59,Retail,Debit Card,India,Bangalore,15,0,NORMAL,0
3794.46,Electronics,UPI,USA,New York,15,0,SUSPICIOUS,0
6.33,Food,Credit Card,India,Mumbai,15,0,NORMAL,0
390.85,Retail,UPI,Germany,Berlin,15,0,NORMAL,0
465.61,Retail,Net Banking,USA,Chicago,15,0,NORMAL,0
291.07,Retail,Debit Card,Singapore,Singapore,15,0,NORMAL,0
816.25,Travel,Debit Card,UK,London,15,0,NORMAL,0
61.24,Food,Debit Card,USA,New York,15,0,NORMAL,0
4065.59,Luxury,Debit Card,Germany,Berlin,15,0,SUSPICIOUS,0
2850.92,Travel,Credit Card,India,Bangalore,15,0,NORMAL,0
2666.48,Travel,UPI,USA,New York,15,0,NORMAL,0
1669.76,Travel,Debit Card,Germany,Berlin,15,0,NORMAL,0
141.02,Retail,UPI,India,Bangalore,15,0,NORMAL,0
1922.6,Travel,Net Banking,India,Bangalore,15,0,NORMAL,0
306.77,Retail,Debit Card,UK,London,15,0,NORMAL,0
77.29,Retail,Credit Card,Singapore,Singapore,15,0,NORMAL,0
5170.13,Luxury,Credit Card,Iran,Tehran,15,0,FRAUD,1
183.48,Gaming,Debit Card,Singapore,Singapore,15,0,NORMAL,0
3972.94,Luxury,UPI,India,Bangalore,15,0,NORMAL,0
2996.43,Travel,UPI,India,Mumbai,15,0,NORMAL,0
6261.87,Luxury,Credit Card,North Korea,Pyongyang,15,0,FRAUD,1
19.79,Pharmacy,Credit Card,Singapore,Singapore,15,0,NORMAL,0
6369.04,Luxury,Credit Card,Russia,Moscow,15,0,FRAUD,1
3919.99,Luxury,Credit Card,Iran,Tehran,15,0,FRAUD,1
2450.0,Electronics,Net Banking,USA,Chicago,15,0,NORMAL,0
38.13,Fuel,Wallet,India,Bangalore,15,0,NORMAL,0
40.29,Gaming,Net Banking,India,Bangalore,15,0,NORMAL,0
39.99,Food,Wallet,USA,New York,15,0,NORMAL,0
154.14,Pharmacy,Debit Card,India,Mumbai,15,0,NORMAL,0
3998.14,Electronics,Credit Card,Singapore,Singapore,15,0,NORMAL,0
7099.82,Luxury,Debit Card,UK,London,15,0,NORMAL,0
71.13,Food,Net Banking,India,Mumbai,15,0,NORMAL,0
77.91,Food,UPI,UK,London,15,0,NORMAL,0
1512.73,Travel,Net Banking,Canada,Toronto,15,0,SUSPICIOUS,0
172.73,Retail,Net Banking,USA,New York,15,0,NORMAL,0
3982.64,Electronics,Debit Card,Germany,Berlin,15,0,NORMAL,0
2849.96,Luxury,Net Banking,Germany,Berlin,15,0,SUSPICIOUS,0
920.65,Travel,UPI,Canada,Toronto,15,0,NORMAL,0
28.77,Fuel,Credit Card,USA,New York,15,0,NORMAL,0
160.74,Gaming,UPI,India,Bangalore,15,0,NORMAL,0
126.81,Gaming,Debit Card,India,Mumbai,15,0,NORMAL,0
57.99,Food,Wallet,India,Bangalore,15,0,NORMAL,0
5770.19,Luxury,Credit Card,UK,London,15,0,NORMAL,0
2583.78,Travel,Credit Card,Singapore,Singapore,15,0,NORMAL,0
5852.04,Electronics,Credit Card,Iran,Tehran,15,0,FRAUD,1
41.02,Transportation,Wallet,Germany,Berlin,15,0,NORMAL,0
72.87,Gaming,Credit Card,India,Bangalore,15,0,NORMAL,0
2036.14,Travel,Net Banking,Canada,Toronto,15,0,NORMAL,0
7538.72,Luxury,Credit Card,India,Mumbai,15,0,NORMAL,0
1364.04,Travel,UPI,Singapore,Singapore,15,0,NORMAL,0
8454.59,Electronics,Credit Card,Iran,Tehran,15,0,FRAUD,1
56.0,Food,Net Banking,India,Mumbai,15,0,NORMAL,0
180.57,Retail,UPI,India,Mumbai,15,0,NORMAL,0
341.02,Retail,Debit Card,UK,London,15,0,NORMAL,0
1965.69,Electronics,Net Banking,India,Mumbai,15,0,SUSPICIOUS,0
4654.85,Luxury,Credit Card,Germany,Berlin,15,0,NORMAL,0
59.35,Fuel,Debit Card,USA,New York,15,0,NORMAL,0
16.21,Food,UPI,Germany,Berlin,15,0,NORMAL,0
2310.53,Electronics,Net Banking,India,Mumbai,15,0,SUSPICIOUS,0
1467.08,Electronics,Credit Card,UK,London,15,0,NORMAL,0
176.15,Gaming,UPI,USA,New York,15,0,NORMAL,0
44.1,Food,UPI,Singapore,Singapore,15,0,NORMAL,0
24.84,Food,UPI,Singapore,Singapore,15,0,NORMAL,0
4826.86,Electronics,Net Banking,India,Mumbai,15,0,NORMAL,0
25.63,Food,Net Banking,Singapore,Singapore,15,0,NORMAL,0
2990.45,Travel,Wallet,India,Mumbai,15,0,SUSPICIOUS,0
5559.91,Luxury,Debit Card,Singapore,Singapore,15,0,NORMAL,0
2990.59,Electronics,Wallet,USA,New York,15,0,NORMAL,0
2362.7,Luxury,UPI,UK,London,15,0,NORMAL,0
2819.35,Travel,Credit Card,Germany,Berlin,15,0,NORMAL,0
2402.78,Electronics,UPI,Germany,Berlin,15,0,NORMAL,0
102.56,Retail,Debit Card,Germany,Berlin,15,0,NORMAL,0
93.96,Retail,Net Banking,USA,Chicago,15,0,NORMAL,0
3863.95,Electronics,Net Banking,Canada,Toronto,15,0,NORMAL,0
37.6,Food,UPI,Canada,Toronto,15,0,NORMAL,0
59.87,Gaming,Credit Card,India,Mumbai,15,0,NORMAL,0
100.52,Transportation,Debit Card,Canada,Toronto,15,0,NORMAL,0
64.15,Food,Debit Card,UK,London,15,0,NORMAL,0
72.69,Transportation,Debit Card,India,Bangalore,15,0,NORMAL,0
44.13,Food,Wallet,Singapore,Singapore,15,0,NORMAL,0
11.46,Food,Net Banking,USA,New York,15,0,NORMAL,0
51.7,Transportation,Credit Card,USA,Chicago,15,0,NORMAL,0
6365.77,Luxury,Credit Card,Russia,Moscow,15,0,FRAUD,1
74.92,Fuel,Wallet,India,Bangalore,15,0,NORMAL,0
62.87,Food,Credit Card,Germany,Berlin,15,0,NORMAL,0
76.05,Food,Net Banking,Singapore,Singapore,15,0,NORMAL,0
154.2,Retail,Credit Card,Germany,Berlin,15,0,NORMAL,0
4075.59,Electronics,Credit Card,North Korea,Pyongyang,15,0,FRAUD,1
2184.33,Travel,Credit Card,India,Bangalore,15,0,NORMAL,0
34.99,Food,Debit Card,Germany,Berlin,15,0,NORMAL,0
59.07,Transportation,Wallet,Singapore,Singapore,15,0,NORMAL,0
5327.95,Luxury,Debit Card,USA,New York,15,0,NORMAL,0
4030.63,Electronics,Net Banking,India,Mumbai,15,0,NORMAL,0
3297.94,Travel,Debit Card,Singapore,Singapore,15,0,SUSPICIOUS,0
30.45,Fuel,Wallet,Singapore,Singapore,15,0,NORMAL,0
2326.64,Travel,Wallet,Canada,Toronto,15,0,NORMAL,0
61.91,Food,Debit Card,India,Bangalore,15,0,NORMAL,0
196.4,Pharmacy,Credit Card,USA,Chicago,15,0,NORMAL,0
135.46,Fuel,Credit Card,USA,New York,15,0,NORMAL,0
3689.69,Luxury,Credit Card,North Korea,Pyongyang,15,0,FRAUD,1
62.78,Transportation,Debit Card,USA,Chicago,15,0,NORMAL,0
7480.63,Electronics,Credit Card,Iran,Tehran,15,0,FRAUD,1
3049.0,Electronics,Credit Card,India,Mumbai,15,0,NORMAL,0
101.88,Retail,Credit Card,Germany,Berlin,15,0,NORMAL,0
126.91,Gaming,Credit Card,USA,New York,15,0,NORMAL,0
107.23,Pharmacy,UPI,Singapore,Singapore,15,0,NORMAL,0
22.54,Gaming,Credit Card,Singapore,Singapore,15,0,NORMAL,0
101.6,Fuel,Credit Card,India,Mumbai,15,0,NORMAL,0
34.5,Pharmacy,Credit Card,Singapore,Singapore,15,0,NORMAL,0
2575.82,Electronics,Credit Card,USA,Chicago,15,0,NORMAL,0
58.07,Food,Wallet,UK,London,15,0,NORMAL,0
551.38,Electronics,Credit Card,USA,Chicago,15,0,NORMAL,0
128.58,Gaming,Net Banking,USA,New York,15,0,NORMAL,0
2808.43,Travel,Wallet,Canada,Toronto,15,0,NORMAL,0
1954.9,Luxury,Debit Card,USA,New York,15,0,SUSPICIOUS,0
50.7,Food,Credit Card,India,Mumbai,15,0,NORMAL,0
1805.35,Travel,Credit Card,Germany,Berlin,15,0,NORMAL,0
3719.01,Electronics,Credit Card,Canada,Toronto,15,0,SUSPICIOUS,0
738.83,Travel,Net Banking,USA,New York,15,0,NORMAL,0
70.63,Fuel,Debit Card,Canada,Toronto,15,0,NORMAL,0
62.52,Retail,Wallet,India,Mumbai,15,0,NORMAL,0
3078.89,Luxury,UPI,Canada,Toronto,15,0,NORMAL,0
2345.48,Travel,Net Banking,India,Bangalore,15,0,SUSPICIOUS,0
3457.85,Electronics,Credit Card,UK,London,15,0,NORMAL,0
55.13,Transportation,Debit Card,UK,London,15,0,NORMAL,0
197.84,Pharmacy,Net Banking,India,Mumbai,15,0,NORMAL,0
37.9,Food,Debit Card,USA,Chicago,15,0,NORMAL,0
2820.42,Luxury,Net Banking,UK,London,15,0,NORMAL,0
52.49,Food,Credit Card,UK,London,15,0,NORMAL,0
60.45,Transportation,Credit Card,USA,Chicago,15,0,NORMAL,0
42.19,Food,Wallet,UK,London,15,0,NORMAL,0
6953.04,Electronics,Credit Card,North Korea,Pyongyang,15,0,FRAUD,1
1567.68,Travel,Credit Card,India,Mumbai,15,0,NORMAL,0
5717.36,Electronics,Credit Card,North Korea,Pyongyang,15,0,FRAUD,1
328.42,Retail,Net Banking,India,Bangalore,15,0,NORMAL,0
6421.12,Luxury,Wallet,Canada,Toronto,15,0,NORMAL,0
4257.76,Electronics,Debit Card,UK,London,15,0,NORMAL,0
77.19,Gaming,Net Banking,UK,London,15,0,NORMAL,0
321.8,Retail,Debit Card,Canada,Toronto,15,0,NORMAL,0
216.2,Travel,Credit Card,Singapore,Singapore,15,0,NORMAL,0
6105.57,Luxury,Wallet,Germany,Berlin,15,0,NORMAL,0
60.02,Food,Debit Card,Germany,Berlin,15,0,NORMAL,0
7112.44,Electronics,Credit Card,Russia,Moscow,15,0,FRAUD,1
6819.5,Luxury,Credit Card,Iran,Tehran,15,0,FRAUD,1
3850.35,Electronics,UPI,India,Mumbai,15,0,NORMAL,0
7109.78,Luxury,Credit Card,Russia,Moscow,15,0,FRAUD,1
4768.38,Electronics,Net Banking,UK,London,15,0,NORMAL,0
2867.85,Travel,Net Banking,India,Bangalore,15,0,NORMAL,0
13.14,Transportation,Debit Card,Canada,Toronto,15,0,NORMAL,0
61.64,Food,Net Banking,Singapore,Singapore,15,0,NORMAL,0
1927.39,Electronics,Credit Card,India,Mumbai,15,0,SUSPICIOUS,0
769.33,Travel,Wallet,UK,London,15,0,NORMAL,0
16.6,Transportation,Wallet,UK,London,15,0,NORMAL,0
12.42,Gaming,Credit Card,Germany,Berlin,15,0,NORMAL,0
36.58,Fuel,Credit Card,USA,New York,15,0,NORMAL,0
2698.55,Luxury,Credit Card,USA,New York,15,0,NORMAL,0
20.79,Food,UPI,USA,Chicago,15,0,NORMAL,0
7150.04,Luxury,Net Banking,India,Bangalore,15,0,NORMAL,0
562.44,Travel,Credit Card,UK,London,15,0,NORMAL,0
132.93,Fuel,UPI,India,Bangalore,15,0,NORMAL,0
94.28,Pharmacy,Credit Card,USA,New York,15,0,NORMAL,0
488.34,Electronics,Net Banking,USA,New York,15,0,NORMAL,0
4484.92,Electronics,Debit Card,UK,London,15,0,NORMAL,0
1753.96,Travel,UPI,India,Bangalore,15,0,SUSPICIOUS,0
116.95,Pharmacy,UPI,UK,London,15,0,NORMAL,0
4439.2,Electronics,Credit Card,Iran,Tehran,15,0,FRAUD,1
327.09,Retail,Credit Card,India,Mumbai,15,0,NORMAL,0
12.99,Food,Wallet,UK,London,15,0,NORMAL,0
1325.19,Travel,Net Banking,UK,London,15,0,NORMAL,0
3633.03,Luxury,Credit Card,North Korea,Pyongyang,15,0,FRAUD,1
2102.86,Travel,UPI,India,Bangalore,15,0,NORMAL,0
455.9,Retail,Credit Card,Canada,Toronto,15,0,NORMAL,0
193.29,Retail,Credit Card,Germany,Berlin,15,0,NORMAL,0
4821.52,Electronics,Credit Card,Russia,Moscow,15,0,FRAUD,1
127.44,Fuel,UPI,USA,New York,15,0,NORMAL,0
66.94,Transportation,Debit Card,India,Mumbai,15,0,NORMAL,0
1652.74,Travel,Wallet,Singapore,Singapore,15,0,NORMAL,0
18.32,Food,Wallet,USA,Chicago,15,0,NORMAL,0
106.59,Fuel,Net Banking,Canada,Toronto,15,0,NORMAL,0
108.96,Fuel,Credit Card,UK,London,15,0,NORMAL,0
4811.83,Luxury,Credit Card,India,Bangalore,15,0,NORMAL,0
2292.56,Travel,UPI,Canada,Toronto,15,0,NORMAL,0
3587.99,Electronics,Debit Card,USA,Chicago,15,0,NORMAL,0
266.62,Retail,Net Banking,Germany,Berlin,15,0,NORMAL,0
8995.47,Luxury,Credit Card,North Korea,Pyongyang,15,0,FRAUD,1
146.53,Retail,Credit Card,USA,New York,15,0,NORMAL,0
82.02,Transportation,Debit Card,Germany,Berlin,15,0,NORMAL,0
999.88,Travel,Net Banking,India,Mumbai,15,0,NORMAL,0
1505.15,Electronics,Wallet,USA,New York,15,0,NORMAL,0
51.13,Food,UPI,Singapore,Singapore,15,0,NORMAL,0
49.56,Retail,Debit Card,USA,New York,15,0,NORMAL,0
6925.46,Electronics,Credit Card,North Korea,Pyongyang,15,0,FRAUD,1
29.7,Food,Net Banking,Singapore,Singapore,15,0,NORMAL,0
190.87,Gaming,UPI,Canada,Toronto,15,0,NORMAL,0
25.79,Food,Net Banking,UK,London,15,0,NORMAL,0
5055.9,Luxury,Credit Card,North Korea,Pyongyang,15,0,FRAUD,1
12.86,Transportation,Credit Card,Singapore,Singapore,15,0,NORMAL,0
4027.5,Electronics,Credit Card,Iran,Tehran,15,0,FRAUD,1
137.54,Gaming,Wallet,Germany,Berlin,15,0,NORMAL,0
195.15,Pharmacy,UPI,USA,Chicago,15,0,NORMAL,0
263.45,Retail,Net Banking,Germany,Berlin,15,0,NORMAL,0
6832.81,Electronics,Credit Card,Iran,Tehran,15,0,FRAUD,1
655.44,Travel,Wallet,Canada,Toronto,15,0,NORMAL,0
2480.91,Electronics,Debit Card,UK,London,15,0,SUSPICIOUS,0
67.17,Food,Debit Card,UK,London,15,0,NORMAL,0
118.71,Pharmacy,Wallet,Canada,Toronto,15,0,NORMAL,0
485.6,Retail,Net Banking,UK,London,15,0,NORMAL,0
2408.08,Electronics,Net Banking,India,Bangalore,15,0,NORMAL,0
220.1,Retail,Net Banking,Canada,Toronto,15,0,NORMAL,0
61.94,Food,Wallet,Germany,Berlin,15,0,NORMAL,0
2029.68,Electronics,Net Banking,Singapore,Singapore,15,0,NORMAL,0
63.4,Fuel,Credit Card,Singapore,Singapore,15,0,NORMAL,0
68.2,Food,Net Banking,Canada,Toronto,15,0,NORMAL,0
41.82,Transportation,UPI,Germany,Berlin,15,0,NORMAL,0
61.38,Food,UPI,UK,London,15,0,NORMAL,0
6441.27,Luxury,Credit Card,North Korea,Pyongyang,15,0,FRAUD,1
3704.33,Travel,Wallet,India,Mumbai,15,0,SUSPICIOUS,0
7079.89,Luxury,Net Banking,Germany,Berlin,15,0,NORMAL,0
77.05,Gaming,Debit Card,India,Bangalore,15,0,NORMAL,0
7635.87,Luxury,Credit Card,Russia,Moscow,15,0,FRAUD,1
58.35,Pharmacy,UPI,Singapore,Singapore,15,0,NORMAL,0
119.68,Fuel,Net Banking,Singapore,Singapore,15,0,NORMAL,0
4919.1,Electronics,UPI,Singapore,Singapore,15,0,NORMAL,0
2496.73,Travel,UPI,UK,London,15,0,NORMAL,0
106.45,Pharmacy,Net Banking,UK,London,15,0,NORMAL,0
4344.84,Electronics,Credit Card,North Korea,Pyongyang,15,0,FRAUD,1
2029.21,Electronics,Wallet,Germany,Berlin,15,0,SUSPICIOUS,0
45.26,Transportation,UPI,UK,London,15,0,NORMAL,0
43.55,Food,Credit Card,India,Bangalore,15,0,NORMAL,0
45.58,Transportation,Credit Card,Germany,Berlin,15,0,NORMAL,0
162.2,Pharmacy,Credit Card,USA,Chicago,15,0,NORMAL,0
68.07,Fuel,Credit Card,Canada,Toronto,15,0,NORMAL,0
366.28,Retail,UPI,USA,Chicago,15,0,NORMAL,0
2031.68,Luxury,Credit Card,Canada,Toronto,15,0,NORMAL,0
6916.93,Luxury,Credit Card,Iran,Tehran,15,0,FRAUD,1
3471.19,Electronics,Credit Card,India,Bangalore,15,0,SUSPICIOUS,0
3098.46,Electronics,Net Banking,Germany,Berlin,15,0,SUSPICIOUS,0
8385.73,Electronics,Credit Card,Iran,Tehran,15,0,FRAUD,1
22.41,Food,Debit Card,India,Mumbai,15,0,NORMAL,0
184.42,Pharmacy,Net Banking,Singapore,Singapore,15,0,NORMAL,0
95.4,Gaming,Wallet,India,Bangalore,15,0,NORMAL,0
79.01,Transportation,Debit Card,Singapore,Singapore,15,0,NORMAL,0
1879.23,Electronics,Wallet,USA,Chicago,15,0,NORMAL,0
111.85,Fuel,Wallet,Canada,Toronto,15,0,NORMAL,0
99.4,Gaming,Credit Card,India,Mumbai,15,0,NORMAL,0
23.88,Transportation,Net Banking,India,Mumbai,15,0,NORMAL,0
38.58,Fuel,Net Banking,USA,New York,15,0,NORMAL,0
47.8,Retail,UPI,Canada,Toronto,15,0,NORMAL,0
204.48,Travel,UPI,UK,London,15,0,NORMAL,0
68.4,Transportation,Credit Card,USA,Chicago,15,0,NORMAL,0
7.16,Food,Net Banking,India,Bangalore,15,0,NORMAL,0
422.35,Retail,UPI,Canada,Toronto,15,0,NORMAL,0
107.4,Transportation,Credit Card,Canada,Toronto,15,0,NORMAL,0
52.6,Gaming,Wallet,USA,New York,15,0,NORMAL,0
198.89,Gaming,Net Banking,Germany,Berlin,15,0,NORMAL,0
73.11,Gaming,Wallet,USA,Chicago,15,0,NORMAL,0
14.94,Transportation,Wallet,Germany,Berlin,15,0,NORMAL,0
3649.48,Travel,UPI,Germany,Berlin,15,0,SUSPICIOUS,0
531.51,Travel,UPI,India,Mumbai,15,0,NORMAL,0
143.24,Retail,UPI,USA,New York,15,0,NORMAL,0
1326.55,Electronics,Net Banking,India,Bangalore,15,0,NORMAL,0
63.89,Food,Credit Card,USA,Chicago,15,0,NORMAL,0
4886.68,Electronics,UPI,Canada,Toronto,15,0,NORMAL,0
3749.44,Travel,Net Banking,USA,Chicago,15,0,SUSPICIOUS,0
5802.28,Luxury,Wallet,USA,Chicago,15,0,NORMAL,0
35.87,Food,Wallet,USA,Chicago,15,0,NORMAL,0
190.04,Retail,Wallet,Singapore,Singapore,15,0,NORMAL,0
331.9,Retail,UPI,Germany,Berlin,15,0,NORMAL,0
49.44,Fuel,Credit Card,USA,New York,15,0,NORMAL,0
74.44,Gaming,Net Banking,Canada,Toronto,15,0,NORMAL,0
2867.31,Electronics,Net Banking,Singapore,Singapore,15,0,NORMAL,0
2389.86,Luxury,Wallet,Singapore,Singapore,15,0,NORMAL,0
159.36,Gaming,UPI,India,Bangalore,15,0,NORMAL,0
2545.23,Luxury,Credit Card,USA,New York,15,0,SUSPICIOUS,0
61.78,Retail,Wallet,USA,Chicago,15,0,NORMAL,0
492.83,Retail,UPI,Canada,Toronto,15,0,NORMAL,0
769.25,Electronics,Credit Card,Canada,Toronto,15,0,NORMAL,0
146.81,Gaming,Debit Card,India,Bangalore,15,0,NORMAL,0
145.46,Gaming,Net Banking,India,Mumbai,15,0,NORMAL,0
2205.79,Travel,Debit Card,Germany,Berlin,15,0,NORMAL,0
37.97,Food,Debit Card,UK,London,15,0,NORMAL,0
3158.86,Electronics,Credit Card,UK,London,15,0,SUSPICIOUS,0
3990.01,Electronics,Net Banking,Germany,Berlin,15,0,NORMAL,0
30.31,Food,Wallet,Germany,Berlin,15,0,NORMAL,0
77.17,Food,Credit Card,USA,New York,15,0,NORMAL,0
125.06,Fuel,Net Banking,USA,New York,15,0,NORMAL,0
8744.44,Luxury,Credit Card,Iran,Tehran,15,0,FRAUD,1
20.76,Pharmacy,Wallet,Germany,Berlin,15,0,NORMAL,0
20.78,Fuel,UPI,India,Bangalore,15,0,NORMAL,0
19.87,Food,Debit Card,India,Bangalore,15,0,NORMAL,0
36.69,Pharmacy,Net Banking,India,Bangalore,15,0,NORMAL,0
721.49,Travel,Credit Card,Germany,Berlin,15,0,NORMAL,0
3042.8,Travel,Wallet,USA,Chicago,15,0,SUSPICIOUS,0
59.88,Food,Credit Card,Singapore,Singapore,15,0,NORMAL,0
15.7,Gaming,UPI,India,Bangalore,15,0,NORMAL,0
55.84,Transportation,UPI,Canada,Toronto,15,0,NORMAL,0
76.61,Transportation,Debit Card,USA,New York,15,0,NORMAL,0
190.29,Retail,Net Banking,UK,London,15,0,NORMAL,0
66.02,Gaming,Debit Card,UK,London,15,0,NORMAL,0
40.25,Gaming,Credit Card,Germany,Berlin,15,0,NORMAL,0
39.31,Food,UPI,Germany,Berlin,15,0,NORMAL,0
33.45,Transportation,Credit Card,UK,London,15,0,NORMAL,0
58.93,Pharmacy,Credit Card,India,Mumbai,15,0,NORMAL,0
2851.21,Travel,Wallet,USA,New York,15,0,NORMAL,0
267.52,Retail,Credit Card,USA,New York,15,0,NORMAL,0
2020.99,Electronics,Net Banking,USA,New York,15,0,SUSPICIOUS,0
43.45,Food,UPI,UK,London,15,0,NORMAL,0
1646.22,Travel,Debit Card,Canada,Toronto,15,0,NORMAL,0
42.15,Transportation,Net Banking,USA,Chicago,15,0,NORMAL,0
1697.82,Electronics,Credit Card,Germany,Berlin,15,0,NORMAL,0
6345.22,Luxury,UPI,UK,London,15,0,NORMAL,0
138.08,Fuel,UPI,USA,New York,15,0,NORMAL,0
182.21,Retail,Credit Card,USA,New York,15,0,NORMAL,0
45.0,Transportation,Debit Card,Canada,Toronto,15,0,NORMAL,0
50.76,Transportation,Net Banking,Germany,Berlin,15,0,NORMAL,0
119.95,Retail,Wallet,India,Mumbai,15,0,NORMAL,0
4278.14,Travel,Net Banking,USA,New York,15,0,SUSPICIOUS,0
7387.87,Electronics,Credit Card,North Korea,Pyongyang,15,0,FRAUD,1
2354.58,Travel,Wallet,UK,London,15,0,NORMAL,0
3574.61,Electronics,Credit Card,North Korea,Pyongyang,15,0,FRAUD,1
84.68,Gaming,UPI,UK,London,15,0,NORMAL,0
3334.88,Luxury,UPI,Canada,Toronto,15,0,SUSPICIOUS,0
212.87,Retail,Debit Card,India,Bangalore,15,0,NORMAL,0
92.11,Transportation,Debit Card,Singapore,Singapore,15,0,NORMAL,0
1518.9,Travel,UPI,UK,London,15,0,SUSPICIOUS,0
33.43,Fuel,Credit Card,Canada,Toronto,15,0,NORMAL,0
12.98,Food,Wallet,USA,New York,15,0,NORMAL,0
114.96,Fuel,Credit Card,Canada,Toronto,15,0,NORMAL,0
448.09,Retail,Net Banking,USA,Chicago,15,0,NORMAL,0
190.48,Pharmacy,Debit Card,India,Mumbai,15,0,NORMAL,0
120.33,Retail,UPI,USA,Chicago,15,0,NORMAL,0
3560.44,Luxury,Net Banking,UK,London,15,0,NORMAL,0
1022.15,Travel,UPI,UK,London,15,0,NORMAL,0
38.75,Retail,Wallet,India,Bangalore,15,0,NORMAL,0
110.33,Fuel,Net Banking,Singapore,Singapore,15,0,NORMAL,0
432.37,Retail,Net Banking,Canada,Toronto,15,0,NORMAL,0
77.03,Transportation,UPI,Canada,Toronto,15,0,NORMAL,0
1965.47,Electronics,Net Banking,USA,Chicago,15,0,NORMAL,0
6211.79,Luxury,Credit Card,Iran,Tehran,15,0,FRAUD,1
1074.67,Luxury,Net Banking,UK,London,15,0,NORMAL,0
52.68,Food,UPI,UK,London,15,0,NORMAL,0
1105.22,Electronics,Debit Card,Singapore,Singapore,15,0,NORMAL,0
65.56,Food,Debit Card,USA,New York,15,0,NORMAL,0
21.18,Food,Wallet,Germany,Berlin,15,0,NORMAL,0
4708.12,Electronics,Credit Card,Russia,Moscow,15,0,FRAUD,1
5551.24,Electronics,Credit Card,Russia,Moscow,15,0,FRAUD,1
5532.36,Luxury,Credit Card,Russia,Moscow,15,0,FRAUD,1
3600.93,Travel,UPI,USA,New York,15,0,SUSPICIOUS,0
1057.43,Electronics,UPI,USA,New York,15,0,NORMAL,0
7450.93,Electronics,Credit Card,Iran,Tehran,15,0,FRAUD,1
113.37,Fuel,Wallet,India,Bangalore,15,0,NORMAL,0
342.77,Travel,Debit Card,Singapore,Singapore,15,0,NORMAL,0
182.11,Retail,Wallet,India,Bangalore,15,0,NORMAL,0
117.16,Transportation,Debit Card,Germany,Berlin,15,0,NORMAL,0
7.78,Food,Net Banking,USA,Chicago,15,0,NORMAL,0
34.33,Food,Wallet,USA,Chicago,15,0,NORMAL,0
2995.51,Travel,Debit Card,USA,Chicago,15,0,NORMAL,0
80.46,Transportation,Credit Card,USA,New York,15,0,NORMAL,0
2796.91,Travel,Wallet,USA,New York,15,0,NORMAL,0
2651.33,Electronics,Wallet,Canada,Toronto,15,0,NORMAL,0
4296.42,Luxury,UPI,USA,New York,15,0,SUSPICIOUS,0
185.52,Retail,Debit Card,Singapore,Singapore,15,0,NORMAL,0
99.81,Transportation,UPI,USA,Chicago,15,0,NORMAL,0
4281.42,Luxury,Credit Card,Iran,Tehran,15,0,FRAUD,1
73.45,Pharmacy,Debit Card,USA,New York,15,0,NORMAL,0
14.61,Food,Debit Card,USA,New York,15,0,NORMAL,0
3522.87,Luxury,Wallet,USA,New York,15,0,SUSPICIOUS,0
5343.78,Luxury,Wallet,Germany,Berlin,15,0,NORMAL,0
131.63,Fuel,Net Banking,Canada,Toronto,15,0,NORMAL,0
66.66,Fuel,Wallet,India,Bangalore,15,0,NORMAL,0
63.92,Food,Net Banking,Germany,Berlin,15,0,NORMAL,0
405.31,Retail,Net Banking,USA,New York,15,0,NORMAL,0
261.53,Retail,Wallet,USA,Chicago,15,0,NORMAL,0
2165.22,Electronics,UPI,Canada,Toronto,15,0,SUSPICIOUS,0
72.92,Gaming,Credit Card,India,Mumbai,15,0,NORMAL,0
53.91,Retail,Wallet,Singapore,Singapore,15,0,NORMAL,0
4376.5,Electronics,Credit Card,Russia,Moscow,15,0,FRAUD,1
64.79,Gaming,Credit Card,Singapore,Singapore,15,0,NORMAL,0
2127.0,Electronics,Wallet,India,Mumbai,15,0,SUSPICIOUS,0
4056.03,Luxury,Credit Card,USA,Chicago,15,0,NORMAL,0
249.32,Pharmacy,Debit Card,India,Mumbai,15,0,NORMAL,0
158.53,Gaming,Credit Card,Canada,Toronto,15,0,NORMAL,0
6438.43,Electronics,Credit Card,Iran,Tehran,15,0,FRAUD,1
2601.19,Travel,Net Banking,USA,Chicago,15,0,SUSPICIOUS,0
115.9,Pharmacy,Wallet,India,Bangalore,15,0,NORMAL,0
121.52,Fuel,Credit Card,Singapore,Singapore,15,0,NORMAL,0
72.18,Transportation,Wallet,Germany,Berlin,15,0,NORMAL,0
70.31,Food,Credit Card,Canada,Toronto,15,0,NORMAL,0
40.61,Pharmacy,Net Banking,India,Bangalore,15,0,NORMAL,0
157.3,Gaming,UPI,UK,London,15,0,NORMAL,0
18.69,Food,Credit Card,Germany,Berlin,15,0,NORMAL,0
4313.4,Electronics,Debit Card,Canada,Toronto,15,0,NORMAL,0
1939.63,Luxury,Net Banking,Singapore,Singapore,15,0,SUSPICIOUS,0
1564.92,Travel,Wallet,India,Bangalore,15,0,SUSPICIOUS,0
4477.02,Luxury,UPI,India,Mumbai,15,0,NORMAL,0
34.21,Pharmacy,Debit Card,UK,London,15,0,NORMAL,0
1744.91,Travel,Credit Card,India,Mumbai,15,0,NORMAL,0
7200.33,Luxury,UPI,USA,New York,15,0,NORMAL,0
1846.0,Travel,Debit Card,USA,Chicago,15,0,NORMAL,0
72.78,Gaming,Credit Card,Singapore,Singapore,15,0,NORMAL,0
3926.64,Travel,Net Banking,India,Mumbai,15,0,SUSPICIOUS,0
37.08,Food,UPI,Germany,Berlin,15,0,NORMAL,0
123.65,Pharmacy,Net Banking,USA,Chicago,15,0,NORMAL,0
6522.6,Luxury,Credit Card,Russia,Moscow,15,0,FRAUD,1
4506.96,Electronics,Credit Card,Iran,Tehran,15,0,FRAUD,1
28.52,Transportation,Wallet,India,Bangalore,15,0,NORMAL,0
4499.29,Travel,Net Banking,India,Mumbai,15,0,SUSPICIOUS,0
24.27,Food,Credit Card,USA,New York,15,0,NORMAL,0
44.14,Fuel,Net Banking,UK,London,15,0,NORMAL,0
484.33,Retail,Wallet,India,Bangalore,15,0,NORMAL,0
2784.45,Luxury,UPI,Singapore,Singapore,15,0,NORMAL,0
2325.29,Travel,Credit Card,Canada,Toronto,15,0,NORMAL,0
87.26,Gaming,Net Banking,Germany,Berlin,15,0,NORMAL,0
2299.85,Travel,Debit Card,India,Mumbai,15,0,NORMAL,0
2332.37,Travel,Net Banking,UK,London,15,0,NORMAL,0
424.71,Electronics,Credit Card,India,Mumbai,15,0,NORMAL,0
243.59,Pharmacy,Credit Card,India,Bangalore,15,0,NORMAL,0
38.74,Pharmacy,Wallet,USA,New York,15,0,NORMAL,0
1500.85,Electronics,Net Banking,USA,Chicago,15,0,SUSPICIOUS,0
112.28,Transportation,UPI,India,Bangalore,15,0,NORMAL,0
47.7,Food,Net Banking,USA,New York,15,0,NORMAL,0
180.39,Gaming,Debit Card,USA,Chicago,15,0,NORMAL,0
107.92,Fuel,Wallet,UK,London,15,0,NORMAL,0
3821.09,Luxury,Credit Card,Germany,Berlin,15,0,SUSPICIOUS,0
174.71,Retail,Debit Card,Singapore,Singapore,15,0,NORMAL,0
668.79,Electronics,UPI,USA,New York,15,0,NORMAL,0
4261.05,Luxury,Credit Card,North Korea,Pyongyang,15,0,FRAUD,1
2485.5,Travel,Debit Card,Canada,Toronto,15,0,NORMAL,0
1786.94,Electronics,Net Banking,India,Mumbai,15,0,SUSPICIOUS,0
1086.19,Electronics,Wallet,UK,London,15,0,NORMAL,0
109.95,Transportation,Wallet,UK,London,15,0,NORMAL,0
47.69,Pharmacy,Net Banking,India,Bangalore,15,0,NORMAL,0
284.68,Travel,UPI,UK,London,15,0,NORMAL,0
356.49,Retail,Credit Card,Germany,Berlin,15,0,NORMAL,0
23.14,Gaming,Net Banking,USA,Chicago,15,0,NORMAL,0
108.5,Transportation,Debit Card,Canada,Toronto,15,0,NORMAL,0
4087.7,Luxury,Wallet,India,Mumbai,15,0,NORMAL,0
198.86,Gaming,UPI,USA,New York,15,0,NORMAL,0
3973.31,Travel,Debit Card,Canada,Toronto,15,0,SUSPICIOUS,0
42.93,Food,UPI,USA,Chicago,15,0,NORMAL,0
7503.19,Luxury,UPI,Canada,Toronto,15,0,NORMAL,0
75.8,Food,Debit Card,India,Mumbai,15,0,NORMAL,0
8428.51,Luxury,Credit Card,North Korea,Pyongyang,15,0,FRAUD,1
172.93,Pharmacy,Credit Card,USA,New York,15,0,NORMAL,0
43.76,Food,Debit Card,USA,New York,15,0,NORMAL,0
115.97,Pharmacy,Debit Card,USA,New York,15,0,NORMAL,0
34.76,Food,Debit Card,Canada,Toronto,15,0,NORMAL,0
4449.29,Luxury,Debit Card,India,Mumbai,15,0,NORMAL,0
1905.97,Electronics,Debit Card,Canada,Toronto,15,0,NORMAL,0
3334.57,Electronics,Credit Card,Singapore,Singapore,15,0,SUSPICIOUS,0
2045.05,Travel,Net Banking,India,Mumbai,15,0,NORMAL,0
39.72,Transportation,Wallet,Germany,Berlin,15,0,NORMAL,0
2776.57,Travel,UPI,India,Bangalore,15,0,NORMAL,0
1965.13,Electronics,Credit Card,Singapore,Singapore,15,0,SUSPICIOUS,0
64.62,Food,Credit Card,USA,Chicago,15,0,NORMAL,0
2735.97,Luxury,Wallet,USA,Chicago,15,0,NORMAL,0
103.27,Gaming,Credit Card,Canada,Toronto,15,0,NORMAL,0
93.38,Fuel,Credit Card,Germany,Berlin,15,0,NORMAL,0
97.32,Transportation,Wallet,Canada,Toronto,15,0,NORMAL,0
45.81,Transportation,Debit Card,Germany,Berlin,15,0,NORMAL,0
16.04,Transportation,Debit Card,India,Bangalore,15,0,NORMAL,0
1268.07,Luxury,Net Banking,UK,London,15,0,NORMAL,0
9.14,Food,UPI,Singapore,Singapore,15,0,NORMAL,0
65.47,Transportation,Wallet,Germany,Berlin,15,0,NORMAL,0
4276.77,Luxury,Credit Card,Singapore,Singapore,15,0,NORMAL,0
26.83,Food,Credit Card,India,Bangalore,15,0,NORMAL,0
2259.98,Electronics,Net Banking,USA,New York,15,0,NORMAL,0
2981.18,Electronics,UPI,India,Bangalore,15,0,NORMAL,0
2493.27,Electronics,UPI,USA,New York,15,0,SUSPICIOUS,0
109.87,Pharmacy,Debit Card,USA,Chicago,15,0,NORMAL,0
1767.58,Luxury,Wallet,USA,New York,15,0,NORMAL,0
122.08,Fuel,Wallet,Singapore,Singapore,15,0,NORMAL,0
29.01,Transportation,UPI,USA,New York,15,0,NORMAL,0
299.24,Retail,Net Banking,India,Bangalore,15,0,NORMAL,0
119.39,Fuel,UPI,Singapore,Singapore,15,0,NORMAL,0
78.16,Gaming,Credit Card,India,Mumbai,15,0,NORMAL,0
73.13,Pharmacy,Credit Card,India,Mumbai,15,0,NORMAL,0
2432.24,Luxury,Wallet,Germany,Berlin,15,0,NORMAL,0
2981.25,Travel,UPI,Canada,Toronto,15,0,NORMAL,0
163.36,Pharmacy,Net Banking,USA,New York,15,0,NORMAL,0
4266.7,Electronics,Credit Card,USA,Chicago,15,0,NORMAL,0
41.9,Fuel,UPI,USA,Chicago,15,0,NORMAL,0
4002.75,Electronics,Debit Card,USA,Chicago,15,0,SUSPICIOUS,0
4785.6,Electronics,Wallet,India,Bangalore,15,0,NORMAL,0
31.39,Fuel,Debit Card,Germany,Berlin,15,0,NORMAL,0
2130.19,Luxury,Wallet,Germany,Berlin,15,0,NORMAL,0
156.2,Gaming,Credit Card,Canada,Toronto,15,0,NORMAL,0
4790.99,Electronics,Debit Card,USA,Chicago,15,0,NORMAL,0
2047.77,Electronics,Debit Card,Canada,Toronto,15,0,SUSPICIOUS,0
886.51,Electronics,Debit Card,USA,Chicago,15,0,NORMAL,0
33.25,Food,Net Banking,USA,Chicago,15,0,NORMAL,0
56.71,Fuel,Net Banking,India,Bangalore,15,0,NORMAL,0
99.53,Fuel,Debit Card,USA,Chicago,15,0,NORMAL,0
37.58,Fuel,Debit Card,India,Mumbai,15,0,NORMAL,0
1014.78,Travel,UPI,Germany,Berlin,15,0,NORMAL,0
6299.76,Luxury,Credit Card,North Korea,Pyongyang,15,0,FRAUD,1
7216.21,Electronics,Credit Card,Iran,Tehran,15,0,FRAUD,1
4115.54,Travel,Net Banking,Germany,Berlin,15,0,SUSPICIOUS,0
6909.75,Electronics,Credit Card,North Korea,Pyongyang,15,0,FRAUD,1
43.03,Pharmacy,Wallet,Germany,Berlin,15,0,NORMAL,0
57.8,Food,Credit Card,USA,New York,15,0,NORMAL,0
66.89,Retail,Debit Card,UK,London,15,0,NORMAL,0
481.02,Retail,Credit Card,India,Bangalore,15,0,NORMAL,0
36.08,Food,Credit Card,India,Bangalore,15,0,NORMAL,0
15.94,Food,UPI,India,Mumbai,15,0,NORMAL,0
4500.75,Electronics,Credit Card,Germany,Berlin,15,0,NORMAL,0
84.03,Transportation,Debit Card,Germany,Berlin,15,0,NORMAL,0
7589.79,Electronics,Credit Card,Russia,Moscow,15,0,FRAUD,1
293.48,Travel,Wallet,India,Bangalore,15,0,NORMAL,0
2753.39,Electronics,Wallet,USA,New York,15,0,SUSPICIOUS,0
1741.34,Electronics,Credit Card,Singapore,Singapore,15,0,NORMAL,0
86.14,Transportation,UPI,India,Bangalore,15,0,NORMAL,0
2765.79,Electronics,UPI,Singapore,Singapore,15,0,NORMAL,0
54.29,Retail,Debit Card,Singapore,Singapore,15,0,NORMAL,0
32.11,Food,Debit Card,India,Mumbai,15,0,NORMAL,0
4995.36,Luxury,Net Banking,India,Mumbai,15,0,NORMAL,0
41.64,Food,Credit Card,India,Mumbai,15,0,NORMAL,0
2630.05,Electronics,Net Banking,India,Bangalore,15,0,NORMAL,0
82.68,Transportation,Net Banking,Germany,Berlin,15,0,NORMAL,0
53.44,Transportation,Credit Card,Canada,Toronto,15,0,NORMAL,0
4115.42,Electronics,Credit Card,Germany,Berlin,15,0,SUSPICIOUS,0
1573.65,Travel,Wallet,UK,London,15,0,SUSPICIOUS,0
210.81,Retail,Net Banking,Singapore,Singapore,15,0,NORMAL,0
2835.83,Electronics,Credit Card,Canada,Toronto,15,0,NORMAL,0
1566.32,Electronics,Wallet,USA,Chicago,15,0,NORMAL,0
4685.9,Luxury,Wallet,India,Bangalore,15,0,NORMAL,0
25.28,Fuel,UPI,USA,Chicago,15,0,NORMAL,0
7299.59,Luxury,Debit Card,Canada,Toronto,15,0,NORMAL,0
32.67,Food,Credit Card,USA,Chicago,15,0,NORMAL,0
1851.11,Travel,Net Banking,India,Mumbai,15,0,NORMAL,0
470.4,Retail,Net Banking,USA,Chicago,15,0,NORMAL,0
242.61,Pharmacy,Credit Card,India,Bangalore,15,0,NORMAL,0
301.41,Retail,UPI,Canada,Toronto,15,0,NORMAL,0
179.98,Retail,Debit Card,UK,London,15,0,NORMAL,0
1297.1,Travel,Debit Card,USA,New York,15,0,NORMAL,0
1923.66,Travel,Net Banking,USA,New York,15,0,NORMAL,0
73.71,Food,Debit Card,Germany,Berlin,15,0,NORMAL,0
1683.0,Electronics,Wallet,UK,London,15,0,NORMAL,0
385.67,Retail,Wallet,USA,New York,15,0,NORMAL,0
109.73,Transportation,Wallet,India,Mumbai,15,0,NORMAL,0
4048.38,Electronics,Credit Card,Russia,Moscow,15,0,FRAUD,1
3323.96,Travel,UPI,India,Mumbai,15,0,SUSPICIOUS,0
1778.31,Electronics,Wallet,Germany,Berlin,15,0,SUSPICIOUS,0
7488.6,Luxury,Net Banking,India,Mumbai,15,0,NORMAL,0
2743.44,Travel,Wallet,Canada,Toronto,15,0,SUSPICIOUS,0
68.39,Gaming,Wallet,UK,London,15,0,NORMAL,0
2236.61,Travel,Debit Card,India,Bangalore,15,0,NORMAL,0
102.56,Transportation,Net Banking,India,Bangalore,15,0,NORMAL,0
2221.37,Electronics,Debit Card,India,Bangalore,15,0,NORMAL,0
117.92,Retail,Wallet,USA,Chicago,15,0,NORMAL,0
4616.57,Electronics,Credit Card,Russia,Moscow,15,0,FRAUD,1
125.48,Gaming,Wallet,UK,London,15,0,NORMAL,0
26.75,Transportation,UPI,USA,Chicago,15,0,NORMAL,0
1248.93,Travel,UPI,Germany,Berlin,15,0,NORMAL,0
32.3,Transportation,Net Banking,Singapore,Singapore,15,0,NORMAL,0
37.64,Fuel,Wallet,USA,New York,15,0,NORMAL,0
222.29,Retail,Credit Card,India,Mumbai,15,0,NORMAL,0
133.48,Fuel,Debit Card,UK,London,15,0,NORMAL,0
5533.91,Electronics,Credit Card,North Korea,Pyongyang,15,0,FRAUD,1
2363.12,Electronics,Credit Card,Canada,Toronto,15,0,NORMAL,0
92.21,Fuel,Net Banking,India,Bangalore,15,0,NORMAL,0
6572.81,Electronics,Credit Card,Iran,Tehran,15,0,FRAUD,1
5212.03,Luxury,Credit Card,Russia,Moscow,15,0,FRAUD,1
158.9,Pharmacy,Wallet,Germany,Berlin,15,0,NORMAL,0
317.45,Retail,Net Banking,Singapore,Singapore,15,0,NORMAL,0
80.21,Pharmacy,Debit Card,USA,Chicago,15,0,NORMAL,0
315.17,Retail,Net Banking,India,Mumbai,15,0,NORMAL,0
2851.99,Luxury,Credit Card,USA,Chicago,15,0,NORMAL,0
2915.84,Luxury,Credit Card,India,Bangalore,15,0,SUSPICIOUS,0
47.69,Food,Wallet,Singapore,Singapore,15,0,NORMAL,0
8758.08,Luxury,Credit Card,Russia,Moscow,15,0,FRAUD,1
1526.48,Travel,Net Banking,Germany,Berlin,15,0,SUSPICIOUS,0
4292.96,Electronics,Credit Card,USA,Chicago,15,0,NORMAL,0
49.71,Gaming,Wallet,USA,New York,15,0,NORMAL,0
113.39,Fuel,Net Banking,India,Mumbai,15,0,NORMAL,0
73.86,Food,Credit Card,USA,New York,15,0,NORMAL,0
3287.54,Electronics,Debit Card,Singapore,Singapore,15,0,NORMAL,0
2970.16,Electronics,Wallet,UK,London,15,0,NORMAL,0
1389.56,Electronics,Credit Card,India,Bangalore,15,0,NORMAL,0
215.09,Retail,Debit Card,India,Bangalore,15,0,NORMAL,0
175.46,Retail,UPI,India,Bangalore,15,0,NORMAL,0
1562.38,Travel,Net Banking,India,Mumbai,15,0,NORMAL,0
182.74,Pharmacy,Net Banking,USA,New York,15,0,NORMAL,0
187.32,Pharmacy,Wallet,India,Mumbai,15,0,NORMAL,0
304.19,Retail,Net Banking,India,Bangalore,15,0,NORMAL,0
4070.55,Electronics,Credit Card,UK,London,15,0,SUSPICIOUS,0
8.65,Food,Wallet,USA,New York,15,0,NORMAL,0
2426.28,Travel,Debit Card,Canada,Toronto,15,0,NORMAL,0
6771.37,Luxury,UPI,Singapore,Singapore,15,0,NORMAL,0
978.47,Travel,Net Banking,India,Mumbai,15,0,NORMAL,0
70.35,Food,Credit Card,USA,Chicago,15,0,NORMAL,0
92.43,Transportation,Net Banking,UK,London,15,0,NORMAL,0
190.53,Gaming,UPI,USA,Chicago,15,0,NORMAL,0
8424.84,Electronics,Credit Card,Iran,Tehran,15,0,FRAUD,1
2859.74,Travel,Debit Card,USA,Chicago,15,0,NORMAL,0
40.68,Transportation,Debit Card,Canada,Toronto,15,0,NORMAL,0
4959.33,Electronics,UPI,UK,London,15,0,NORMAL,0
51.91,Food,Net Banking,Canada,Toronto,15,0,NORMAL,0
21.33,Pharmacy,Credit Card,UK,London,15,0,NORMAL,0
2291.65,Electronics,Net Banking,India,Bangalore,15,0,NORMAL,0
155.92,Gaming,Wallet,Canada,Toronto,15,0,NORMAL,0
321.01,Retail,Net Banking,Canada,Toronto,15,0,NORMAL,0
244.58,Pharmacy,Credit Card,India,Mumbai,15,0,NORMAL,0
3108.1,Travel,UPI,Singapore,Singapore,15,0,SUSPICIOUS,0
1089.35,Electronics,Debit Card,India,Bangalore,15,0,NORMAL,0
1260.33,Luxury,Net Banking,India,Mumbai,15,0,NORMAL,0
90.04,Transportation,Net Banking,India,Mumbai,15,0,NORMAL,0
150.0,Retail,UPI,Singapore,Singapore,15,0,NORMAL,0
38.64,Pharmacy,UPI,USA,New York,15,0,NORMAL,0
203.3,Pharmacy,Wallet,USA,Chicago,15,0,NORMAL,0
1204.55,Travel,Net Banking,Germany,Berlin,15,0,NORMAL,0
8.44,Food,Credit Card,India,Bangalore,15,0,NORMAL,0
4377.73,Electronics,Wallet,Germany,Berlin,15,0,NORMAL,0
401.53,Retail,UPI,USA,Chicago,15,0,NORMAL,0
4713.53,Luxury,Credit Card,Iran,Tehran,15,0,FRAUD,1
325.04,Retail,Wallet,USA,New York,15,0,NORMAL,0
1617.78,Travel,UPI,UK,London,15,0,NORMAL,0
57.84,Transportation,Credit Card,USA,New York,15,0,NORMAL,0
1440.09,Electronics,Net Banking,India,Mumbai,15,0,NORMAL,0
7429.36,Electronics,Credit Card,North Korea,Pyongyang,15,0,FRAUD,1
1762.14,Electronics,UPI,India,Bangalore,15,0,SUSPICIOUS,0
1708.77,Electronics,Net Banking,India,Bangalore,15,0,SUSPICIOUS,0
31.52,Transportation,UPI,USA,Chicago,15,0,NORMAL,0
6761.07,Electronics,Credit Card,Iran,Tehran,15,0,FRAUD,1
122.49,Pharmacy,UPI,India,Mumbai,15,0,NORMAL,0
2764.78,Travel,Wallet,India,Mumbai,15,0,NORMAL,0
2724.72,Luxury,Credit Card,Singapore,Singapore,15,0,NORMAL,0
59.2,Food,Debit Card,India,Bangalore,15,0,NORMAL,0
1402.1,Electronics,UPI,Germany,Berlin,15,0,NORMAL,0
31.12,Fuel,Debit Card,India,Mumbai,15,0,NORMAL,0
35.99,Food,Net Banking,USA,Chicago,15,0,NORMAL,0
118.75,Gaming,Debit Card,USA,New York,15,0,NORMAL,0
5823.18,Electronics,Credit Card,Iran,Tehran,15,0,FRAUD,1
4656.6,Electronics,Credit Card,Germany,Berlin,15,0,NORMAL,0
43.79,Food,Wallet,Canada,Toronto,15,0,NORMAL,0
5470.38,Luxury,Net Banking,India,Mumbai,15,0,NORMAL,0
125.37,Fuel,UPI,Germany,Berlin,15,0,NORMAL,0
34.95,Pharmacy,Credit Card,India,Mumbai,15,0,NORMAL,0
1552.86,Electronics,Wallet,India,Mumbai,15,0,SUSPICIOUS,0
3166.79,Electronics,Credit Card,India,Bangalore,15,0,SUSPICIOUS,0
74.88,Food,Debit Card,USA,Chicago,15,0,NORMAL,0
71.44,Food,UPI,Germany,Berlin,15,0,NORMAL,0
247.08,Retail,UPI,Singapore,Singapore,15,0,NORMAL,0
35.8,Retail,Net Banking,Germany,Berlin,15,0,NORMAL,0
1377.17,Travel,Wallet,India,Bangalore,15,0,NORMAL,0
25.63,Fuel,Debit Card,UK,London,15,0,NORMAL,0
5782.64,Electronics,Credit Card,North Korea,Pyongyang,15,0,FRAUD,1
1740.58,Electronics,Credit Card,India,Bangalore,15,0,SUSPICIOUS,0
75.37,Food,Credit Card,UK,London,15,0,NORMAL,0
2603.97,Travel,Credit Card,Germany,Berlin,15,0,NORMAL,0
60.11,Food,UPI,Germany,Berlin,15,0,NORMAL,0
3383.82,Electronics,Wallet,USA,Chicago,15,0,SUSPICIOUS,0
36.21,Gaming,Net Banking,India,Bangalore,15,0,NORMAL,0
174.1,Retail,Credit Card,USA,Chicago,15,0,NORMAL,0
319.1,Retail,Wallet,India,Mumbai,15,0,NORMAL,0
66.16,Transportation,UPI,UK,London,15,0,NORMAL,0
10.11,Transportation,Credit Card,Singapore,Singapore,15,0,NORMAL,0
5388.31,Luxury,Credit Card,Iran,Tehran,15,0,FRAUD,1
28.55,Food,Debit Card,Canada,Toronto,15,0,NORMAL,0
1284.6,Luxury,Debit Card,UK,London,15,0,NORMAL,0
142.12,Retail,Net Banking,Singapore,Singapore,15,0,NORMAL,0
37.75,Food,Net Banking,Singapore,Singapore,15,0,NORMAL,0
1098.95,Travel,Net Banking,USA,New York,15,0,NORMAL,0
1657.84,Travel,Credit Card,USA,New York,15,0,NORMAL,0
2711.9,Travel,Wallet,UK,London,15,0,SUSPICIOUS,0
2883.12,Travel,Wallet,India,Mumbai,15,0,NORMAL,0
3941.59,Electronics,Wallet,Canada,Toronto,15,0,NORMAL,0
35.06,Pharmacy,UPI,Singapore,Singapore,15,0,NORMAL,0
106.01,Transportation,UPI,UK,London,15,0,NORMAL,0
29.1,Transportation,Wallet,USA,New York,15,0,NORMAL,0
73.49,Fuel,Debit Card,Germany,Berlin,15,0,NORMAL,0
2146.51,Electronics,Net Banking,UK,London,15,0,NORMAL,0
147.09,Pharmacy,UPI,USA,New York,15,0,NORMAL,0
94.26,Pharmacy,Net Banking,India,Bangalore,15,0,NORMAL,0
94.08,Transportation,Debit Card,Canada,Toronto,15,0,NORMAL,0
76.65,Fuel,Debit Card,Canada,Toronto,15,0,NORMAL,0
4622.79,Electronics,Debit Card,Singapore,Singapore,15,0,NORMAL,0
35.18,Food,Credit Card,USA,New York,15,0,NORMAL,0
1455.76,Travel,Net Banking,India,Mumbai,15,0,NORMAL,0
5094.55,Electronics,Credit Card,Russia,Moscow,15,0,FRAUD,1
97.43,Pharmacy,Debit Card,UK,London,15,0,NORMAL,0
6525.61,Luxury,Credit Card,Russia,Moscow,15,0,FRAUD,1
392.51,Retail,Credit Card,Singapore,Singapore,15,0,NORMAL,0
3476.48,Electronics,Net Banking,India,Bangalore,15,0,NORMAL,0
26.47,Food,Debit Card,Singapore,Singapore,15,0,NORMAL,0
35.08,Fuel,Wallet,Singapore,Singapore,15,0,NORMAL,0
5415.67,Electronics,Credit Card,North Korea,Pyongyang,15,0,FRAUD,1
37.7,Gaming,Credit Card,UK,London,15,0,NORMAL,0
5736.41,Electronics,Credit Card,North Korea,Pyongyang,15,0,FRAUD,1
6231.59,Electronics,Credit Card,North Korea,Pyongyang,15,0,FRAUD,1
114.8,Fuel,Credit Card,India,Bangalore,15,0,NORMAL,0
103.35,Transportation,Credit Card,USA,Chicago,15,0,NORMAL,0
60.28,Fuel,Wallet,USA,Chicago,15,0,NORMAL,0
273.41,Retail,Wallet,UK,London,15,0,NORMAL,0
3762.04,Electronics,Net Banking,Canada,Toronto,15,0,NORMAL,0
69.58,Transportation,Wallet,Singapore,Singapore,15,0,NORMAL,0
14.06,Transportation,Debit Card,India,Mumbai,15,0,NORMAL,0
1622.69,Travel,Net Banking,Singapore,Singapore,15,0,NORMAL,0
101.95,Gaming,Credit Card,India,Bangalore,15,0,NORMAL,0
381.24,Retail,UPI,Canada,Toronto,15,0,NORMAL,0
890.53,Travel,Net Banking,UK,London,15,0,NORMAL,0
1340.3,Electronics,Credit Card,Canada,Toronto,15,0,NORMAL,0
285.6,Retail,Credit Card,India,Mumbai,15,0,NORMAL,0
172.94,Gaming,Net Banking,USA,Chicago,15,0,NORMAL,0
5430.11,Luxury,Credit Card,India,Bangalore,15,0,NORMAL,0
77.91,Gaming,Wallet,Singapore,Singapore,15,0,NORMAL,0
3229.87,Luxury,UPI,Singapore,Singapore,15,0,NORMAL,0
64.04,Gaming,Credit Card,Canada,Toronto,15,0,NORMAL,0
427.48,Retail,Credit Card,India,Bangalore,15,0,NORMAL,0
2405.29,Travel,Debit Card,Singapore,Singapore,15,0,NORMAL,0
232.25,Pharmacy,UPI,Singapore,Singapore,15,0,NORMAL,0
206.25,Pharmacy,UPI,USA,Chicago,15,0,NORMAL,0
1230.39,Electronics,Wallet,Germany,Berlin,15,0,NORMAL,0
4136.97,Electronics,Credit Card,Iran,Tehran,15,0,FRAUD,1
116.1,Retail,Debit Card,UK,London,15,0,NORMAL,0
3508.83,Electronics,UPI,USA,Chicago,15,0,NORMAL,0
240.97,Retail,Debit Card,India,Bangalore,15,0,NORMAL,0
5778.29,Luxury,Wallet,India,Bangalore,15,0,NORMAL,0
1096.68,Travel,Debit Card,Canada,Toronto,15,0,NORMAL,0
6157.55,Electronics,Credit Card,Russia,Moscow,15,0,FRAUD,1
3603.6,Electronics,Credit Card,North Korea,Pyongyang,15,0,FRAUD,1
423.85,Retail,Net Banking,Canada,Toronto,15,0,NORMAL,0
2457.06,Electronics,Net Banking,India,Mumbai,15,0,SUSPICIOUS,0
205.63,Pharmacy,Wallet,Canada,Toronto,15,0,NORMAL,0
103.64,Fuel,Net Banking,India,Mumbai,15,0,NORMAL,0
4611.72,Electronics,Credit Card,Iran,Tehran,15,0,FRAUD,1
1360.69,Travel,Wallet,India,Mumbai,15,0,NORMAL,0
5367.93,Luxury,Wallet,USA,New York,15,0,NORMAL,0
248.78,Pharmacy,Wallet,USA,New York,15,0,NORMAL,0
196.28,Travel,Debit Card,UK,London,15,0,NORMAL,0
41.45,Fuel,Debit Card,India,Bangalore,15,0,NORMAL,0
88.7,Fuel,Wallet,USA,Chicago,15,0,NORMAL,0
37.32,Retail,Wallet,Singapore,Singapore,15,0,NORMAL,0
1381.24,Luxury,Debit Card,USA,New York,15,0,NORMAL,0
2130.96,Travel,Debit Card,Singapore,Singapore,15,0,NORMAL,0
2634.28,Electronics,UPI,India,Mumbai,15,0,NORMAL,0
105.3,Transportation,UPI,India,Mumbai,15,0,NORMAL,0
137.95,Retail,Debit Card,Canada,Toronto,15,0,NORMAL,0
25.41,Food,Wallet,Canada,Toronto,15,0,NORMAL,0
76.17,Food,Net Banking,Germany,Berlin,15,0,NORMAL,0
5308.36,Luxury,Credit Card,North Korea,Pyongyang,15,0,FRAUD,1
38.11,Food,Debit Card,India,Mumbai,15,0,NORMAL,0
39.24,Food,Debit Card,USA,New York,15,0,NORMAL,0
262.82,Retail,Credit Card,USA,New York,15,0,NORMAL,0
1917.85,Travel,Net Banking,Singapore,Singapore,15,0,NORMAL,0
33.65,Food,UPI,Canada,Toronto,15,0,NORMAL,0
184.53,Pharmacy,Net Banking,India,Mumbai,15,0,NORMAL,0
79.29,Fuel,Net Banking,USA,New York,15,0,NORMAL,0
599.5,Travel,Net Banking,India,Mumbai,15,0,NORMAL,0
8956.82,Luxury,Credit Card,Russia,Moscow,15,0,FRAUD,1
276.05,Retail,Debit Card,Canada,Toronto,15,0,NORMAL,0
474.34,Retail,Net Banking,USA,New York,15,0,NORMAL,0
28.41,Food,Credit Card,USA,New York,15,0,NORMAL,0
7467.92,Luxury,Credit Card,Russia,Moscow,15,0,FRAUD,1
97.33,Transportation,Net Banking,Germany,Berlin,15,0,NORMAL,0
442.08,Retail,Debit Card,Singapore,Singapore,15,0,NORMAL,0
114.91,Gaming,Net Banking,Canada,Toronto,15,0,NORMAL,0
18.31,Pharmacy,Net Banking,Singapore,Singapore,15,0,NORMAL,0
58.27,Food,Debit Card,USA,Chicago,15,0,NORMAL,0
131.98,Fuel,Debit Card,Canada,Toronto,15,0,NORMAL,0
876.65,Electronics,Debit Card,Germany,Berlin,15,0,NORMAL,0
2955.29,Luxury,Wallet,UK,London,15,0,NORMAL,0
395.07,Retail,UPI,USA,New York,15,0,NORMAL,0
95.66,Transportation,Debit Card,Germany,Berlin,15,0,NORMAL,0
151.25,Gaming,Wallet,Germany,Berlin,15,0,NORMAL,0
143.1,Fuel,UPI,Singapore,Singapore,15,0,NORMAL,0
69.43,Food,UPI,India,Bangalore,15,0,NORMAL,0
1242.57,Electronics,Wallet,Germany,Berlin,15,0,NORMAL,0
114.85,Gaming,UPI,Singapore,Singapore,15,0,NORMAL,0
85.09,Transportation,Credit Card,Singapore,Singapore,15,0,NORMAL,0
2406.87,Luxury,Net Banking,UK,London,15,0,SUSPICIOUS,0
96.59,Transportation,Debit Card,USA,New York,15,0,NORMAL,0
34.79,Fuel,Credit Card,Canada,Toronto,15,0,NORMAL,0
59.17,Transportation,Credit Card,Canada,Toronto,15,0,NORMAL,0
1778.66,Travel,Credit Card,USA,New York,15,0,NORMAL,0
399.58,Retail,Credit Card,UK,London,15,0,NORMAL,0
2814.97,Travel,UPI,India,Bangalore,15,0,NORMAL,0
4358.91,Travel,UPI,UK,London,15,0,SUSPICIOUS,0
19.64,Food,Wallet,USA,Chicago,15,0,NORMAL,0
113.74,Fuel,Credit Card,Canada,Toronto,15,0,NORMAL,0
2701.57,Electronics,UPI,Singapore,Singapore,15,0,NORMAL,0
21.76,Fuel,Debit Card,Canada,Toronto,15,0,NORMAL,0
4687.38,Luxury,Credit Card,North Korea,Pyongyang,15,0,FRAUD,1
4144.32,Electronics,Credit Card,USA,New York,15,0,SUSPICIOUS,0
49.25,Food,Credit Card,India,Bangalore,15,0,NORMAL,0
4127.94,Luxury,Wallet,Canada,Toronto,15,0,NORMAL,0
28.15,Fuel,Net Banking,USA,Chicago,15,0,NORMAL,0
8110.19,Electronics,Credit Card,Iran,Tehran,15,0,FRAUD,1
191.34,Gaming,Credit Card,Germany,Berlin,15,0,NORMAL,0
3769.83,Luxury,Credit Card,Russia,Moscow,15,0,FRAUD,1
364.85,Retail,Net Banking,USA,New York,15,0,NORMAL,0
429.76,Retail,UPI,UK,London,15,0,NORMAL,0
39.72,Food,Credit Card,Singapore,Singapore,15,0,NORMAL,0
6581.48,Luxury,Credit Card,India,Bangalore,15,0,NORMAL,0
378.53,Retail,UPI,India,Mumbai,15,0,NORMAL,0
3828.68,Luxury,Debit Card,Germany,Berlin,15,0,SUSPICIOUS,0
1336.44,Luxury,Net Banking,Canada,Toronto,15,0,NORMAL,0
724.48,Travel,UPI,India,Bangalore,15,0,NORMAL,0
4097.86,Electronics,Credit Card,North Korea,Pyongyang,15,0,FRAUD,1
1244.08,Electronics,Debit Card,Germany,Berlin,15,0,NORMAL,0
75.85,Food,UPI,USA,New York,15,0,NORMAL,0
1980.67,Electronics,Credit Card,Germany,Berlin,15,0,NORMAL,0
3247.0,Electronics,Net Banking,Germany,Berlin,15,0,SUSPICIOUS,0
100.51,Gaming,Wallet,India,Mumbai,15,0,NORMAL,0
2025.84,Electronics,Debit Card,USA,Chicago,15,0,NORMAL,0
6003.37,Luxury,Credit Card,Russia,Moscow,15,0,FRAUD,1
2845.87,Travel,Wallet,Singapore,Singapore,15,0,NORMAL,0
81.56,Transportation,Wallet,Germany,Berlin,15,0,NORMAL,0
75.3,Food,Debit Card,USA,Chicago,15,0,NORMAL,0
68.13,Transportation,Credit Card,UK,London,15,0,NORMAL,0
478.33,Retail,UPI,USA,Chicago,15,0,NORMAL,0
107.27,Retail,Debit Card,Canada,Toronto,15,0,NORMAL,0
131.0,Pharmacy,Wallet,Singapore,Singapore,15,0,NORMAL,0
3420.46,Electronics,UPI,India,Bangalore,15,0,SUSPICIOUS,0
146.22,Fuel,Wallet,USA,New York,15,0,NORMAL,0
40.55,Fuel,Debit Card,USA,Chicago,15,0,NORMAL,0
4004.75,Luxury,Net Banking,USA,Chicago,15,0,SUSPICIOUS,0
2597.66,Travel,UPI,India,Mumbai,15,0,NORMAL,0
2352.69,Luxury,Net Banking,USA,Chicago,15,0,SUSPICIOUS,0
127.3,Fuel,Credit Card,India,Mumbai,15,0,NORMAL,0
4442.31,Travel,Credit Card,USA,Chicago,15,0,SUSPICIOUS,0
56.05,Fuel,Net Banking,Germany,Berlin,15,0,NORMAL,0
4634.07,Electronics,Credit Card,North Korea,Pyongyang,15,0,FRAUD,1
58.77,Food,Debit Card,UK,London,15,0,NORMAL,0
7.8,Food,Net Banking,India,Mumbai,15,0,NORMAL,0
594.73,Electronics,UPI,India,Bangalore,15,0,NORMAL,0
104.45,Transportation,Credit Card,Germany,Berlin,15,0,NORMAL,0
1487.34,Travel,UPI,India,Bangalore,15,0,NORMAL,0
12.19,Transportation,Wallet,Germany,Berlin,15,0,NORMAL,0
89.56,Pharmacy,Net Banking,Germany,Berlin,15,0,NORMAL,0
1222.01,Luxury,Net Banking,India,Mumbai,15,0,NORMAL,0
7134.77,Luxury,Credit Card,North Korea,Pyongyang,15,0,FRAUD,1
5438.66,Electronics,Credit Card,North Korea,Pyongyang,15,0,FRAUD,1
2964.92,Travel,Credit Card,USA,Chicago,15,0,NORMAL,0
57.2,Transportation,Wallet,India,Bangalore,15,0,NORMAL,0
113.76,Retail,Wallet,UK,London,15,0,NORMAL,0
135.89,Fuel,Debit Card,India,Bangalore,15,0,NORMAL,0
3571.7,Travel,Credit Card,UK,London,15,0,SUSPICIOUS,0
170.85,Gaming,Debit Card,India,Mumbai,15,0,NORMAL,0
1730.23,Electronics,Credit Card,USA,New York,15,0,NORMAL,0
100.32,Pharmacy,Wallet,India,Bangalore,15,0,NORMAL,0
4396.88,Luxury,Debit Card,USA,New York,15,0,NORMAL,0
2115.45,Travel,UPI,India,Mumbai,15,0,SUSPICIOUS,0
48.72,Food,Debit Card,UK,London,15,0,NORMAL,0
62.39,Food,Debit Card,Canada,Toronto,15,0,NORMAL,0
15.64,Food,Net Banking,USA,New York,15,0,NORMAL,0
1645.62,Travel,Wallet,Germany,Berlin,15,0,SUSPICIOUS,0
43.39,Transportation,Net Banking,Germany,Berlin,15,0,NORMAL,0
3214.22,Luxury,Wallet,Canada,Toronto,15,0,NORMAL,0
3932.12,Luxury,Net Banking,USA,New York,15,0,NORMAL,0
6719.5,Luxury,Credit Card,India,Mumbai,15,0,NORMAL,0
4954.34,Luxury,Debit Card,Canada,Toronto,15,0,NORMAL,0
2807.46,Electronics,Net Banking,USA,Chicago,15,0,SUSPICIOUS,0
251.14,Retail,UPI,Germany,Berlin,15,0,NORMAL,0
3879.98,Electronics,Wallet,Germany,Berlin,15,0,NORMAL,0
475.24,Retail,UPI,India,Mumbai,15,0,NORMAL,0
52.57,Pharmacy,UPI,India,Bangalore,15,0,NORMAL,0
275.34,Retail,Net Banking,India,Bangalore,15,0,NORMAL,0
48.94,Food,UPI,India,Mumbai,15,0,NORMAL,0
1974.56,Travel,Net Banking,USA,New York,15,0,SUSPICIOUS,0
19.45,Food,Net Banking,Canada,Toronto,15,0,NORMAL,0
104.5,Fuel,Net Banking,India,Bangalore,15,0,NORMAL,0
69.68,Food,Wallet,India,Bangalore,15,0,NORMAL,0
2108.65,Luxury,UPI,USA,New York,15,0,SUSPICIOUS,0
2098.62,Electronics,UPI,Germany,Berlin,15,0,NORMAL,0
499.76,Retail,Net Banking,USA,New York,15,0,NORMAL,0
2660.41,Travel,Credit Card,Germany,Berlin,15,0,NORMAL,0
94.66,Retail,Net Banking,Singapore,Singapore,15,0,NORMAL,0
1323.07,Travel,Credit Card,Canada,Toronto,15,0,NORMAL,0
930.75,Travel,Net Banking,USA,New York,15,0,NORMAL,0
2015.59,Travel,Debit Card,USA,Chicago,15,0,NORMAL,0
7376.71,Electronics,Credit Card,North Korea,Pyongyang,15,0,FRAUD,1
31.14,Gaming,Credit Card,India,Mumbai,15,0,NORMAL,0
124.62,Fuel,Net Banking,USA,New York,15,0,NORMAL,0
8278.11,Luxury,Credit Card,Iran,Tehran,15,0,FRAUD,1
52.48,Fuel,Credit Card,India,Mumbai,15,0,NORMAL,0
4024.54,Electronics,Debit Card,India,Bangalore,15,0,NORMAL,0
6017.65,Electronics,Credit Card,Iran,Tehran,15,0,FRAUD,1
3954.45,Electronics,Wallet,India,Mumbai,15,0,SUSPICIOUS,0
7177.54,Electronics,Credit Card,North Korea,Pyongyang,15,0,FRAUD,1
75.33,Food,Wallet,USA,Chicago,15,0,NORMAL,0
403.13,Retail,Wallet,India,Mumbai,15,0,NORMAL,0
299.46,Retail,Wallet,India,Bangalore,15,0,NORMAL,0
102.16,Pharmacy,UPI,USA,New York,15,0,NORMAL,0
367.81,Retail,Debit Card,Germany,Berlin,15,0,NORMAL,0
448.7,Retail,UPI,UK,London,15,0,NORMAL,0
27.14,Transportation,Wallet,Germany,Berlin,15,0,NORMAL,0
231.92,Retail,Net Banking,Germany,Berlin,15,0,NORMAL,0
2130.08,Electronics,Wallet,India,Bangalore,15,0,NORMAL,0
54.49,Food,Debit Card,Canada,Toronto,15,0,NORMAL,0
3478.44,Electronics,Net Banking,UK,London,15,0,NORMAL,0
4079.21,Luxury,Credit Card,North Korea,Pyongyang,15,0,FRAUD,1
54.54,Fuel,Net Banking,Germany,Berlin,15,0,NORMAL,0
113.35,Pharmacy,Wallet,USA,Chicago,15,0,NORMAL,0
1388.08,Luxury,Wallet,Canada,Toronto,15,0,NORMAL,0
361.22,Travel,Debit Card,India,Bangalore,15,0,NORMAL,0
25.82,Fuel,Net Banking,Singapore,Singapore,15,0,NORMAL,0
678.83,Travel,Debit Card,Singapore,Singapore,15,0,NORMAL,0
15.14,Food,Wallet,USA,New York,15,0,NORMAL,0
4005.04,Electronics,Wallet,USA,New York,15,0,NORMAL,0
1922.19,Travel,Net Banking,USA,New York,15,0,SUSPICIOUS,0
7660.1,Electronics,Credit Card,North Korea,Pyongyang,15,0,FRAUD,1
8189.92,Luxury,Credit Card,Iran,Tehran,15,0,FRAUD,1
1822.74,Travel,Net Banking,Canada,Toronto,15,0,NORMAL,0
20.77,Fuel,Net Banking,India,Bangalore,15,0,NORMAL,0
133.68,Pharmacy,Credit Card,USA,Chicago,15,0,NORMAL,0
11.22,Transportation,Debit Card,USA,Chicago,15,0,NORMAL,0
6435.68,Luxury,Wallet,USA,New York,15,0,NORMAL,0
1262.25,Electronics,Net Banking,Germany,Berlin,15,0,NORMAL,0
25.68,Gaming,Debit Card,USA,Chicago,15,0,NORMAL,0
161.28,Pharmacy,Debit Card,USA,Chicago,15,0,NORMAL,0
223.06,Pharmacy,Net Banking,USA,New York,15,0,NORMAL,0
2415.15,Travel,UPI,USA,Chicago,15,0,SUSPICIOUS,0
1523.05,Travel,UPI,Germany,Berlin,15,0,NORMAL,0
80.1,Transportation,UPI,Singapore,Singapore,15,0,NORMAL,0
80.43,Retail,Wallet,USA,New York,15,0,NORMAL,0
322.86,Retail,Debit Card,India,Mumbai,15,0,NORMAL,0
127.78,Retail,Wallet,India,Mumbai,15,0,NORMAL,0
106.69,Retail,UPI,USA,Chicago,15,0,NORMAL,0
4170.99,Electronics,Wallet,Canada,Toronto,15,0,NORMAL,0
115.74,Gaming,UPI,Singapore,Singapore,15,0,NORMAL,0
2669.57,Electronics,UPI,Singapore,Singapore,15,0,NORMAL,0
36.82,Fuel,Debit Card,Canada,Toronto,15,0,NORMAL,0
35.94,Food,Debit Card,India,Bangalore,15,0,NORMAL,0
60.81,Retail,Wallet,Canada,Toronto,15,0,NORMAL,0
2367.81,Travel,UPI,Germany,Berlin,15,0,NORMAL,0
55.77,Transportation,Net Banking,Germany,Berlin,15,0,NORMAL,0
83.92,Transportation,Debit Card,India,Bangalore,15,0,NORMAL,0
66.74,Food,UPI,USA,Chicago,15,0,NORMAL,0
19.43,Gaming,Net Banking,Canada,Toronto,15,0,NORMAL,0
76.11,Transportation,Wallet,Singapore,Singapore,15,0,NORMAL,0
7148.37,Electronics,Credit Card,Iran,Tehran,15,0,FRAUD,1
38.69,Food,Debit Card,UK,London,15,0,NORMAL,0
22.47,Transportation,Credit Card,USA,New York,15,0,NORMAL,0
114.58,Retail,UPI,USA,Chicago,15,0,NORMAL,0
421.29,Retail,Credit Card,Singapore,Singapore,15,0,NORMAL,0
23.67,Food,Wallet,USA,New York,15,0,NORMAL,0
3257.99,Travel,Net Banking,Canada,Toronto,15,0,SUSPICIOUS,0
162.96,Gaming,Credit Card,USA,Chicago,15,0,NORMAL,0
107.59,Retail,Net Banking,India,Bangalore,15,0,NORMAL,0
1675.09,Electronics,Credit Card,India,Mumbai,15,0,SUSPICIOUS,0
3212.5,Electronics,Wallet,India,Bangalore,15,0,SUSPICIOUS,0
18.77,Pharmacy,Credit Card,USA,Chicago,15,0,NORMAL,0
11.66,Food,Wallet,UK,London,15,0,NORMAL,0
4446.53,Luxury,Net Banking,India,Mumbai,15,0,NORMAL,0
34.48,Food,Credit Card,USA,Chicago,15,0,NORMAL,0
4696.84,Electronics,Debit Card,UK,London,15,0,NORMAL,0
2627.88,Travel,Debit Card,USA,Chicago,15,0,SUSPICIOUS,0
724.92,Travel,Net Banking,USA,New York,15,0,NORMAL,0
93.96,Gaming,Debit Card,Germany,Berlin,15,0,NORMAL,0
32.0,Food,Wallet,UK,London,15,0,NORMAL,0
6587.31,Luxury,Net Banking,Canada,Toronto,15,0,NORMAL,0
225.66,Pharmacy,Net Banking,USA,Chicago,15,0,NORMAL,0
54.94,Food,UPI,India,Bangalore,15,0,NORMAL,0
68.44,Pharmacy,Wallet,USA,New York,15,0,NORMAL,0
10.63,Food,Credit Card,Canada,Toronto,15,0,NORMAL,0
32.23,Fuel,Credit Card,Singapore,Singapore,15,0,NORMAL,0
5288.44,Luxury,Debit Card,UK,London,15,0,NORMAL,0
480.36,Retail,Credit Card,USA,Chicago,15,0,NORMAL,0
50.42,Fuel,Wallet,USA,New York,15,0,NORMAL,0
7951.44,Luxury,Credit Card,Iran,Tehran,15,0,FRAUD,1
203.76,Travel,Credit Card,Germany,Berlin,15,0,NORMAL,0
53.16,Transportation,UPI,UK,London,15,0,NORMAL,0
85.67,Gaming,Wallet,USA,New York,15,0,NORMAL,0
60.11,Pharmacy,Credit Card,Canada,Toronto,15,0,NORMAL,0
98.88,Retail,Wallet,UK,London,15,0,NORMAL,0
6869.31,Luxury,Net Banking,USA,New York,15,0,NORMAL,0
37.55,Food,Wallet,Canada,Toronto,15,0,NORMAL,0
7992.04,Luxury,Credit Card,Iran,Tehran,15,0,FRAUD,1
46.88,Fuel,Credit Card,Canada,Toronto,15,0,NORMAL,0
35.64,Fuel,Debit Card,Singapore,Singapore,15,0,NORMAL,0
50.31,Fuel,Debit Card,UK,London,15,0,NORMAL,0
3875.07,Luxury,Credit Card,Canada,Toronto,15,0,NORMAL,0
3920.9,Electronics,UPI,Germany,Berlin,15,0,NORMAL,0
2459.2,Travel,UPI,Germany,Berlin,15,0,NORMAL,0
3999.95,Luxury,Credit Card,North Korea,Pyongyang,15,0,FRAUD,1
404.37,Retail,Credit Card,Singapore,Singapore,15,0,NORMAL,0
2302.18,Travel,UPI,Singapore,Singapore,15,0,NORMAL,0
4389.48,Electronics,Net Banking,Singapore,Singapore,15,0,SUSPICIOUS,0
66.35,Food,UPI,UK,London,15,0,NORMAL,0
1764.54,Travel,Net Banking,Canada,Toronto,15,0,SUSPICIOUS,0
99.01,Fuel,Debit Card,India,Bangalore,15,0,NORMAL,0
64.46,Fuel,Wallet,UK,London,15,0,NORMAL,0
58.59,Food,Net Banking,UK,London,15,0,NORMAL,0
97.58,Transportation,Net Banking,Singapore,Singapore,15,0,NORMAL,0
97.15,Transportation,Wallet,India,Bangalore,15,0,NORMAL,0
3795.32,Travel,UPI,Canada,Toronto,15,0,SUSPICIOUS,0
2828.48,Travel,Credit Card,Singapore,Singapore,15,0,NORMAL,0
6017.88,Luxury,Wallet,India,Bangalore,15,0,NORMAL,0
111.68,Fuel,Net Banking,USA,New York,15,0,NORMAL,0
2037.12,Travel,UPI,India,Bangalore,15,0,NORMAL,0
4071.08,Electronics,Credit Card,Singapore,Singapore,15,0,SUSPICIOUS,0
74.34,Food,Credit Card,Germany,Berlin,15,0,NORMAL,0
1786.96,Luxury,Credit Card,Canada,Toronto,15,0,NORMAL,0
3277.08,Electronics,Net Banking,Germany,Berlin,15,0,NORMAL,0
144.14,Gaming,Wallet,Canada,Toronto,15,0,NORMAL,0
4404.36,Luxury,Net Banking,India,Mumbai,15,0,SUSPICIOUS,0
70.98,Food,Net Banking,Canada,Toronto,15,0,NORMAL,0
9.95,Food,Debit Card,Germany,Berlin,15,0,NORMAL,0
889.66,Electronics,Credit Card,Singapore,Singapore,15,0,NORMAL,0
146.88,Pharmacy,Credit Card,India,Bangalore,15,0,NORMAL,0
11.86,Food,UPI,India,Bangalore,15,0,NORMAL,0
31.11,Gaming,UPI,Germany,Berlin,15,0,NORMAL,0
6279.87,Luxury,Credit Card,North Korea,Pyongyang,15,0,FRAUD,1
34.3,Transportation,Net Banking,Germany,Berlin,15,0,NORMAL,0
2820.88,Travel,Debit Card,Canada,Toronto,15,0,NORMAL,0
182.02,Retail,Debit Card,Canada,Toronto,15,0,NORMAL,0
345.25,Travel,UPI,Canada,Toronto,15,0,NORMAL,0
93.01,Pharmacy,Net Banking,Germany,Berlin,15,0,NORMAL,0
66.37,Gaming,Wallet,Singapore,Singapore,15,0,NORMAL,0
59.15,Food,UPI,Germany,Berlin,15,0,NORMAL,0
3522.33,Electronics,Net Banking,India,Bangalore,15,0,NORMAL,0
91.31,Transportation,Credit Card,UK,London,15,0,NORMAL,0
119.77,Gaming,Debit Card,India,Mumbai,15,0,NORMAL,0
3156.72,Luxury,Debit Card,USA,Chicago,15,0,NORMAL,0
4798.61,Luxury,Credit Card,Russia,Moscow,15,0,FRAUD,1
54.3,Fuel,Net Banking,UK,London,15,0,NORMAL,0
4046.8,Electronics,Net Banking,India,Mumbai,15,0,SUSPICIOUS,0
2162.67,Travel,UPI,Canada,Toronto,15,0,SUSPICIOUS,0
8984.95,Luxury,Credit Card,North Korea,Pyongyang,15,0,FRAUD,1
8055.61,Luxury,Credit Card,North Korea,Pyongyang,15,0,FRAUD,1
113.7,Retail,Debit Card,Singapore,Singapore,15,0,NORMAL,0
1883.44,Travel,UPI,USA,Chicago,15,0,SUSPICIOUS,0
104.92,Gaming,Wallet,Canada,Toronto,15,0,NORMAL,0
64.91,Food,Wallet,USA,New York,15,0,NORMAL,0
2174.66,Electronics,Credit Card,USA,Chicago,15,0,NORMAL,0
44.49,Transportation,Net Banking,Canada,Toronto,15,0,NORMAL,0
83.33,Transportation,Debit Card,Singapore,Singapore,15,0,NORMAL,0
2374.5,Luxury,Credit Card,USA,Chicago,15,0,NORMAL,0
450.22,Retail,Debit Card,UK,London,15,0,NORMAL,0
19.64,Food,Debit Card,Singapore,Singapore,15,0,NORMAL,0
2896.8,Travel,UPI,India,Bangalore,15,0,NORMAL,0
116.55,Transportation,Credit Card,India,Mumbai,15,0,NORMAL,0
2670.44,Luxury,UPI,India,Mumbai,15,0,SUSPICIOUS,0
564.01,Electronics,Debit Card,UK,London,15,0,NORMAL,0
3234.69,Electronics,Debit Card,Singapore,Singapore,15,0,SUSPICIOUS,0
8834.14,Electronics,Credit Card,Russia,Moscow,15,0,FRAUD,1
27.79,Food,Net Banking,USA,Chicago,15,0,NORMAL,0
29.81,Pharmacy,Debit Card,UK,London,15,0,NORMAL,0
3787.64,Travel,Net Banking,India,Bangalore,15,0,SUSPICIOUS,0
35.68,Transportation,Wallet,UK,London,15,0,NORMAL,0
7955.97,Luxury,Credit Card,Iran,Tehran,15,0,FRAUD,1
5222.9,Electronics,Credit Card,North Korea,Pyongyang,15,0,FRAUD,1
6771.29,Electronics,Credit Card,Iran,Tehran,15,0,FRAUD,1
94.93,Retail,Wallet,Singapore,Singapore,15,0,NORMAL,0
4423.05,Luxury,UPI,UK,London,15,0,NORMAL,0
61.47,Food,UPI,UK,London,15,0,NORMAL,0
64.92,Gaming,Debit Card,Germany,Berlin,15,0,NORMAL,0
138.22,Gaming,Net Banking,USA,Chicago,15,0,NORMAL,0
3464.8,Electronics,Net Banking,UK,London,15,0,NORMAL,0
198.5,Gaming,Credit Card,Canada,Toronto,15,0,NORMAL,0
75.2,Fuel,Wallet,Canada,Toronto,15,0,NORMAL,0
183.1,Gaming,Debit Card,Canada,Toronto,15,0,NORMAL,0
2426.71,Travel,UPI,Germany,Berlin,15,0,NORMAL,0
444.12,Retail,Debit Card,India,Bangalore,15,0,NORMAL,0
1789.48,Electronics,Wallet,Singapore,Singapore,15,0,NORMAL,0
3802.22,Electronics,UPI,Canada,Toronto,15,0,NORMAL,0
62.64,Food,Debit Card,Germany,Berlin,15,0,NORMAL,0
160.12,Gaming,Credit Card,Canada,Toronto,15,0,NORMAL,0
197.12,Pharmacy,Credit Card,USA,Chicago,15,0,NORMAL,0
27.19,Food,UPI,India,Mumbai,15,0,NORMAL,0
5492.09,Electronics,Credit Card,North Korea,Pyongyang,15,0,FRAUD,1
121.71,Gaming,UPI,USA,New York,15,0,NORMAL,0
4234.42,Electronics,UPI,India,Mumbai,15,0,NORMAL,0
6544.9,Luxury,Credit Card,Russia,Moscow,15,0,FRAUD,1
4721.43,Electronics,Credit Card,North Korea,Pyongyang,15,0,FRAUD,1
146.8,Fuel,UPI,India,Bangalore,15,0,NORMAL,0
90.59,Retail,Credit Card,Germany,Berlin,15,0,NORMAL,0
2054.25,Luxury,Credit Card,Singapore,Singapore,15,0,SUSPICIOUS,0
114.06,Transportation,Wallet,India,Bangalore,15,0,NORMAL,0
3976.52,Luxury,Wallet,India,Bangalore,15,0,NORMAL,0
6977.06,Luxury,Credit Card,Iran,Tehran,15,0,FRAUD,1
2773.59,Travel,Net Banking,India,Bangalore,15,0,NORMAL,0
28.58,Food,Credit Card,USA,New York,15,0,NORMAL,0
254.16,Retail,UPI,USA,New York,15,0,NORMAL,0
114.49,Fuel,Debit Card,Canada,Toronto,15,0,NORMAL,0
6801.85,Luxury,Debit Card,UK,London,15,0,NORMAL,0
78.4,Food,Debit Card,Germany,Berlin,15,0,NORMAL,0
3352.44,Travel,Net Banking,USA,Chicago,15,0,SUSPICIOUS,0
2951.15,Electronics,Net Banking,Singapore,Singapore,15,0,SUSPICIOUS,0
102.14,Transportation,Credit Card,Canada,Toronto,15,0,NORMAL,0
137.13,Pharmacy,Credit Card,UK,London,15,0,NORMAL,0
106.26,Fuel,Net Banking,India,Bangalore,15,0,NORMAL,0
7433.37,Electronics,Credit Card,North Korea,Pyongyang,15,0,FRAUD,1
3908.2,Electronics,Credit Card,India,Bangalore,15,0,NORMAL,0
38.3,Food,Debit Card,Canada,Toronto,15,0,NORMAL,0
3679.34,Luxury,Credit Card,Germany,Berlin,15,0,NORMAL,0
109.64,Fuel,UPI,USA,Chicago,15,0,NORMAL,0
91.42,Gaming,Net Banking,USA,New York,15,0,NORMAL,0
693.66,Travel,Net Banking,Canada,Toronto,15,0,NORMAL,0
5.85,Food,Credit Card,Canada,Toronto,15,0,NORMAL,0
255.6,Retail,Wallet,India,Bangalore,15,0,NORMAL,0
77.57,Transportation,Debit Card,Singapore,Singapore,15,0,NORMAL,0
54.03,Food,Net Banking,Germany,Berlin,15,0,NORMAL,0
1787.2,Electronics,Credit Card,USA,Chicago,15,0,NORMAL,0
1602.06,Electronics,Wallet,UK,London,15,0,NORMAL,0
1575.02,Travel,Net Banking,India,Bangalore,15,0,NORMAL,0
2010.25,Electronics,Net Banking,UK,London,15,0,SUSPICIOUS,0
76.15,Transportation,UPI,UK,London,15,0,NORMAL,0
6953.97,Electronics,Credit Card,Iran,Tehran,15,0,FRAUD,1
146.73,Fuel,Credit Card,India,Bangalore,15,0,NORMAL,0
11.02,Food,Net Banking,India,Bangalore,15,0,NORMAL,0
145.24,Fuel,Debit Card,India,Bangalore,15,0,NORMAL,0
3204.79,Electronics,Debit Card,Canada,Toronto,15,0,NORMAL,0
4112.71,Electronics,Wallet,India,Mumbai,15,0,NORMAL,0
2980.71,Travel,Net Banking,Germany,Berlin,15,0,SUSPICIOUS,0
399.29,Retail,Debit Card,USA,Chicago,15,0,NORMAL,0
66.32,Gaming,UPI,UK,London,15,0,NORMAL,0
1463.69,Travel,UPI,USA,New York,15,0,NORMAL,0
8860.42,Luxury,Credit Card,Russia,Moscow,15,0,FRAUD,1
33.48,Food,Net Banking,India,Mumbai,15,0,NORMAL,0
222.34,Travel,UPI,USA,Chicago,15,0,NORMAL,0
448.71,Electronics,UPI,UK,London,15,0,NORMAL,0
2198.1,Travel,Debit Card,Singapore,Singapore,15,0,NORMAL,0
19.87,Food,Wallet,India,Bangalore,15,0,NORMAL,0
70.7,Gaming,Debit Card,Canada,Toronto,15,0,NORMAL,0
8980.48,Luxury,Credit Card,Russia,Moscow,15,0,FRAUD,1
145.87,Gaming,Net Banking,USA,New York,15,0,NORMAL,0
34.47,Food,Debit Card,USA,New York,15,0,NORMAL,0
3753.53,Electronics,Net Banking,USA,Chicago,15,0,NORMAL,0
1931.73,Luxury,Wallet,India,Bangalore,15,0,SUSPICIOUS,0
5213.46,Luxury,Credit Card,Iran,Tehran,15,0,FRAUD,1
13.76,Food,UPI,India,Bangalore,15,0,NORMAL,0
8531.79,Luxury,Credit Card,North Korea,Pyongyang,15,0,FRAUD,1
264.19,Retail,Credit Card,USA,New York,15,0,NORMAL,0
3744.73,Luxury,Wallet,Germany,Berlin,15,0,NORMAL,0
2111.65,Travel,Net Banking,USA,New York,15,0,NORMAL,0
950.18,Electronics,Wallet,USA,Chicago,15,0,NORMAL,0
82.89,Gaming,Wallet,UK,London,15,0,NORMAL,0
74.81,Food,UPI,Germany,Berlin,15,0,NORMAL,0
5531.29,Electronics,Credit Card,North Korea,Pyongyang,15,0,FRAUD,1
172.42,Gaming,Debit Card,Germany,Berlin,15,0,NORMAL,0
2047.03,Travel,Wallet,USA,New York,15,0,NORMAL,0
8239.65,Luxury,Credit Card,North Korea,Pyongyang,15,0,FRAUD,1
158.01,Pharmacy,Net Banking,India,Mumbai,15,0,NORMAL,0
1646.18,Electronics,UPI,India,Mumbai,15,0,NORMAL,0
4030.73,Electronics,UPI,Singapore,Singapore,15,0,SUSPICIOUS,0
83.42,Transportation,UPI,Canada,Toronto,15,0,NORMAL,0
4975.67,Electronics,Net Banking,Singapore,Singapore,15,0,NORMAL,0
4104.3,Electronics,Credit Card,Canada,Toronto,15,0,SUSPICIOUS,0
810.33,Travel,Credit Card,USA,Chicago,15,0,NORMAL,0
3123.14,Electronics,Credit Card,India,Mumbai,15,0,NORMAL,0
3435.18,Electronics,Credit Card,USA,New York,15,0,SUSPICIOUS,0
1686.51,Travel,Wallet,USA,New York,15,0,NORMAL,0
92.46,Fuel,Wallet,UK,London,15,0,NORMAL,0
46.96,Food,Wallet,India,Mumbai,15,0,NORMAL,0
39.54,Pharmacy,Debit Card,Singapore,Singapore,15,0,NORMAL,0
3725.79,Luxury,UPI,USA,Chicago,15,0,NORMAL,0
2011.55,Travel,Wallet,India,Mumbai,15,0,NORMAL,0
7449.48,Electronics,Credit Card,Russia,Moscow,15,0,FRAUD,1
113.1,Pharmacy,Wallet,India,Mumbai,15,0,NORMAL,0
76.0,Food,Net Banking,USA,Chicago,15,0,NORMAL,0
6605.04,Luxury,Credit Card,Iran,Tehran,15,0,FRAUD,1
60.37,Food,Credit Card,India,Bangalore,15,0,NORMAL,0
218.14,Pharmacy,UPI,Germany,Berlin,15,0,NORMAL,0
77.62,Fuel,Debit Card,India,Mumbai,15,0,NORMAL,0
1417.25,Travel,Net Banking,India,Bangalore,15,0,NORMAL,0
23.12,Transportation,Net Banking,UK,London,15,0,NORMAL,0
165.85,Gaming,Net Banking,Germany,Berlin,15,0,NORMAL,0
2003.71,Luxury,UPI,India,Bangalore,15,0,SUSPICIOUS,0
45.26,Food,Wallet,India,Bangalore,15,0,NORMAL,0
4707.49,Electronics,Wallet,UK,London,15,0,NORMAL,0
5600.81,Luxury,Credit Card,North Korea,Pyongyang,15,0,FRAUD,1
5073.57,Luxury,Net Banking,UK,London,15,0,NORMAL,0
458.38,Electronics,UPI,India,Mumbai,15,0,NORMAL,0
13.66,Gaming,Net Banking,Germany,Berlin,15,0,NORMAL,0
17.52,Transportation,Wallet,Singapore,Singapore,15,0,NORMAL,0
48.11,Food,Debit Card,Canada,Toronto,15,0,NORMAL,0
3950.88,Electronics,Credit Card,Russia,Moscow,15,0,FRAUD,1
320.77,Retail,Debit Card,Germany,Berlin,15,0,NORMAL,0
440.97,Retail,Net Banking,Germany,Berlin,15,0,NORMAL,0
304.64,Retail,Credit Card,UK,London,15,0,NORMAL,0
4002.87,Electronics,UPI,India,Mumbai,15,0,NORMAL,0
490.89,Retail,Net Banking,India,Bangalore,15,0,NORMAL,0
361.22,Travel,Wallet,USA,Chicago,15,0,NORMAL,0
2922.55,Travel,UPI,Canada,Toronto,15,0,SUSPICIOUS,0
1894.47,Electronics,Wallet,UK,London,15,0,SUSPICIOUS,0
3625.81,Travel,Net Banking,USA,New York,15,0,SUSPICIOUS,0
1709.46,Electronics,Wallet,UK,London,15,0,SUSPICIOUS,0
3098.25,Electronics,Wallet,Canada,Toronto,15,0,SUSPICIOUS,0
163.54,Pharmacy,Credit Card,India,Mumbai,15,0,NORMAL,0
2705.3,Travel,Credit Card,USA,Chicago,15,0,NORMAL,0
1392.99,Electronics,Wallet,Singapore,Singapore,15,0,NORMAL,0
3164.79,Electronics,Wallet,Singapore,Singapore,15,0,SUSPICIOUS,0
119.63,Transportation,Net Banking,Canada,Toronto,15,0,NORMAL,0
653.01,Travel,Wallet,India,Mumbai,15,0,NORMAL,0
457.5,Travel,Credit Card,USA,Chicago,15,0,NORMAL,0
1558.74,Electronics,UPI,USA,New York,15,0,NORMAL,0
105.44,Gaming,Debit Card,India,Bangalore,15,0,NORMAL,0
2059.75,Travel,UPI,USA,Chicago,15,0,NORMAL,0
80.13,Pharmacy,Net Banking,Germany,Berlin,15,0,NORMAL,0
7.88,Food,Wallet,India,Mumbai,15,0,NORMAL,0
207.19,Retail,Wallet,India,Mumbai,15,0,NORMAL,0
134.7,Retail,UPI,India,Bangalore,15,0,NORMAL,0
337.36,Retail,Net Banking,India,Bangalore,15,0,NORMAL,0
106.17,Transportation,Net Banking,USA,Chicago,15,0,NORMAL,0
183.83,Travel,Credit Card,India,Mumbai,15,0,NORMAL,0
2314.96,Luxury,Wallet,USA,New York,15,0,SUSPICIOUS,0
2979.72,Luxury,Debit Card,USA,Chicago,15,0,SUSPICIOUS,0
242.48,Pharmacy,Net Banking,Germany,Berlin,15,0,NORMAL,0
44.1,Gaming,UPI,India,Bangalore,15,0,NORMAL,0
2396.73,Travel,UPI,India,Bangalore,15,0,NORMAL,0
16.2,Food,Credit Card,USA,New York,15,0,NORMAL,0
1250.96,Electronics,Debit Card,India,Mumbai,15,0,NORMAL,0
282.37,Retail,Debit Card,India,Mumbai,15,0,NORMAL,0
56.39,Fuel,Wallet,Canada,Toronto,15,0,NORMAL,0
3113.9,Electronics,Credit Card,USA,Chicago,15,0,NORMAL,0
69.12,Food,UPI,USA,Chicago,15,0,NORMAL,0
66.02,Food,Net Banking,USA,New York,15,0,NORMAL,0
54.05,Fuel,UPI,USA,Chicago,15,0,NORMAL,0
2579.26,Electronics,Net Banking,Germany,Berlin,15,0,NORMAL,0
67.23,Transportation,Credit Card,India,Bangalore,15,0,NORMAL,0
83.69,Pharmacy,UPI,India,Mumbai,15,0,NORMAL,0
226.68,Pharmacy,Credit Card,Germany,Berlin,15,0,NORMAL,0
3201.78,Electronics,Debit Card,Germany,Berlin,15,0,SUSPICIOUS,0
183.72,Gaming,UPI,UK,London,15,0,NORMAL,0
7301.89,Luxury,Wallet,India,Mumbai,15,0,NORMAL,0
3300.69,Luxury,Wallet,USA,Chicago,15,0,SUSPICIOUS,0
75.55,Transportation,Net Banking,USA,New York,15,0,NORMAL,0
7089.17,Luxury,Credit Card,Russia,Moscow,15,0,FRAUD,1
74.56,Food,Debit Card,Singapore,Singapore,15,0,NORMAL,0
294.94,Retail,Wallet,USA,Chicago,15,0,NORMAL,0
40.17,Transportation,UPI,Canada,Toronto,15,0,NORMAL,0
4851.43,Electronics,Net Banking,USA,Chicago,15,0,NORMAL,0
3884.87,Electronics,Credit Card,Iran,Tehran,15,0,FRAUD,1
2622.03,Electronics,Wallet,Canada,Toronto,15,0,NORMAL,0
55.19,Food,Wallet,India,Bangalore,15,0,NORMAL,0
95.34,Retail,Wallet,India,Mumbai,15,0,NORMAL,0
94.67,Fuel,Debit Card,UK,London,15,0,NORMAL,0
4967.28,Electronics,Net Banking,Germany,Berlin,15,0,NORMAL,0
2926.19,Travel,Credit Card,India,Mumbai,15,0,SUSPICIOUS,0
290.62,Retail,Net Banking,Singapore,Singapore,15,0,NORMAL,0
180.66,Retail,UPI,India,Mumbai,15,0,NORMAL,0
51.17,Food,Wallet,USA,New York,15,0,NORMAL,0
3593.67,Travel,Net Banking,Germany,Berlin,15,0,SUSPICIOUS,0
2918.69,Travel,UPI,Canada,Toronto,15,0,SUSPICIOUS,0
29.88,Fuel,Wallet,UK,London,15,0,NORMAL,0
42.26,Food,Net Banking,Canada,Toronto,15,0,NORMAL,0
5711.65,Luxury,Credit Card,Russia,Moscow,15,0,FRAUD,1
486.29,Retail,UPI,Germany,Berlin,15,0,NORMAL,0
3795.09,Electronics,UPI,USA,New York,15,0,NORMAL,0
2396.78,Travel,UPI,UK,London,15,0,NORMAL,0
2070.53,Electronics,Debit Card,USA,New York,15,0,NORMAL,0
2733.15,Electronics,Net Banking,USA,New York,15,0,SUSPICIOUS,0
51.79,Gaming,Wallet,USA,New York,15,0,NORMAL,0
27.59,Transportation,Wallet,Germany,Berlin,15,0,NORMAL,0
165.73,Gaming,Debit Card,India,Mumbai,15,0,NORMAL,0
1756.71,Luxury,Credit Card,India,Bangalore,15,0,SUSPICIOUS,0
320.11,Retail,UPI,India,Bangalore,15,0,NORMAL,0
1372.38,Luxury,Net Banking,UK,London,15,0,NORMAL,0
400.06,Retail,Debit Card,India,Mumbai,15,0,NORMAL,0
4968.6,Electronics,Credit Card,Russia,Moscow,15,0,FRAUD,1
405.66,Travel,UPI,Canada,Toronto,15,0,NORMAL,0
143.35,Retail,Credit Card,USA,New York,15,0,NORMAL,0
60.61,Gaming,UPI,Singapore,Singapore,15,0,NORMAL,0
109.86,Pharmacy,Debit Card,India,Mumbai,15,0,NORMAL,0
13.76,Food,Wallet,USA,Chicago,15,0,NORMAL,0
3638.91,Travel,UPI,India,Bangalore,15,0,SUSPICIOUS,0
55.36,Food,Net Banking,Singapore,Singapore,15,0,NORMAL,0
3136.47,Electronics,UPI,USA,New York,15,0,NORMAL,0
29.75,Food,Wallet,India,Mumbai,15,0,NORMAL,0
221.3,Pharmacy,Net Banking,Singapore,Singapore,15,0,NORMAL,0
25.1,Food,Debit Card,USA,Chicago,15,0,NORMAL,0
3489.52,Electronics,Credit Card,USA,Chicago,15,0,NORMAL,0
6.07,Food,Credit Card,Singapore,Singapore,15,0,NORMAL,0
4246.73,Travel,Net Banking,UK,London,15,0,SUSPICIOUS,0
152.88,Pharmacy,Net Banking,UK,London,15,0,NORMAL,0
3990.87,Electronics,UPI,Germany,Berlin,15,0,SUSPICIOUS,0
15.07,Gaming,Net Banking,USA,Chicago,15,0,NORMAL,0
224.76,Retail,Net Banking,USA,Chicago,15,0,NORMAL,0
1169.12,Electronics,Credit Card,Canada,Toronto,15,0,NORMAL,0
1554.61,Electronics,Credit Card,Germany,Berlin,15,0,SUSPICIOUS,0
2079.34,Travel,UPI,Canada,Toronto,15,0,NORMAL,0
1792.49,Travel,Debit Card,Canada,Toronto,15,0,SUSPICIOUS,0
3636.13,Luxury,Credit Card,Russia,Moscow,15,0,FRAUD,1
44.07,Food,Wallet,Germany,Berlin,15,0,NORMAL,0
1118.09,Travel,Credit Card,Canada,Toronto,15,0,NORMAL,0
15.97,Food,UPI,USA,Chicago,15,0,NORMAL,0
14.17,Food,Wallet,India,Mumbai,15,0,NORMAL,0
320.74,Retail,Debit Card,USA,Chicago,15,0,NORMAL,0
320.08,Retail,UPI,India,Mumbai,15,0,NORMAL,0
52.06,Transportation,Credit Card,Germany,Berlin,15,0,NORMAL,0
2566.6,Electronics,Net Banking,Canada,Toronto,15,0,NORMAL,0
42.26,Gaming,UPI,UK,London,15,0,NORMAL,0
248.42,Pharmacy,Net Banking,Canada,Toronto,15,0,NORMAL,0
378.11,Retail,UPI,USA,New York,15,0,NORMAL,0
176.12,Pharmacy,Wallet,Germany,Berlin,15,0,NORMAL,0
96.52,Gaming,Wallet,Germany,Berlin,15,0,NORMAL,0
94.93,Fuel,UPI,India,Mumbai,15,0,NORMAL,0
1837.35,Travel,UPI,India,Mumbai,15,0,NORMAL,0
4080.32,Electronics,Credit Card,Iran,Tehran,15,0,FRAUD,1
99.21,Gaming,UPI,India,Mumbai,15,0,NORMAL,0
13.27,Pharmacy,UPI,India,Bangalore,15,0,NORMAL,0
1527.02,Travel,Credit Card,USA,New York,15,0,NORMAL,0
5734.49,Luxury,Credit Card,Iran,Tehran,15,0,FRAUD,1
2967.01,Electronics,Debit Card,USA,New York,15,0,NORMAL,0
104.35,Transportation,Debit Card,USA,New York,15,0,NORMAL,0
4088.29,Luxury,Wallet,UK,London,15,0,NORMAL,0
13.24,Transportation,Debit Card,Canada,Toronto,15,0,NORMAL,0
142.88,Retail,Wallet,Singapore,Singapore,15,0,NORMAL,0
54.37,Transportation,UPI,UK,London,15,0,NORMAL,0
1481.58,Luxury,Net Banking,Germany,Berlin,15,0,NORMAL,0
107.99,Transportation,Credit Card,UK,London,15,0,NORMAL,0
5619.24,Luxury,Credit Card,Russia,Moscow,15,0,FRAUD,1
3035.3,Electronics,UPI,India,Mumbai,15,0,SUSPICIOUS,0
115.8,Pharmacy,Net Banking,USA,New York,15,0,NORMAL,0
1909.9,Travel,Wallet,UK,London,15,0,NORMAL,0
1628.96,Electronics,Wallet,India,Bangalore,15,0,SUSPICIOUS,0
101.74,Fuel,Credit Card,Canada,Toronto,15,0,NORMAL,0
57.65,Food,Debit Card,India,Bangalore,15,0,NORMAL,0
1213.03,Travel,Credit Card,India,Mumbai,15,0,NORMAL,0
25.57,Food,UPI,USA,New York,15,0,NORMAL,0
179.64,Gaming,Wallet,India,Bangalore,15,0,NORMAL,0
4489.72,Electronics,Wallet,Canada,Toronto,15,0,NORMAL,0
76.67,Pharmacy,Credit Card,Singapore,Singapore,15,0,NORMAL,0
26.79,Transportation,UPI,USA,New York,15,0,NORMAL,0
101.3,Transportation,Debit Card,India,Bangalore,15,0,NORMAL,0
991.8,Travel,Net Banking,India,Bangalore,15,0,NORMAL,0
583.99,Travel,Credit Card,India,Mumbai,15,0,NORMAL,0
7991.44,Electronics,Credit Card,North Korea,Pyongyang,15,0,FRAUD,1
45.45,Food,Wallet,Germany,Berlin,15,0,NORMAL,0
47.76,Food,Debit Card,Canada,Toronto,15,0,NORMAL,0
30.38,Food,Net Banking,UK,London,15,0,NORMAL,0
7546.0,Electronics,Credit Card,North Korea,Pyongyang,15,0,FRAUD,1
251.53,Retail,Debit Card,India,Mumbai,15,0,NORMAL,0
2494.02,Luxury,Net Banking,UK,London,15,0,NORMAL,0
4286.42,Electronics,Debit Card,UK,London,15,0,SUSPICIOUS,0
8440.32,Luxury,Credit Card,Iran,Tehran,15,0,FRAUD,1
1880.65,Electronics,Wallet,Singapore,Singapore,15,0,SUSPICIOUS,0
4429.61,Electronics,Credit Card,Iran,Tehran,15,0,FRAUD,1
1755.67,Electronics,UPI,USA,Chicago,15,0,SUSPICIOUS,0
78.68,Food,Wallet,Germany,Berlin,15,0,NORMAL,0
135.72,Gaming,UPI,Germany,Berlin,15,0,NORMAL,0
3795.65,Luxury,Wallet,India,Mumbai,15,0,NORMAL,0
7743.4,Luxury,Wallet,Canada,Toronto,15,0,NORMAL,0
4311.2,Electronics,Net Banking,Germany,Berlin,15,0,NORMAL,0
508.26,Travel,UPI,India,Mumbai,15,0,NORMAL,0
199.16,Pharmacy,Credit Card,UK,London,15,0,NORMAL,0
4934.88,Luxury,Credit Card,Iran,Tehran,15,0,FRAUD,1
1381.31,Travel,Net Banking,Germany,Berlin,15,0,NORMAL,0
21.4,Food,Credit Card,India,Mumbai,15,0,NORMAL,0
63.9,Food,Debit Card,Germany,Berlin,15,0,NORMAL,0
43.27,Transportation,Credit Card,UK,London,15,0,NORMAL,0
180.91,Pharmacy,Credit Card,Germany,Berlin,15,0,NORMAL,0
92.08,Gaming,Wallet,Canada,Toronto,15,0,NORMAL,0
19.36,Transportation,Debit Card,UK,London,15,0,NORMAL,0
175.25,Retail,Debit Card,USA,Chicago,15,0,NORMAL,0
2947.75,Travel,Credit Card,USA,Chicago,15,0,SUSPICIOUS,0
140.96,Retail,UPI,Singapore,Singapore,15,0,NORMAL,0
575.81,Travel,Debit Card,India,Bangalore,15,0,NORMAL,0
4228.59,Luxury,Credit Card,Russia,Moscow,15,0,FRAUD,1
74.28,Pharmacy,Wallet,USA,New York,15,0,NORMAL,0
58.3,Gaming,Credit Card,India,Mumbai,15,0,NORMAL,0
55.95,Transportation,Net Banking,UK,London,15,0,NORMAL,0
2523.26,Electronics,Credit Card,USA,New York,15,0,SUSPICIOUS,0
1648.81,Luxury,Debit Card,USA,Chicago,15,0,NORMAL,0
2408.29,Travel,Wallet,USA,Chicago,15,0,NORMAL,0
4213.82,Electronics,Wallet,Germany,Berlin,15,0,NORMAL,0
6748.01,Luxury,Credit Card,Iran,Tehran,15,0,FRAUD,1
8628.2,Luxury,Credit Card,North Korea,Pyongyang,15,0,FRAUD,1
2393.06,Luxury,Wallet,USA,Chicago,15,0,NORMAL,0
6066.51,Luxury,Credit Card,Iran,Tehran,15,0,FRAUD,1
3950.6,Electronics,Debit Card,UK,London,15,0,SUSPICIOUS,0
4226.58,Electronics,Debit Card,USA,New York,15,0,NORMAL,0
24.8,Transportation,Wallet,Singapore,Singapore,15,0,NORMAL,0
60.81,Pharmacy,Net Banking,India,Bangalore,15,0,NORMAL,0
154.79,Gaming,Net Banking,UK,London,15,0,NORMAL,0
79.77,Retail,Credit Card,USA,Chicago,15,0,NORMAL,0
3623.53,Travel,Wallet,UK,London,15,0,SUSPICIOUS,0
78.37,Food,Net Banking,Singapore,Singapore,15,0,NORMAL,0
1273.76,Luxury,Net Banking,USA,New York,15,0,NORMAL,0
102.27,Transportation,Net Banking,Canada,Toronto,15,0,NORMAL,0
7250.0,Electronics,Credit Card,Russia,Moscow,15,0,FRAUD,1
162.86,Pharmacy,Wallet,India,Mumbai,15,0,NORMAL,0
111.08,Transportation,Net Banking,Canada,Toronto,15,0,NORMAL,0
34.55,Food,UPI,Singapore,Singapore,15,0,NORMAL,0
12.86,Food,Credit Card,Singapore,Singapore,15,0,NORMAL,0
15.83,Food,Credit Card,India,Mumbai,15,0,NORMAL,0
73.41,Gaming,Credit Card,UK,London,15,0,NORMAL,0
6506.24,Luxury,Debit Card,Singapore,Singapore,15,0,NORMAL,0
81.61,Fuel,Net Banking,UK,London,15,0,NORMAL,0
142.16,Fuel,Credit Card,Germany,Berlin,15,0,NORMAL,0
1628.15,Travel,Credit Card,USA,New York,15,0,NORMAL,0
231.41,Retail,UPI,India,Mumbai,15,0,NORMAL,0
8045.32,Electronics,Credit Card,Russia,Moscow,15,0,FRAUD,1
50.5,Transportation,Net Banking,India,Mumbai,15,0,NORMAL,0
2138.99,Electronics,Wallet,Germany,Berlin,15,0,NORMAL,0
1860.68,Travel,Wallet,Canada,Toronto,15,0,NORMAL,0
2569.24,Luxury,Net Banking,USA,New York,15,0,NORMAL,0
2253.53,Electronics,Debit Card,USA,New York,15,0,NORMAL,0
8450.59,Luxury,Credit Card,North Korea,Pyongyang,15,0,FRAUD,1
4404.91,Electronics,Wallet,Singapore,Singapore,15,0,NORMAL,0
145.23,Gaming,Credit Card,UK,London,15,0,NORMAL,0
1373.45,Travel,UPI,USA,Chicago,15,0,NORMAL,0
220.74,Retail,Credit Card,UK,London,15,0,NORMAL,0
59.58,Gaming,Credit Card,India,Mumbai,15,0,NORMAL,0
45.58,Food,Wallet,Singapore,Singapore,15,0,NORMAL,0
1520.26,Travel,Wallet,UK,London,15,0,NORMAL,0
3509.73,Luxury,Net Banking,USA,Chicago,15,0,NORMAL,0
1821.3,Travel,Wallet,Singapore,Singapore,15,0,NORMAL,0
174.68,Pharmacy,Net Banking,India,Bangalore,15,0,NORMAL,0
103.44,Fuel,Wallet,India,Bangalore,15,0,NORMAL,0
281.85,Retail,Net Banking,USA,New York,15,0,NORMAL,0
57.68,Gaming,Debit Card,India,Bangalore,15,0,NORMAL,0
6112.88,Luxury,Debit Card,Singapore,Singapore,15,0,NORMAL,0
1412.69,Travel,Net Banking,Canada,Toronto,15,0,NORMAL,0
5129.38,Electronics,Credit Card,Russia,Moscow,15,0,FRAUD,1
3651.09,Luxury,Wallet,USA,Chicago,15,0,SUSPICIOUS,0
64.35,Food,Net Banking,Germany,Berlin,15,0,NORMAL,0
232.31,Pharmacy,Wallet,India,Mumbai,15,0,NORMAL,0
8065.7,Electronics,Credit Card,Iran,Tehran,15,0,FRAUD,1
8376.0,Luxury,Credit Card,Russia,Moscow,15,0,FRAUD,1
58.87,Food,Debit Card,Singapore,Singapore,15,0,NORMAL,0
79.77,Transportation,Credit Card,India,Bangalore,15,0,NORMAL,0
1625.08,Travel,Wallet,Canada,Toronto,15,0,NORMAL,0
63.39,Fuel,Credit Card,Singapore,Singapore,15,0,NORMAL,0
77.21,Gaming,Net Banking,Singapore,Singapore,15,0,NORMAL,0
4770.17,Luxury,Credit Card,North Korea,Pyongyang,15,0,FRAUD,1
110.26,Transportation,Net Banking,India,Mumbai,15,0,NORMAL,0
1933.76,Electronics,UPI,UK,London,15,0,NORMAL,0
4417.27,Luxury,Net Banking,USA,New York,15,0,SUSPICIOUS,0
2925.15,Travel,Credit Card,USA,Chicago,15,0,NORMAL,0
13.81,Transportation,Debit Card,Canada,Toronto,15,0,NORMAL,0
73.33,Transportation,UPI,UK,London,15,0,NORMAL,0
391.93,Retail,UPI,Germany,Berlin,15,0,NORMAL,0
3494.66,Luxury,Wallet,USA,New York,15,0,SUSPICIOUS,0
25.76,Transportation,Debit Card,UK,London,15,0,NORMAL,0
137.08,Fuel,UPI,India,Mumbai,15,0,NORMAL,0
148.16,Pharmacy,Wallet,Germany,Berlin,15,0,NORMAL,0
4866.5,Electronics,Debit Card,USA,New York,15,0,NORMAL,0
1151.09,Travel,Net Banking,India,Mumbai,15,0,NORMAL,0
4802.32,Luxury,Debit Card,Germany,Berlin,15,0,NORMAL,0
8150.24,Electronics,Credit Card,Iran,Tehran,15,0,FRAUD,1
53.33,Pharmacy,Debit Card,USA,Chicago,15,0,NORMAL,0
266.28,Retail,Wallet,USA,New York,15,0,NORMAL,0
28.87,Transportation,Net Banking,Canada,Toronto,15,0,NORMAL,0
6673.49,Electronics,Credit Card,Russia,Moscow,15,0,FRAUD,1
7950.55,Luxury,Credit Card,North Korea,Pyongyang,15,0,FRAUD,1
4420.6,Luxury,Credit Card,Iran,Tehran,15,0,FRAUD,1
75.43,Food,Credit Card,USA,Chicago,15,0,NORMAL,0
533.45,Travel,Debit Card,Canada,Toronto,15,0,NORMAL,0
266.42,Retail,Debit Card,USA,New York,15,0,NORMAL,0
2418.85,Electronics,Net Banking,Germany,Berlin,15,0,SUSPICIOUS,0
212.61,Pharmacy,Debit Card,India,Bangalore,15,0,NORMAL,0
892.1,Travel,Credit Card,Canada,Toronto,15,0,NORMAL,0
124.27,Fuel,Credit Card,USA,Chicago,15,0,NORMAL,0
53.7,Food,Credit Card,Singapore,Singapore,15,0,NORMAL,0
6129.86,Luxury,Net Banking,India,Bangalore,15,0,NORMAL,0
41.23,Transportation,Debit Card,UK,London,15,0,NORMAL,0
4121.0,Electronics,UPI,India,Bangalore,15,0,NORMAL,0
24.48,Gaming,Credit Card,UK,London,15,0,NORMAL,0
8902.62,Electronics,Credit Card,Russia,Moscow,15,0,FRAUD,1
3572.48,Electronics,Credit Card,North Korea,Pyongyang,15,0,FRAUD,1
1921.33,Luxury,Credit Card,Canada,Toronto,15,0,NORMAL,0
2438.6,Electronics,UPI,USA,Chicago,15,0,SUSPICIOUS,0
53.29,Transportation,UPI,UK,London,15,0,NORMAL,0
66.06,Food,Credit Card,India,Mumbai,15,0,NORMAL,0
24.39,Food,Wallet,Germany,Berlin,15,0,NORMAL,0
4151.01,Luxury,Net Banking,Germany,Berlin,15,0,SUSPICIOUS,0
33.8,Gaming,Debit Card,USA,Chicago,15,0,NORMAL,0
5828.35,Luxury,UPI,USA,New York,15,0,NORMAL,0
106.43,Gaming,Net Banking,Canada,Toronto,15,0,NORMAL,0
3799.13,Electronics,Debit Card,Germany,Berlin,15,0,NORMAL,0
3252.07,Luxury,UPI,USA,Chicago,15,0,NORMAL,0
4940.52,Electronics,Credit Card,Russia,Moscow,15,0,FRAUD,1
60.93,Food,Wallet,India,Mumbai,15,0,NORMAL,0
142.09,Gaming,Credit Card,India,Bangalore,15,0,NORMAL,0
6140.49,Electronics,Credit Card,Russia,Moscow,15,0,FRAUD,1
7.35,Food,Wallet,Singapore,Singapore,15,0,NORMAL,0
85.34,Transportation,Net Banking,Canada,Toronto,15,0,NORMAL,0
149.94,Fuel,UPI,Singapore,Singapore,15,0,NORMAL,0
109.4,Pharmacy,Wallet,India,Bangalore,15,0,NORMAL,0
15.76,Food,Wallet,Germany,Berlin,15,0,NORMAL,0
2391.14,Travel,UPI,USA,New York,15,0,NORMAL,0
2456.06,Travel,Net Banking,India,Mumbai,15,0,NORMAL,0
208.18,Pharmacy,Net Banking,India,Bangalore,15,0,NORMAL,0
93.47,Transportation,Net Banking,USA,New York,15,0,NORMAL,0
118.97,Pharmacy,UPI,India,Mumbai,15,0,NORMAL,0
442.05,Retail,Wallet,USA,Chicago,15,0,NORMAL,0
2885.26,Luxury,Wallet,Singapore,Singapore,15,0,SUSPICIOUS,0
1210.65,Travel,Net Banking,India,Bangalore,15,0,NORMAL,0
6979.4,Electronics,Credit Card,North Korea,Pyongyang,15,0,FRAUD,1
105.6,Transportation,UPI,Germany,Berlin,15,0,NORMAL,0
183.45,Retail,Net Banking,Singapore,Singapore,15,0,NORMAL,0
4328.45,Electronics,UPI,India,Mumbai,15,0,NORMAL,0
3999.73,Luxury,Credit Card,North Korea,Pyongyang,15,0,FRAUD,1
1767.36,Electronics,Credit Card,Germany,Berlin,15,0,NORMAL,0
1548.81,Travel,UPI,India,Bangalore,15,0,SUSPICIOUS,0
6693.73,Luxury,UPI,India,Bangalore,15,0,NORMAL,0
2381.22,Electronics,Net Banking,USA,New York,15,0,NORMAL,0
128.12,Pharmacy,Debit Card,India,Bangalore,15,0,NORMAL,0
37.56,Food,Credit Card,India,Mumbai,15,0,NORMAL,0
2020.4,Luxury,Credit Card,USA,Chicago,15,0,SUSPICIOUS,0
100.81,Retail,Credit Card,India,Bangalore,15,0,NORMAL,0
7076.64,Electronics,Credit Card,Iran,Tehran,15,0,FRAUD,1
6233.05,Electronics,Credit Card,North Korea,Pyongyang,15,0,FRAUD,1
27.32,Transportation,Debit Card,UK,London,15,0,NORMAL,0
4537.49,Luxury,Wallet,Singapore,Singapore,15,0,NORMAL,0
109.91,Fuel,Credit Card,UK,London,15,0,NORMAL,0
115.41,Gaming,Debit Card,UK,London,15,0,NORMAL,0
3242.35,Electronics,Credit Card,USA,Chicago,15,0,SUSPICIOUS,0
48.07,Transportation,Credit Card,Singapore,Singapore,15,0,NORMAL,0
7657.55,Luxury,Debit Card,Canada,Toronto,15,0,NORMAL,0
21.26,Gaming,Credit Card,Singapore,Singapore,15,0,NORMAL,0
1513.1,Travel,UPI,USA,Chicago,15,0,SUSPICIOUS,0
3668.1,Electronics,Credit Card,Canada,Toronto,15,0,SUSPICIOUS,0
3683.7,Electronics,Credit Card,Singapore,Singapore,15,0,SUSPICIOUS,0
2921.23,Electronics,Wallet,India,Bangalore,15,0,SUSPICIOUS,0
120.46,Fuel,Credit Card,Canada,Toronto,15,0,NORMAL,0
27.96,Transportation,Net Banking,Germany,Berlin,15,0,NORMAL,0
172.59,Pharmacy,Credit Card,Germany,Berlin,15,0,NORMAL,0
4352.97,Luxury,Credit Card,Russia,Moscow,15,0,FRAUD,1
1110.31,Travel,Credit Card,Canada,Toronto,15,0,NORMAL,0
5863.9,Luxury,Credit Card,India,Bangalore,15,0,NORMAL,0
4318.12,Electronics,Credit Card,India,Bangalore,15,0,SUSPICIOUS,0
2221.93,Travel,Debit Card,USA,Chicago,15,0,NORMAL,0
17.48,Gaming,Credit Card,USA,Chicago,15,0,NORMAL,0
155.13,Gaming,Wallet,USA,New York,15,0,NORMAL,0
7821.77,Electronics,Credit Card,North Korea,Pyongyang,15,0,FRAUD,1
51.66,Food,UPI,USA,Chicago,15,0,NORMAL,0
23.98,Food,Debit Card,Germany,Berlin,15,0,NORMAL,0
2037.42,Travel,Wallet,UK,London,15,0,SUSPICIOUS,0
2429.1,Travel,UPI,Singapore,Singapore,15,0,NORMAL,0
4422.44,Luxury,Credit Card,Iran,Tehran,15,0,FRAUD,1
75.09,Food,Wallet,India,Bangalore,15,0,NORMAL,0
111.01,Pharmacy,Wallet,Canada,Toronto,15,0,NORMAL,0
19.57,Gaming,Net Banking,Singapore,Singapore,15,0,NORMAL,0
45.93,Retail,UPI,USA,Chicago,15,0,NORMAL,0
294.2,Retail,Credit Card,India,Bangalore,15,0,NORMAL,0
115.7,Gaming,UPI,USA,New York,15,0,NORMAL,0
65.75,Food,Net Banking,Canada,Toronto,15,0,NORMAL,0
43.72,Transportation,UPI,India,Bangalore,15,0,NORMAL,0
38.85,Transportation,Credit Card,USA,Chicago,15,0,NORMAL,0
1735.36,Travel,Debit Card,Singapore,Singapore,15,0,NORMAL,0
6.12,Food,Debit Card,Germany,Berlin,15,0,NORMAL,0
135.73,Gaming,Debit Card,Germany,Berlin,15,0,NORMAL,0
3361.02,Travel,Debit Card,Canada,Toronto,15,0,SUSPICIOUS,0
17.83,Transportation,Debit Card,India,Mumbai,15,0,NORMAL,0
79.32,Retail,Debit Card,USA,New York,15,0,NORMAL,0
1442.5,Travel,Net Banking,India,Mumbai,15,0,NORMAL,0
1888.05,Travel,Wallet,India,Bangalore,15,0,NORMAL,0
486.47,Retail,UPI,UK,London,15,0,NORMAL,0
1870.94,Electronics,UPI,India,Bangalore,15,0,SUSPICIOUS,0
81.2,Pharmacy,Net Banking,USA,New York,15,0,NORMAL,0
2525.89,Travel,Wallet,Canada,Toronto,15,0,SUSPICIOUS,0
149.4,Fuel,Wallet,Singapore,Singapore,15,0,NORMAL,0
106.28,Retail,Net Banking,USA,New York,15,0,NORMAL,0
438.04,Retail,Net Banking,India,Mumbai,15,0,NORMAL,0
335.07,Retail,Credit Card,India,Mumbai,15,0,NORMAL,0
72.54,Transportation,UPI,UK,London,15,0,NORMAL,0
3717.07,Electronics,Credit Card,Russia,Moscow,15,0,FRAUD,1
195.26,Retail,UPI,UK,London,15,0,NORMAL,0
1828.85,Electronics,Net Banking,India,Mumbai,15,0,NORMAL,0
3133.22,Luxury,Debit Card,Germany,Berlin,15,0,SUSPICIOUS,0
58.03,Pharmacy,Net Banking,UK,London,15,0,NORMAL,0
60.77,Food,Net Banking,India,Mumbai,15,0,NORMAL,0
116.66,Transportation,Wallet,India,Bangalore,15,0,NORMAL,0
27.49,Fuel,Credit Card,Singapore,Singapore,15,0,NORMAL,0
159.38,Retail,Debit Card,Singapore,Singapore,15,0,NORMAL,0
4961.94,Electronics,Net Banking,USA,Chicago,15,0,NORMAL,0
75.84,Transportation,Credit Card,India,Bangalore,15,0,NORMAL,0
3239.25,Electronics,UPI,Canada,Toronto,15,0,SUSPICIOUS,0
6915.84,Luxury,Debit Card,USA,New York,15,0,NORMAL,0
3453.79,Electronics,UPI,Canada,Toronto,15,0,SUSPICIOUS,0
8207.23,Luxury,Credit Card,Iran,Tehran,15,0,FRAUD,1
3846.64,Electronics,Credit Card,North Korea,Pyongyang,15,0,FRAUD,1
118.24,Fuel,Wallet,India,Mumbai,15,0,NORMAL,0
67.98,Food,Wallet,Canada,Toronto,15,0,NORMAL,0
473.74,Retail,Debit Card,Germany,Berlin,15,0,NORMAL,0
128.82,Fuel,Wallet,Singapore,Singapore,15,0,NORMAL,0
213.4,Retail,Wallet,India,Mumbai,15,0,NORMAL,0
4428.45,Electronics,Debit Card,USA,New York,15,0,NORMAL,0
75.57,Transportation,Net Banking,Canada,Toronto,15,0,NORMAL,0
3088.64,Luxury,Net Banking,India,Bangalore,15,0,NORMAL,0
2012.31,Travel,UPI,Singapore,Singapore,15,0,NORMAL,0
102.13,Retail,Net Banking,India,Bangalore,15,0,NORMAL,0
6171.57,Luxury,Wallet,Singapore,Singapore,15,0,NORMAL,0
1170.6,Travel,UPI,USA,New York,15,0,NORMAL,0
181.86,Retail,Credit Card,Germany,Berlin,15,0,NORMAL,0
3540.29,Travel,Debit Card,Germany,Berlin,15,0,SUSPICIOUS,0
43.31,Food,Net Banking,India,Mumbai,15,0,NORMAL,0
1328.51,Electronics,Wallet,UK,London,15,0,NORMAL,0
490.22,Travel,Net Banking,USA,New York,15,0,NORMAL,0
2275.99,Electronics,Net Banking,India,Bangalore,15,0,SUSPICIOUS,0
52.47,Gaming,Wallet,India,Mumbai,15,0,NORMAL,0
67.13,Transportation,Wallet,India,Bangalore,15,0,NORMAL,0
6509.41,Electronics,Credit Card,Russia,Moscow,15,0,FRAUD,1
2796.86,Luxury,Wallet,USA,New York,15,0,NORMAL,0
4117.27,Electronics,Debit Card,India,Bangalore,15,0,SUSPICIOUS,0
4280.38,Electronics,Debit Card,USA,Chicago,15,0,NORMAL,0
1720.33,Electronics,Debit Card,India,Mumbai,15,0,SUSPICIOUS,0
56.96,Food,Wallet,UK,London,15,0,NORMAL,0
107.16,Gaming,Net Banking,USA,Chicago,15,0,NORMAL,0
16.68,Food,Wallet,Canada,Toronto,15,0,NORMAL,0
4519.99,Electronics,Credit Card,Russia,Moscow,15,0,FRAUD,1
212.93,Pharmacy,UPI,India,Mumbai,15,0,NORMAL,0
189.06,Gaming,UPI,India,Bangalore,15,0,NORMAL,0
563.33,Travel,UPI,USA,New York,15,0,NORMAL,0
3525.08,Electronics,Credit Card,Russia,Moscow,15,0,FRAUD,1
127.38,Pharmacy,Credit Card,Singapore,Singapore,15,0,NORMAL,0
112.72,Fuel,Credit Card,Canada,Toronto,15,0,NORMAL,0
128.17,Pharmacy,Debit Card,Canada,Toronto,15,0,NORMAL,0
24.83,Food,Credit Card,USA,New York,15,0,NORMAL,0
31.72,Transportation,Net Banking,Canada,Toronto,15,0,NORMAL,0
26.11,Transportation,UPI,India,Mumbai,15,0,NORMAL,0
4535.38,Electronics,Credit Card,UK,London,15,0,NORMAL,0
174.73,Gaming,Credit Card,India,Bangalore,15,0,NORMAL,0
4350.48,Electronics,Credit Card,Russia,Moscow,15,0,FRAUD,1
7977.02,Electronics,Credit Card,Iran,Tehran,15,0,FRAUD,1
1890.47,Travel,Credit Card,USA,Chicago,15,0,NORMAL,0
7947.1,Electronics,Credit Card,North Korea,Pyongyang,15,0,FRAUD,1
25.62,Food,Net Banking,UK,London,15,0,NORMAL,0
1973.14,Travel,Wallet,USA,New York,15,0,NORMAL,0
24.53,Food,Net Banking,Canada,Toronto,15,0,NORMAL,0
3137.51,Luxury,Credit Card,India,Bangalore,15,0,SUSPICIOUS,0
1179.39,Travel,UPI,Singapore,Singapore,15,0,NORMAL,0
103.16,Fuel,Net Banking,Canada,Toronto,15,0,NORMAL,0
5307.91,Electronics,Credit Card,Iran,Tehran,15,0,FRAUD,1
969.24,Electronics,Credit Card,Germany,Berlin,15,0,NORMAL,0
1247.11,Travel,Debit Card,India,Bangalore,15,0,NORMAL,0
4383.42,Electronics,UPI,USA,New York,15,0,SUSPICIOUS,0
27.92,Food,Net Banking,USA,New York,15,0,NORMAL,0
371.01,Retail,UPI,UK,London,15,0,NORMAL,0
4308.11,Electronics,Net Banking,India,Bangalore,15,0,SUSPICIOUS,0
2131.98,Electronics,Debit Card,Canada,Toronto,15,0,NORMAL,0
1619.25,Travel,Credit Card,Germany,Berlin,15,0,NORMAL,0
128.9,Retail,Credit Card,USA,New York,15,0,NORMAL,0
94.52,Fuel,UPI,Canada,Toronto,15,0,NORMAL,0
52.73,Pharmacy,Debit Card,Canada,Toronto,15,0,NORMAL,0
1116.94,Electronics,Debit Card,UK,London,15,0,NORMAL,0
105.93,Retail,UPI,India,Bangalore,15,0,NORMAL,0
1350.24,Travel,Credit Card,Germany,Berlin,15,0,NORMAL,0
120.64,Gaming,UPI,Germany,Berlin,15,0,NORMAL,0
186.27,Retail,UPI,India,Bangalore,15,0,NORMAL,0
2099.26,Travel,UPI,UK,London,15,0,NORMAL,0
4035.01,Luxury,Wallet,Singapore,Singapore,15,0,NORMAL,0
21.12,Fuel,Wallet,UK,London,15,0,NORMAL,0
2312.61,Electronics,Debit Card,UK,London,15,0,SUSPICIOUS,0
67.69,Fuel,Net Banking,Singapore,Singapore,15,0,NORMAL,0
1934.89,Travel,Net Banking,USA,Chicago,15,0,NORMAL,0
7512.03,Electronics,Credit Card,Russia,Moscow,15,0,FRAUD,1
127.04,Retail,Wallet,India,Mumbai,15,0,NORMAL,0
191.02,Gaming,Credit Card,India,Bangalore,15,0,NORMAL,0
95.04,Transportation,Debit Card,India,Mumbai,15,0,NORMAL,0
148.79,Pharmacy,Net Banking,Canada,Toronto,15,0,NORMAL,0
81.27,Transportation,Debit Card,India,Mumbai,15,0,NORMAL,0
453.21,Travel,UPI,Canada,Toronto,15,0,NORMAL,0
49.26,Retail,Net Banking,UK,London,15,0,NORMAL,0
79.48,Food,Credit Card,Germany,Berlin,15,0,NORMAL,0
2711.24,Travel,Wallet,India,Bangalore,15,0,NORMAL,0
44.93,Gaming,Credit Card,UK,London,15,0,NORMAL,0
133.17,Fuel,Credit Card,Germany,Berlin,15,0,NORMAL,0
8983.67,Luxury,Credit Card,Iran,Tehran,15,0,FRAUD,1
28.99,Retail,UPI,India,Bangalore,15,0,NORMAL,0
121.34,Fuel,Debit Card,Singapore,Singapore,15,0,NORMAL,0
45.39,Fuel,UPI,Germany,Berlin,15,0,NORMAL,0
141.53,Fuel,UPI,India,Mumbai,15,0,NORMAL,0
190.32,Gaming,UPI,UK,London,15,0,NORMAL,0
76.63,Fuel,Debit Card,India,Bangalore,15,0,NORMAL,0
4787.91,Luxury,UPI,UK,London,15,0,NORMAL,0
29.44,Fuel,UPI,Canada,Toronto,15,0,NORMAL,0
31.06,Food,Net Banking,India,Mumbai,15,0,NORMAL,0
278.26,Retail,Net Banking,Canada,Toronto,15,0,NORMAL,0
3254.62,Luxury,Net Banking,India,Bangalore,15,0,NORMAL,0
175.5,Gaming,Wallet,Germany,Berlin,15,0,NORMAL,0
19.46,Pharmacy,Credit Card,USA,Chicago,15,0,NORMAL,0
4185.98,Luxury,Credit Card,Russia,Moscow,15,0,FRAUD,1
2234.3,Electronics,Credit Card,USA,Chicago,15,0,SUSPICIOUS,0
85.86,Fuel,Net Banking,India,Bangalore,15,0,NORMAL,0
310.07,Retail,Wallet,USA,New York,15,0,NORMAL,0
473.11,Electronics,Net Banking,India,Mumbai,15,0,NORMAL,0
4009.33,Electronics,Credit Card,North Korea,Pyongyang,15,0,FRAUD,1
4959.98,Luxury,Credit Card,Russia,Moscow,15,0,FRAUD,1
4815.02,Electronics,Debit Card,Germany,Berlin,15,0,NORMAL,0
7262.99,Luxury,Wallet,Canada,Toronto,15,0,NORMAL,0
287.12,Retail,UPI,India,Mumbai,15,0,NORMAL,0
227.0,Pharmacy,Credit Card,Germany,Berlin,15,0,NORMAL,0
10.4,Transportation,UPI,Canada,Toronto,15,0,NORMAL,0
158.22,Pharmacy,Credit Card,Germany,Berlin,15,0,NORMAL,0
2645.87,Electronics,UPI,USA,New York,15,0,NORMAL,0
4318.78,Electronics,Credit Card,North Korea,Pyongyang,15,0,FRAUD,1
2313.15,Travel,Credit Card,Germany,Berlin,15,0,SUSPICIOUS,0
16.25,Pharmacy,Wallet,India,Bangalore,15,0,NORMAL,0
1878.67,Electronics,Debit Card,USA,Chicago,15,0,SUSPICIOUS,0
160.99,Retail,UPI,Germany,Berlin,15,0,NORMAL,0
1243.57,Travel,Debit Card,India,Bangalore,15,0,NORMAL,0
6473.89,Luxury,Credit Card,Russia,Moscow,15,0,FRAUD,1
323.11,Retail,Net Banking,Canada,Toronto,15,0,NORMAL,0
83.45,Retail,Debit Card,UK,London,15,0,NORMAL,0
1541.62,Electronics,Wallet,Canada,Toronto,15,0,SUSPICIOUS,0
10.59,Pharmacy,UPI,India,Mumbai,15,0,NORMAL,0
3888.49,Electronics,Debit Card,UK,London,15,0,SUSPICIOUS,0
4246.65,Luxury,Credit Card,Canada,Toronto,15,0,NORMAL,0
1119.85,Electronics,Wallet,USA,New York,15,0,NORMAL,0
72.29,Gaming,Credit Card,Canada,Toronto,15,0,NORMAL,0
6456.19,Electronics,Credit Card,Iran,Tehran,15,0,FRAUD,1
6959.1,Electronics,Credit Card,Russia,Moscow,15,0,FRAUD,1
1655.67,Electronics,UPI,Germany,Berlin,15,0,NORMAL,0
175.06,Pharmacy,Credit Card,USA,New York,15,0,NORMAL,0
337.36,Electronics,Wallet,USA,Chicago,15,0,NORMAL,0
4557.67,Electronics,Net Banking,USA,New York,15,0,NORMAL,0
28.26,Transportation,Debit Card,Canada,Toronto,15,0,NORMAL,0
104.0,Pharmacy,Wallet,UK,London,15,0,NORMAL,0
43.95,Fuel,Net Banking,India,Bangalore,15,0,NORMAL,0
265.44,Retail,Wallet,Singapore,Singapore,15,0,NORMAL,0
3069.1,Luxury,Debit Card,USA,New York,15,0,NORMAL,0
59.4,Retail,Net Banking,Singapore,Singapore,15,0,NORMAL,0
68.29,Food,Credit Card,Germany,Berlin,15,0,NORMAL,0
4059.45,Luxury,Credit Card,North Korea,Pyongyang,15,0,FRAUD,1
1815.28,Travel,Net Banking,India,Bangalore,15,0,NORMAL,0
31.37,Food,Debit Card,USA,New York,15,0,NORMAL,0
248.37,Travel,Debit Card,UK,London,15,0,NORMAL,0
3669.57,Luxury,Debit Card,Singapore,Singapore,15,0,SUSPICIOUS,0
13.26,Food,Debit Card,Germany,Berlin,15,0,NORMAL,0
383.24,Retail,UPI,India,Bangalore,15,0,NORMAL,0
48.29,Food,Debit Card,India,Bangalore,15,0,NORMAL,0
4328.61,Electronics,Net Banking,USA,Chicago,15,0,SUSPICIOUS,0
463.8,Retail,UPI,India,Bangalore,15,0,NORMAL,0
65.12,Fuel,UPI,India,Mumbai,15,0,NORMAL,0
2458.77,Travel,Credit Card,India,Bangalore,15,0,NORMAL,0
12.67,Food,Credit Card,Canada,Toronto,15,0,NORMAL,0
3958.5,Luxury,Net Banking,India,Bangalore,15,0,SUSPICIOUS,0
2698.49,Travel,Net Banking,Germany,Berlin,15,0,NORMAL,0
5885.68,Electronics,Credit Card,Russia,Moscow,15,0,FRAUD,1
4543.42,Luxury,Credit Card,North Korea,Pyongyang,15,0,FRAUD,1
1583.87,Travel,Net Banking,Canada,Toronto,15,0,SUSPICIOUS,0
120.05,Fuel,Net Banking,UK,London,15,0,NORMAL,0
6665.0,Luxury,Credit Card,Canada,Toronto,15,0,NORMAL,0
1195.03,Electronics,Net Banking,India,Bangalore,15,0,NORMAL,0
147.61,Gaming,UPI,USA,Chicago,15,0,NORMAL,0
46.61,Food,Debit Card,USA,New York,15,0,NORMAL,0
4366.02,Luxury,Credit Card,Singapore,Singapore,15,0,SUSPICIOUS,0
55.24,Food,Wallet,UK,London,15,0,NORMAL,0
5634.6,Electronics,Credit Card,Russia,Moscow,15,0,FRAUD,1
3042.79,Electronics,Debit Card,Singapore,Singapore,15,0,SUSPICIOUS,0
6444.94,Electronics,Credit Card,Russia,Moscow,15,0,FRAUD,1
178.31,Gaming,Net Banking,Germany,Berlin,15,0,NORMAL,0
2559.44,Travel,Debit Card,UK,London,15,0,NORMAL,0
1156.58,Travel,UPI,USA,New York,15,0,NORMAL,0
2910.59,Travel,Net Banking,Singapore,Singapore,15,0,SUSPICIOUS,0
2552.71,Electronics,Wallet,India,Bangalore,15,0,NORMAL,0
2069.56,Electronics,UPI,USA,New York,15,0,SUSPICIOUS,0
1218.16,Electronics,UPI,India,Bangalore,15,0,NORMAL,0
163.05,Gaming,Debit Card,India,Bangalore,15,0,NORMAL,0
3453.6,Electronics,Wallet,Singapore,Singapore,15,0,NORMAL,0
4274.74,Travel,Credit Card,India,Bangalore,15,0,SUSPICIOUS,0
3561.85,Electronics,Credit Card,UK,London,15,0,SUSPICIOUS,0
86.64,Retail,Net Banking,UK,London,15,0,NORMAL,0
491.43,Retail,Net Banking,Germany,Berlin,15,0,NORMAL,0
434.61,Retail,UPI,India,Bangalore,15,0,NORMAL,0
140.91,Retail,Wallet,USA,New York,15,0,NORMAL,0
2638.73,Electronics,UPI,Canada,Toronto,15,0,NORMAL,0
1628.6,Electronics,Credit Card,USA,Chicago,15,0,NORMAL,0
4646.57,Electronics,Debit Card,Germany,Berlin,15,0,NORMAL,0
60.66,Fuel,UPI,India,Mumbai,15,0,NORMAL,0
6877.06,Electronics,Credit Card,Russia,Moscow,15,0,FRAUD,1
15.85,Food,UPI,Canada,Toronto,15,0,NORMAL,0
321.71,Retail,Debit Card,India,Bangalore,15,0,NORMAL,0
60.55,Gaming,UPI,USA,New York,15,0,NORMAL,0
4374.32,Luxury,UPI,USA,New York,15,0,SUSPICIOUS,0
5275.03,Luxury,Wallet,UK,London,15,0,NORMAL,0
59.8,Food,UPI,Germany,Berlin,15,0,NORMAL,0
49.15,Transportation,Debit Card,India,Mumbai,15,0,NORMAL,0
1939.95,Travel,Net Banking,USA,Chicago,15,0,NORMAL,0
3154.09,Electronics,Credit Card,USA,Chicago,15,0,NORMAL,0
105.8,Fuel,UPI,USA,New York,15,0,NORMAL,0
3931.0,Luxury,Credit Card,Iran,Tehran,15,0,FRAUD,1
73.23,Retail,Debit Card,India,Bangalore,15,0,NORMAL,0
2302.72,Electronics,Net Banking,USA,Chicago,15,0,NORMAL,0
1975.85,Travel,Debit Card,Canada,Toronto,15,0,SUSPICIOUS,0
163.38,Gaming,UPI,UK,London,15,0,NORMAL,0
45.09,Gaming,UPI,Singapore,Singapore,15,0,NORMAL,0
3085.89,Travel,Net Banking,India,Mumbai,15,0,SUSPICIOUS,0
90.95,Pharmacy,UPI,India,Mumbai,15,0,NORMAL,0
213.77,Retail,Net Banking,Germany,Berlin,15,0,NORMAL,0
4749.69,Electronics,Credit Card,North Korea,Pyongyang,15,0,FRAUD,1
4788.32,Luxury,Credit Card,North Korea,Pyongyang,15,0,FRAUD,1
2948.64,Luxury,Net Banking,India,Bangalore,15,0,NORMAL,0
58.95,Food,UPI,USA,New York,15,0,NORMAL,0
6853.17,Electronics,Credit Card,North Korea,Pyongyang,15,0,FRAUD,1
1856.2,Travel,Debit Card,Germany,Berlin,15,0,SUSPICIOUS,0
1953.68,Travel,Wallet,Germany,Berlin,15,0,NORMAL,0
101.77,Gaming,UPI,USA,New York,15,0,NORMAL,0
245.7,Retail,Credit Card,India,Bangalore,15,0,NORMAL,0
8992.77,Electronics,Credit Card,Iran,Tehran,15,0,FRAUD,1
64.81,Fuel,Wallet,UK,London,15,0,NORMAL,0
871.7,Travel,UPI,India,Mumbai,15,0,NORMAL,0
78.41,Food,UPI,Singapore,Singapore,15,0,NORMAL,0
5999.05,Luxury,Net Banking,India,Mumbai,15,0,NORMAL,0
704.08,Travel,Wallet,India,Bangalore,15,0,NORMAL,0
3569.96,Electronics,Debit Card,Germany,Berlin,15,0,NORMAL,0
20.38,Transportation,Debit Card,UK,London,15,0,NORMAL,0
92.45,Gaming,Wallet,USA,New York,15,0,NORMAL,0
29.62,Transportation,Credit Card,Singapore,Singapore,15,0,NORMAL,0
75.33,Food,Credit Card,UK,London,15,0,NORMAL,0
2852.86,Travel,Wallet,Germany,Berlin,15,0,NORMAL,0
2114.53,Luxury,Wallet,USA,New York,15,0,NORMAL,0
1861.69,Electronics,Debit Card,USA,Chicago,15,0,SUSPICIOUS,0
1834.55,Travel,Credit Card,India,Mumbai,15,0,NORMAL,0
121.98,Gaming,Debit Card,USA,Chicago,15,0,NORMAL,0
46.84,Gaming,Net Banking,Germany,Berlin,15,0,NORMAL,0
368.39,Retail,Net Banking,India,Mumbai,15,0,NORMAL,0
173.02,Travel,Net Banking,USA,New York,15,0,NORMAL,0
2925.84,Travel,Credit Card,India,Bangalore,15,0,SUSPICIOUS,0
161.38,Retail,Net Banking,Germany,Berlin,15,0,NORMAL,0
169.72,Pharmacy,Wallet,India,Mumbai,15,0,NORMAL,0
88.44,Fuel,UPI,Canada,Toronto,15,0,NORMAL,0
55.27,Food,Net Banking,India,Bangalore,15,0,NORMAL,0
68.79,Food,Credit Card,Canada,Toronto,15,0,NORMAL,0
1180.11,Electronics,Wallet,Germany,Berlin,15,0,NORMAL,0
84.24,Transportation,Debit Card,India,Bangalore,15,0,NORMAL,0
98.13,Transportation,Debit Card,USA,New York,15,0,NORMAL,0
1964.48,Travel,Net Banking,India,Mumbai,15,0,NORMAL,0
94.2,Fuel,Credit Card,UK,London,15,0,NORMAL,0
1273.92,Travel,Wallet,Germany,Berlin,15,0,NORMAL,0
37.69,Transportation,Debit Card,Singapore,Singapore,15,0,NORMAL,0
7219.08,Luxury,Net Banking,Canada,Toronto,15,0,NORMAL,0
5617.29,Luxury,Net Banking,USA,New York,15,0,NORMAL,0
810.4,Electronics,Credit Card,Singapore,Singapore,15,0,NORMAL,0
183.14,Gaming,Wallet,USA,Chicago,15,0,NORMAL,0
177.13,Pharmacy,Net Banking,Singapore,Singapore,15,0,NORMAL,0
546.77,Travel,Debit Card,Germany,Berlin,15,0,NORMAL,0
1593.83,Travel,Wallet,India,Mumbai,15,0,NORMAL,0
65.09,Transportation,Wallet,USA,Chicago,15,0,NORMAL,0
2181.0,Electronics,Debit Card,UK,London,15,0,SUSPICIOUS,0
68.85,Retail,Wallet,Singapore,Singapore,15,0,NORMAL,0
1086.93,Travel,Wallet,India,Bangalore,15,0,NORMAL,0
44.73,Transportation,Credit Card,Singapore,Singapore,15,0,NORMAL,0
134.86,Gaming,Credit Card,USA,New York,15,0,NORMAL,0
32.07,Food,Wallet,USA,New York,15,0,NORMAL,0
3384.34,Electronics,Debit Card,Germany,Berlin,15,0,NORMAL,0
2074.49,Luxury,Debit Card,Canada,Toronto,15,0,NORMAL,0
74.66,Gaming,Debit Card,USA,New York,15,0,NORMAL,0
28.15,Gaming,Credit Card,USA,Chicago,15,0,NORMAL,0
1084.35,Travel,UPI,India,Mumbai,15,0,NORMAL,0
228.11,Pharmacy,Debit Card,India,Bangalore,15,0,NORMAL,0
129.71,Retail,Net Banking,UK,London,15,0,NORMAL,0
8378.36,Luxury,Credit Card,Iran,Tehran,15,0,FRAUD,1
286.48,Travel,Net Banking,USA,Chicago,15,0,NORMAL,0
475.06,Travel,Credit Card,USA,New York,15,0,NORMAL,0
4571.08,Electronics,Credit Card,North Korea,Pyongyang,15,0,FRAUD,1
4303.76,Luxury,Credit Card,Singapore,Singapore,15,0,NORMAL,0
364.79,Retail,Wallet,Germany,Berlin,15,0,NORMAL,0
4251.97,Electronics,Credit Card,Iran,Tehran,15,0,FRAUD,1
5005.76,Luxury,Credit Card,North Korea,Pyongyang,15,0,FRAUD,1
417.38,Retail,UPI,USA,New York,15,0,NORMAL,0
33.96,Transportation,Net Banking,India,Mumbai,15,0,NORMAL,0
88.82,Retail,Credit Card,USA,Chicago,15,0,NORMAL,0
5303.68,Electronics,Credit Card,North Korea,Pyongyang,15,0,FRAUD,1
5464.94,Electronics,Credit Card,North Korea,Pyongyang,15,0,FRAUD,1
2988.35,Electronics,Net Banking,USA,New York,15,0,SUSPICIOUS,0
113.03,Gaming,UPI,Singapore,Singapore,15,0,NORMAL,0
191.13,Gaming,Wallet,Germany,Berlin,15,0,NORMAL,0
47.87,Food,Credit Card,UK,London,15,0,NORMAL,0
205.33,Pharmacy,Debit Card,Canada,Toronto,15,0,NORMAL,0
293.45,Retail,Net Banking,UK,London,15,0,NORMAL,0
239.24,Pharmacy,Debit Card,USA,Chicago,15,0,NORMAL,0
22.51,Gaming,Wallet,Singapore,Singapore,15,0,NORMAL,0
5.33,Food,Wallet,USA,New York,15,0,NORMAL,0
347.2,Retail,Wallet,India,Bangalore,15,0,NORMAL,0
1572.93,Electronics,UPI,USA,New York,15,0,NORMAL,0
4588.35,Luxury,Debit Card,Singapore,Singapore,15,0,NORMAL,0
431.92,Retail,UPI,Germany,Berlin,15,0,NORMAL,0
372.93,Retail,Credit Card,UK,London,15,0,NORMAL,0
8479.16,Electronics,Credit Card,Russia,Moscow,15,0,FRAUD,1
105.37,Gaming,Net Banking,Singapore,Singapore,15,0,NORMAL,0
50.95,Fuel,Debit Card,India,Mumbai,15,0,NORMAL,0
280.85,Retail,Credit Card,Germany,Berlin,15,0,NORMAL,0
6174.13,Electronics,Credit Card,North Korea,Pyongyang,15,0,FRAUD,1
42.98,Food,UPI,USA,Chicago,15,0,NORMAL,0
1050.53,Travel,Debit Card,Singapore,Singapore,15,0,NORMAL,0
35.9,Food,Wallet,India,Mumbai,15,0,NORMAL,0
66.27,Food,Debit Card,Singapore,Singapore,15,0,NORMAL,0
2940.62,Travel,Debit Card,Canada,Toronto,15,0,NORMAL,0
2736.46,Travel,Net Banking,Canada,Toronto,15,0,NORMAL,0
140.69,Gaming,Debit Card,USA,New York,15,0,NORMAL,0
7029.54,Luxury,Credit Card,India,Mumbai,15,0,NORMAL,0
3001.91,Electronics,UPI,India,Bangalore,15,0,SUSPICIOUS,0
5471.69,Luxury,Credit Card,Canada,Toronto,15,0,NORMAL,0
1102.64,Travel,Credit Card,USA,Chicago,15,0,NORMAL,0
254.11,Retail,Net Banking,USA,Chicago,15,0,NORMAL,0
3194.81,Travel,Net Banking,Germany,Berlin,15,0,SUSPICIOUS,0
6317.03,Electronics,Credit Card,Iran,Tehran,15,0,FRAUD,1
3636.23,Electronics,Credit Card,North Korea,Pyongyang,15,0,FRAUD,1
40.36,Food,UPI,Germany,Berlin,15,0,NORMAL,0
6291.6,Luxury,UPI,India,Mumbai,15,0,NORMAL,0
246.02,Retail,Wallet,Canada,Toronto,15,0,NORMAL,0
289.16,Retail,UPI,UK,London,15,0,NORMAL,0
6.46,Food,Debit Card,Singapore,Singapore,15,0,NORMAL,0
466.97,Retail,UPI,Singapore,Singapore,15,0,NORMAL,0
1036.8,Electronics,Debit Card,UK,London,15,0,NORMAL,0
939.94,Travel,Net Banking,USA,New York,15,0,NORMAL,0
430.59,Retail,Debit Card,Canada,Toronto,15,0,NORMAL,0
76.64,Food,Credit Card,India,Mumbai,15,0,NORMAL,0
41.0,Fuel,Net Banking,Canada,Toronto,15,0,NORMAL,0
50.38,Gaming,Wallet,USA,Chicago,15,0,NORMAL,0
70.53,Food,Debit Card,India,Mumbai,15,0,NORMAL,0
4236.68,Luxury,Net Banking,India,Mumbai,15,0,NORMAL,0
2328.79,Travel,Debit Card,India,Bangalore,15,0,SUSPICIOUS,0
36.56,Transportation,Wallet,Singapore,Singapore,15,0,NORMAL,0
6338.39,Luxury,Credit Card,USA,New York,15,0,NORMAL,0
139.73,Gaming,Credit Card,USA,Chicago,15,0,NORMAL,0
8286.1,Luxury,Credit Card,Russia,Moscow,15,0,FRAUD,1
3264.61,Electronics,Debit Card,India,Bangalore,15,0,NORMAL,0
4318.77,Luxury,Debit Card,Singapore,Singapore,15,0,NORMAL,0
2038.71,Electronics,Net Banking,UK,London,15,0,NORMAL,0
7383.32,Luxury,Credit Card,India,Bangalore,15,0,NORMAL,0
1905.65,Electronics,Credit Card,Singapore,Singapore,15,0,NORMAL,0
3886.72,Luxury,UPI,USA,New York,15,0,SUSPICIOUS,0
36.43,Gaming,Net Banking,UK,London,15,0,NORMAL,0
846.4,Electronics,Wallet,Germany,Berlin,15,0,NORMAL,0
25.61,Gaming,Net Banking,India,Mumbai,15,0,NORMAL,0
3237.53,Luxury,Credit Card,USA,Chicago,15,0,NORMAL,0
3982.4,Luxury,Credit Card,Iran,Tehran,15,0,FRAUD,1
43.13,Pharmacy,Debit Card,India,Bangalore,15,0,NORMAL,0
135.44,Retail,Debit Card,India,Bangalore,15,0,NORMAL,0
3655.96,Electronics,Wallet,Germany,Berlin,15,0,SUSPICIOUS,0
282.83,Retail,Net Banking,Canada,Toronto,15,0,NORMAL,0
2069.09,Electronics,UPI,Canada,Toronto,15,0,SUSPICIOUS,0
55.23,Transportation,Net Banking,India,Bangalore,15,0,NORMAL,0
3310.01,Electronics,Debit Card,India,Bangalore,15,0,NORMAL,0
4417.11,Electronics,Wallet,Singapore,Singapore,15,0,NORMAL,0
4921.88,Luxury,Credit Card,Russia,Moscow,15,0,FRAUD,1
4011.2,Luxury,Credit Card,Iran,Tehran,15,0,FRAUD,1
48.71,Fuel,Wallet,Germany,Berlin,15,0,NORMAL,0
2560.89,Electronics,Wallet,India,Bangalore,15,0,SUSPICIOUS,0
2837.95,Electronics,UPI,Germany,Berlin,15,0,NORMAL,0
101.36,Transportation,UPI,Singapore,Singapore,15,0,NORMAL,0
3951.32,Electronics,Wallet,Germany,Berlin,15,0,SUSPICIOUS,0
416.14,Retail,Credit Card,Canada,Toronto,15,0,NORMAL,0
84.5,Pharmacy,Credit Card,UK,London,15,0,NORMAL,0
47.8,Food,Credit Card,USA,Chicago,15,0,NORMAL,0
4128.24,Luxury,Debit Card,India,Bangalore,15,0,NORMAL,0
6272.46,Electronics,Credit Card,Russia,Moscow,15,0,FRAUD,1
8847.26,Electronics,Credit Card,Russia,Moscow,15,0,FRAUD,1
614.43,Travel,UPI,India,Bangalore,15,0,NORMAL,0
5282.38,Luxury,Debit Card,Canada,Toronto,15,0,NORMAL,0
53.89,Food,Credit Card,UK,London,15,0,NORMAL,0
4947.37,Electronics,Wallet,Germany,Berlin,15,0,NORMAL,0
2882.56,Travel,Debit Card,Germany,Berlin,15,0,NORMAL,0
3581.49,Luxury,Net Banking,Singapore,Singapore,15,0,SUSPICIOUS,0
1839.23,Luxury,Net Banking,Germany,Berlin,15,0,SUSPICIOUS,0
188.8,Gaming,Debit Card,USA,New York,15,0,NORMAL,0
110.5,Gaming,Debit Card,Canada,Toronto,15,0,NORMAL,0
3202.19,Luxury,UPI,USA,New York,15,0,NORMAL,0
2480.03,Electronics,Wallet,Germany,Berlin,15,0,NORMAL,0
8291.53,Electronics,Credit Card,Iran,Tehran,15,0,FRAUD,1
4283.95,Electronics,Credit Card,India,Mumbai,15,0,SUSPICIOUS,0
46.69,Fuel,Debit Card,Singapore,Singapore,15,0,NORMAL,0
43.75,Retail,UPI,Germany,Berlin,15,0,NORMAL,0
4535.48,Luxury,Credit Card,North Korea,Pyongyang,15,0,FRAUD,1
44.11,Retail,Credit Card,UK,London,15,0,NORMAL,0
362.94,Retail,UPI,India,Mumbai,15,0,NORMAL,0
6492.61,Luxury,Credit Card,Iran,Tehran,15,0,FRAUD,1
2843.26,Travel,Credit Card,India,Mumbai,15,0,NORMAL,0
194.92,Retail,Net Banking,USA,New York,15,0,NORMAL,0
37.82,Food,Debit Card,USA,Chicago,15,0,NORMAL,0
29.72,Transportation,Net Banking,India,Bangalore,15,0,NORMAL,0
41.48,Fuel,Debit Card,Germany,Berlin,15,0,NORMAL,0
309.38,Retail,UPI,Germany,Berlin,15,0,NORMAL,0
3794.95,Electronics,Debit Card,India,Mumbai,15,0,NORMAL,0
1031.96,Luxury,Debit Card,Singapore,Singapore,15,0,NORMAL,0
64.09,Food,Wallet,UK,London,15,0,NORMAL,0
90.34,Transportation,Net Banking,India,Bangalore,15,0,NORMAL,0
7112.66,Luxury,Wallet,USA,Chicago,15,0,NORMAL,0
2228.88,Travel,Credit Card,USA,New York,15,0,SUSPICIOUS,0
4735.93,Electronics,Debit Card,USA,New York,15,0,NORMAL,0
87.15,Transportation,UPI,Singapore,Singapore,15,0,NORMAL,0
24.71,Gaming,Debit Card,USA,New York,15,0,NORMAL,0
623.85,Travel,UPI,USA,New York,15,0,NORMAL,0
132.96,Pharmacy,Credit Card,USA,New York,15,0,NORMAL,0
2968.08,Travel,Debit Card,USA,New York,15,0,SUSPICIOUS,0
146.56,Fuel,Debit Card,India,Mumbai,15,0,NORMAL,0
3754.36,Electronics,Net Banking,Germany,Berlin,15,0,NORMAL,0
1382.36,Electronics,Wallet,Singapore,Singapore,15,0,NORMAL,0
10.84,Pharmacy,Debit Card,Canada,Toronto,15,0,NORMAL,0
1117.3,Electronics,Wallet,USA,Chicago,15,0,NORMAL,0
68.55,Food,Wallet,Germany,Berlin,15,0,NORMAL,0
136.4,Gaming,Wallet,Germany,Berlin,15,0,NORMAL,0
3834.03,Electronics,Credit Card,North Korea,Pyongyang,15,0,FRAUD,1
320.54,Retail,Net Banking,Singapore,Singapore,15,0,NORMAL,0
348.25,Retail,Credit Card,Canada,Toronto,15,0,NORMAL,0
2325.35,Electronics,UPI,India,Mumbai,15,0,SUSPICIOUS,0
193.68,Pharmacy,UPI,Singapore,Singapore,15,0,NORMAL,0
87.28,Transportation,UPI,India,Mumbai,15,0,NORMAL,0
83.33,Fuel,UPI,Singapore,Singapore,15,0,NORMAL,0
3560.58,Electronics,Debit Card,India,Mumbai,15,0,SUSPICIOUS,0
168.61,Gaming,Wallet,India,Mumbai,15,0,NORMAL,0
37.84,Gaming,Credit Card,India,Mumbai,15,0,NORMAL,0
25.92,Food,Credit Card,India,Bangalore,15,0,NORMAL,0
4126.61,Luxury,UPI,Canada,Toronto,15,0,NORMAL,0
68.54,Fuel,UPI,India,Bangalore,15,0,NORMAL,0
4843.69,Electronics,Credit Card,North Korea,Pyongyang,15,0,FRAUD,1
3643.83,Electronics,Debit Card,USA,New York,15,0,SUSPICIOUS,0
105.13,Retail,Wallet,USA,Chicago,15,0,NORMAL,0
33.89,Gaming,UPI,India,Bangalore,15,0,NORMAL,0
126.38,Retail,Net Banking,USA,New York,15,0,NORMAL,0
3586.02,Electronics,Net Banking,Canada,Toronto,15,0,SUSPICIOUS,0
88.26,Fuel,Credit Card,India,Bangalore,15,0,NORMAL,0
15.49,Pharmacy,UPI,India,Bangalore,15,0,NORMAL,0
1887.88,Travel,Credit Card,Canada,Toronto,15,0,NORMAL,0
83.6,Pharmacy,Debit Card,USA,Chicago,15,0,NORMAL,0
394.75,Retail,Debit Card,Canada,Toronto,15,0,NORMAL,0
2659.74,Luxury,Credit Card,India,Mumbai,15,0,NORMAL,0
62.18,Food,UPI,UK,London,15,0,NORMAL,0
185.13,Gaming,UPI,Germany,Berlin,15,0,NORMAL,0
107.03,Transportation,Wallet,Germany,Berlin,15,0,NORMAL,0
29.94,Retail,Wallet,Canada,Toronto,15,0,NORMAL,0
45.51,Retail,Net Banking,USA,New York,15,0,NORMAL,0
943.4,Electronics,Debit Card,India,Bangalore,15,0,NORMAL,0
29.8,Fuel,UPI,Germany,Berlin,15,0,NORMAL,0
3611.58,Luxury,UPI,USA,Chicago,15,0,SUSPICIOUS,0
1610.82,Travel,UPI,Singapore,Singapore,15,0,SUSPICIOUS,0
72.02,Gaming,Credit Card,USA,Chicago,15,0,NORMAL,0
135.36,Gaming,Credit Card,Singapore,Singapore,15,0,NORMAL,0
4420.93,Electronics,Wallet,Singapore,Singapore,15,0,NORMAL,0
414.96,Retail,Wallet,Canada,Toronto,15,0,NORMAL,0
6705.06,Electronics,Credit Card,North Korea,Pyongyang,15,0,FRAUD,1
765.96,Travel,Debit Card,India,Bangalore,15,0,NORMAL,0
3968.5,Travel,Net Banking,USA,Chicago,15,0,SUSPICIOUS,0
106.59,Transportation,Wallet,Germany,Berlin,15,0,NORMAL,0
20.97,Gaming,Credit Card,India,Bangalore,15,0,NORMAL,0
43.26,Transportation,Wallet,India,Mumbai,15,0,NORMAL,0
2590.98,Travel,Wallet,India,Bangalore,15,0,NORMAL,0
334.68,Retail,Net Banking,India,Bangalore,15,0,NORMAL,0
22.24,Food,UPI,UK,London,15,0,NORMAL,0
25.61,Fuel,Debit Card,Germany,Berlin,15,0,NORMAL,0
190.34,Pharmacy,UPI,UK,London,15,0,NORMAL,0
27.38,Food,UPI,USA,New York,15,0,NORMAL,0
33.95,Gaming,Wallet,USA,Chicago,15,0,NORMAL,0
160.58,Retail,Debit Card,Singapore,Singapore,15,0,NORMAL,0
2104.12,Travel,Debit Card,UK,London,15,0,NORMAL,0
978.54,Travel,Debit Card,India,Bangalore,15,0,NORMAL,0
18.63,Transportation,Credit Card,UK,London,15,0,NORMAL,0
239.65,Pharmacy,Net Banking,USA,New York,15,0,NORMAL,0
189.07,Pharmacy,Wallet,Canada,Toronto,15,0,NORMAL,0
150.06,Pharmacy,Credit Card,USA,New York,15,0,NORMAL,0
63.01,Food,Wallet,India,Mumbai,15,0,NORMAL,0
2588.07,Travel,Wallet,USA,New York,15,0,NORMAL,0
2911.11,Electronics,Net Banking,Canada,Toronto,15,0,SUSPICIOUS,0
3163.7,Electronics,Debit Card,Canada,Toronto,15,0,SUSPICIOUS,0
2875.25,Travel,Debit Card,India,Mumbai,15,0,SUSPICIOUS,0
86.58,Transportation,Wallet,USA,New York,15,0,NORMAL,0
2948.69,Travel,UPI,UK,London,15,0,SUSPICIOUS,0
178.78,Pharmacy,Credit Card,Canada,Toronto,15,0,NORMAL,0
3127.4,Electronics,Debit Card,UK,London,15,0,NORMAL,0
4370.87,Electronics,UPI,India,Bangalore,15,0,NORMAL,0
3427.37,Travel,Debit Card,India,Mumbai,15,0,SUSPICIOUS,0
68.8,Food,Credit Card,USA,Chicago,15,0,NORMAL,0
1464.33,Luxury,Debit Card,Singapore,Singapore,15,0,NORMAL,0
3721.82,Electronics,Credit Card,Russia,Moscow,15,0,FRAUD,1
3945.99,Electronics,Credit Card,UK,London,15,0,NORMAL,0
6.75,Food,Net Banking,USA,New York,15,0,NORMAL,0
78.74,Pharmacy,UPI,India,Bangalore,15,0,NORMAL,0
63.84,Transportation,Wallet,UK,London,15,0,NORMAL,0
21.15,Retail,Wallet,India,Mumbai,15,0,NORMAL,0
25.76,Transportation,Debit Card,UK,London,15,0,NORMAL,0
400.04,Retail,Credit Card,Canada,Toronto,15,0,NORMAL,0
8824.78,Luxury,Credit Card,Russia,Moscow,15,0,FRAUD,1
3860.46,Electronics,Wallet,Germany,Berlin,15,0,SUSPICIOUS,0
1828.84,Travel,Net Banking,Canada,Toronto,15,0,NORMAL,0
40.82,Transportation,Net Banking,UK,London,15,0,NORMAL,0
94.2,Retail,UPI,USA,Chicago,15,0,NORMAL,0
104.67,Fuel,UPI,Canada,Toronto,15,0,NORMAL,0
55.08,Retail,Net Banking,USA,Chicago,15,0,NORMAL,0
3481.26,Luxury,Debit Card,Canada,Toronto,15,0,SUSPICIOUS,0
3798.97,Electronics,Debit Card,USA,New York,15,0,SUSPICIOUS,0
164.45,Pharmacy,Wallet,UK,London,15,0,NORMAL,0
2080.8,Travel,Credit Card,Singapore,Singapore,15,0,NORMAL,0
55.63,Pharmacy,Debit Card,India,Mumbai,15,0,NORMAL,0
2341.72,Luxury,Net Banking,UK,London,15,0,NORMAL,0
6316.28,Luxury,Net Banking,USA,Chicago,15,0,NORMAL,0
150.25,Retail,Credit Card,UK,London,15,0,NORMAL,0
72.56,Gaming,Wallet,Singapore,Singapore,15,0,NORMAL,0
91.53,Pharmacy,Wallet,UK,London,15,0,NORMAL,0
362.67,Retail,Net Banking,Germany,Berlin,15,0,NORMAL,0
1740.72,Electronics,Net Banking,USA,Chicago,15,0,NORMAL,0
60.82,Food,UPI,USA,New York,15,0,NORMAL,0
1221.09,Luxury,Credit Card,USA,Chicago,15,0,NORMAL,0
2934.89,Electronics,Credit Card,USA,Chicago,15,0,NORMAL,0
371.07,Electronics,Net Banking,India,Bangalore,15,0,NORMAL,0
5499.69,Luxury,Credit Card,North Korea,Pyongyang,15,0,FRAUD,1
25.38,Transportation,Debit Card,USA,Chicago,15,0,NORMAL,0
3935.63,Luxury,Credit Card,Canada,Toronto,15,0,NORMAL,0
5256.67,Electronics,Credit Card,Russia,Moscow,15,0,FRAUD,1
1608.1,Travel,Credit Card,Canada,Toronto,15,0,NORMAL,0
192.93,Gaming,Wallet,India,Mumbai,15,0,NORMAL,0
171.38,Gaming,UPI,Germany,Berlin,15,0,NORMAL,0
116.65,Transportation,UPI,Singapore,Singapore,15,0,NORMAL,0
1505.54,Travel,Net Banking,India,Bangalore,15,0,NORMAL,0
2159.02,Electronics,Debit Card,Germany,Berlin,15,0,NORMAL,0
6577.55,Electronics,Credit Card,Iran,Tehran,15,0,FRAUD,1
22.12,Pharmacy,UPI,India,Mumbai,15,0,NORMAL,0
67.62,Food,Net Banking,UK,London,15,0,NORMAL,0
66.4,Food,UPI,Singapore,Singapore,15,0,NORMAL,0
60.56,Food,UPI,India,Mumbai,15,0,NORMAL,0
60.2,Food,UPI,UK,London,15,0,NORMAL,0
7365.05,Luxury,Credit Card,Russia,Moscow,15,0,FRAUD,1
3190.48,Electronics,UPI,Singapore,Singapore,15,0,NORMAL,0
6447.56,Electronics,Credit Card,North Korea,Pyongyang,15,0,FRAUD,1
4230.12,Electronics,Credit Card,Russia,Moscow,15,0,FRAUD,1
150.82,Gaming,Debit Card,India,Bangalore,15,0,NORMAL,0
163.72,Gaming,UPI,Germany,Berlin,15,0,NORMAL,0
76.36,Food,UPI,India,Mumbai,15,0,NORMAL,0
4262.96,Electronics,UPI,India,Bangalore,15,0,NORMAL,0
2683.09,Travel,Credit Card,UK,London,15,0,NORMAL,0
428.04,Retail,Net Banking,Canada,Toronto,15,0,NORMAL,0
72.63,Pharmacy,UPI,India,Mumbai,15,0,NORMAL,0
66.37,Gaming,Credit Card,India,Mumbai,15,0,NORMAL,0
63.79,Food,Wallet,USA,New York,15,0,NORMAL,0
22.19,Food,Debit Card,Canada,Toronto,15,0,NORMAL,0
3996.26,Luxury,Credit Card,Russia,Moscow,15,0,FRAUD,1
45.18,Retail,Net Banking,USA,Chicago,15,0,NORMAL,0
9.22,Food,Wallet,Germany,Berlin,15,0,NORMAL,0
449.34,Retail,Debit Card,USA,New York,15,0,NORMAL,0
110.89,Gaming,Wallet,UK,London,15,0,NORMAL,0
247.2,Retail,Wallet,USA,Chicago,15,0,NORMAL,0
2573.66,Luxury,UPI,India,Bangalore,15,0,NORMAL,0
2029.23,Luxury,Wallet,UK,London,15,0,NORMAL,0
6758.22,Luxury,Credit Card,Iran,Tehran,15,0,FRAUD,1
1086.72,Luxury,Debit Card,UK,London,15,0,NORMAL,0
170.86,Gaming,Credit Card,Canada,Toronto,15,0,NORMAL,0
3174.82,Electronics,Wallet,India,Mumbai,15,0,NORMAL,0
8368.12,Luxury,Credit Card,Russia,Moscow,15,0,FRAUD,1
6216.9,Luxury,Credit Card,Russia,Moscow,15,0,FRAUD,1
2454.36,Travel,UPI,India,Bangalore,15,0,NORMAL,0
117.06,Fuel,UPI,Canada,Toronto,15,0,NORMAL,0
189.76,Gaming,UPI,USA,Chicago,15,0,NORMAL,0
1836.0,Electronics,Net Banking,Canada,Toronto,15,0,SUSPICIOUS,0
6950.5,Luxury,Credit Card,Iran,Tehran,15,0,FRAUD,1
137.89,Gaming,Debit Card,Canada,Toronto,15,0,NORMAL,0
5274.34,Luxury,Credit Card,North Korea,Pyongyang,15,0,FRAUD,1
2098.88,Electronics,Net Banking,USA,Chicago,15,0,NORMAL,0
140.95,Pharmacy,Debit Card,Canada,Toronto,15,0,NORMAL,0
2966.57,Travel,Credit Card,India,Mumbai,15,0,NORMAL,0
2745.71,Travel,Net Banking,UK,London,15,0,NORMAL,0
133.13,Fuel,Credit Card,USA,New York,15,0,NORMAL,0
1659.98,Electronics,UPI,Canada,Toronto,15,0,SUSPICIOUS,0
43.44,Food,Net Banking,India,Bangalore,15,0,NORMAL,0
33.32,Pharmacy,Wallet,USA,Chicago,15,0,NORMAL,0
4571.57,Electronics,Credit Card,North Korea,Pyongyang,15,0,FRAUD,1
75.05,Transportation,UPI,India,Bangalore,15,0,NORMAL,0
230.7,Pharmacy,Net Banking,UK,London,15,0,NORMAL,0
4306.77,Travel,Net Banking,UK,London,15,0,SUSPICIOUS,0
4811.37,Electronics,Wallet,USA,New York,15,0,NORMAL,0
4051.68,Electronics,Credit Card,Germany,Berlin,15,0,NORMAL,0
2338.11,Travel,Debit Card,USA,Chicago,15,0,NORMAL,0
1792.86,Luxury,Debit Card,Canada,Toronto,15,0,NORMAL,0
5165.33,Electronics,Credit Card,Iran,Tehran,15,0,FRAUD,1
48.22,Transportation,Debit Card,UK,London,15,0,NORMAL,0
3620.86,Luxury,Credit Card,North Korea,Pyongyang,15,0,FRAUD,1
115.77,Pharmacy,Credit Card,India,Bangalore,15,0,NORMAL,0
6635.92,Electronics,Credit Card,North Korea,Pyongyang,15,0,FRAUD,1
36.79,Food,Wallet,India,Mumbai,15,0,NORMAL,0
312.33,Retail,Net Banking,USA,New York,15,0,NORMAL,0
50.02,Transportation,Debit Card,India,Mumbai,15,0,NORMAL,0
4998.22,Electronics,UPI,USA,Chicago,15,0,NORMAL,0
487.24,Electronics,Net Banking,Canada,Toronto,15,0,NORMAL,0
49.31,Fuel,Net Banking,USA,New York,15,0,NORMAL,0
67.59,Food,Wallet,USA,New York,15,0,NORMAL,0
447.7,Travel,Net Banking,UK,London,15,0,NORMAL,0
3209.09,Luxury,Credit Card,USA,New York,15,0,NORMAL,0
7982.76,Luxury,Net Banking,Singapore,Singapore,15,0,NORMAL,0
76.62,Retail,Net Banking,India,Bangalore,15,0,NORMAL,0
67.52,Food,Credit Card,India,Mumbai,15,0,NORMAL,0
3515.56,Electronics,Debit Card,Canada,Toronto,15,0,NORMAL,0
12.48,Food,Net Banking,UK,London,15,0,NORMAL,0
66.65,Gaming,Net Banking,India,Bangalore,15,0,NORMAL,0
51.37,Fuel,Debit Card,India,Mumbai,15,0,NORMAL,0
17.62,Gaming,Credit Card,UK,London,15,0,NORMAL,0
120.59,Fuel,Wallet,Germany,Berlin,15,0,NORMAL,0
1531.73,Travel,Wallet,India,Mumbai,15,0,NORMAL,0
14.14,Pharmacy,Debit Card,Germany,Berlin,15,0,NORMAL,0
4449.77,Electronics,Net Banking,USA,New York,15,0,NORMAL,0
107.75,Gaming,Debit Card,Germany,Berlin,15,0,NORMAL,0
4319.8,Electronics,Net Banking,UK,London,15,0,SUSPICIOUS,0
5735.16,Luxury,Credit Card,USA,Chicago,15,0,NORMAL,0
190.84,Pharmacy,Net Banking,Germany,Berlin,15,0,NORMAL,0
2446.21,Travel,UPI,UK,London,15,0,NORMAL,0
2225.94,Electronics,Debit Card,UK,London,15,0,NORMAL,0
4472.72,Luxury,Debit Card,India,Mumbai,15,0,NORMAL,0
61.42,Pharmacy,UPI,Germany,Berlin,15,0,NORMAL,0
19.26,Gaming,Credit Card,Germany,Berlin,15,0,NORMAL,0
31.33,Fuel,Wallet,UK,London,15,0,NORMAL,0
74.33,Food,Wallet,Germany,Berlin,15,0,NORMAL,0
29.0,Food,Credit Card,USA,Chicago,15,0,NORMAL,0
2512.45,Luxury,Net Banking,Germany,Berlin,15,0,SUSPICIOUS,0
2335.38,Electronics,Debit Card,UK,London,15,0,NORMAL,0
2857.5,Travel,Net Banking,USA,Chicago,15,0,NORMAL,0
23.58,Food,Net Banking,Canada,Toronto,15,0,NORMAL,0
8213.89,Electronics,Credit Card,Russia,Moscow,15,0,FRAUD,1
30.47,Food,Debit Card,USA,New York,15,0,NORMAL,0
8.25,Food,Debit Card,Canada,Toronto,15,0,NORMAL,0
57.36,Food,Net Banking,USA,Chicago,15,0,NORMAL,0
1550.1,Travel,Credit Card,India,Bangalore,15,0,NORMAL,0
4242.71,Electronics,Credit Card,Russia,Moscow,15,0,FRAUD,1
4854.66,Luxury,Credit Card,North Korea,Pyongyang,15,0,FRAUD,1
687.5,Travel,Net Banking,UK,London,15,0,NORMAL,0
71.92,Gaming,Debit Card,India,Bangalore,15,0,NORMAL,0
2956.29,Electronics,Wallet,USA,New York,15,0,NORMAL,0
2078.14,Luxury,Wallet,Singapore,Singapore,15,0,SUSPICIOUS,0
865.88,Electronics,Debit Card,India,Mumbai,15,0,NORMAL,0
108.29,Pharmacy,Credit Card,USA,Chicago,15,0,NORMAL,0
3811.71,Electronics,Wallet,India,Mumbai,15,0,NORMAL,0
7440.79,Luxury,Debit Card,Singapore,Singapore,15,0,NORMAL,0
73.99,Food,Debit Card,USA,New York,15,0,NORMAL,0
435.01,Retail,Debit Card,USA,Chicago,15,0,NORMAL,0
7462.47,Electronics,Credit Card,North Korea,Pyongyang,15,0,FRAUD,1
1543.46,Electronics,UPI,Singapore,Singapore,15,0,NORMAL,0
3726.92,Luxury,Credit Card,Iran,Tehran,15,0,FRAUD,1
117.61,Pharmacy,UPI,Singapore,Singapore,15,0,NORMAL,0
159.99,Pharmacy,Credit Card,India,Mumbai,15,0,NORMAL,0
2904.68,Electronics,Wallet,UK,London,15,0,SUSPICIOUS,0
7418.9,Electronics,Credit Card,North Korea,Pyongyang,15,0,FRAUD,1
1009.55,Travel,Debit Card,Singapore,Singapore,15,0,NORMAL,0
4923.92,Electronics,Credit Card,Singapore,Singapore,15,0,NORMAL,0
11.23,Food,Net Banking,India,Bangalore,15,0,NORMAL,0
61.35,Food,Credit Card,Canada,Toronto,15,0,NORMAL,0
1826.25,Electronics,Credit Card,India,Mumbai,15,0,NORMAL,0
209.27,Pharmacy,Credit Card,UK,London,15,0,NORMAL,0
1837.22,Travel,Debit Card,Canada,Toronto,15,0,SUSPICIOUS,0
5648.91,Luxury,Wallet,Canada,Toronto,15,0,NORMAL,0
2555.1,Luxury,Net Banking,India,Mumbai,15,0,NORMAL,0
75.08,Retail,Net Banking,USA,Chicago,15,0,NORMAL,0
333.77,Retail,Credit Card,India,Bangalore,15,0,NORMAL,0
37.14,Fuel,Wallet,Canada,Toronto,15,0,NORMAL,0
168.05,Pharmacy,Credit Card,USA,New York,15,0,NORMAL,0
3293.6,Electronics,Net Banking,India,Bangalore,15,0,SUSPICIOUS,0
42.61,Fuel,Debit Card,USA,New York,15,0,NORMAL,0
179.97,Pharmacy,Credit Card,India,Mumbai,15,0,NORMAL,0
4706.95,Electronics,Wallet,India,Mumbai,15,0,NORMAL,0
3910.64,Travel,UPI,USA,New York,15,0,SUSPICIOUS,0
424.62,Electronics,Net Banking,Singapore,Singapore,15,0,NORMAL,0
20.93,Food,UPI,Germany,Berlin,15,0,NORMAL,0
36.51,Food,Wallet,India,Mumbai,15,0,NORMAL,0
34.3,Fuel,Net Banking,Germany,Berlin,15,0,NORMAL,0
390.14,Retail,Wallet,USA,Chicago,15,0,NORMAL,0
6301.59,Luxury,Credit Card,Iran,Tehran,15,0,FRAUD,1
1770.83,Travel,Credit Card,India,Mumbai,15,0,NORMAL,0
44.67,Fuel,Credit Card,Germany,Berlin,15,0,NORMAL,0
13.95,Gaming,Credit Card,USA,New York,15,0,NORMAL,0
286.08,Retail,Wallet,Canada,Toronto,15,0,NORMAL,0
55.04,Transportation,Net Banking,USA,New York,15,0,NORMAL,0
43.42,Food,Wallet,India,Mumbai,15,0,NORMAL,0
4427.57,Travel,UPI,USA,New York,15,0,SUSPICIOUS,0
4712.5,Electronics,UPI,UK,London,15,0,NORMAL,0
84.14,Pharmacy,Net Banking,India,Bangalore,15,0,NORMAL,0
101.23,Transportation,Debit Card,India,Bangalore,15,0,NORMAL,0
54.66,Fuel,Wallet,Canada,Toronto,15,0,NORMAL,0
63.07,Food,Debit Card,Singapore,Singapore,15,0,NORMAL,0
715.38,Travel,Credit Card,USA,New York,15,0,NORMAL,0
75.99,Food,Wallet,UK,London,15,0,NORMAL,0
31.22,Transportation,Net Banking,UK,London,15,0,NORMAL,0
101.7,Retail,Wallet,UK,London,15,0,NORMAL,0
3808.74,Electronics,Credit Card,Germany,Berlin,15,0,SUSPICIOUS,0
17.7,Gaming,Wallet,Canada,Toronto,15,0,NORMAL,0
3392.38,Electronics,Net Banking,India,Bangalore,15,0,NORMAL,0
1750.21,Travel,Debit Card,Canada,Toronto,15,0,NORMAL,0
8706.76,Electronics,Credit Card,North Korea,Pyongyang,15,0,FRAUD,1
72.49,Fuel,Wallet,UK,London,15,0,NORMAL,0
48.96,Food,Wallet,India,Bangalore,15,0,NORMAL,0
67.61,Retail,Credit Card,USA,New York,15,0,NORMAL,0
5274.59,Luxury,Credit Card,Russia,Moscow,15,0,FRAUD,1
62.25,Pharmacy,Wallet,UK,London,15,0,NORMAL,0
367.17,Retail,Net Banking,Germany,Berlin,15,0,NORMAL,0
257.59,Travel,Wallet,Singapore,Singapore,15,0,NORMAL,0
404.88,Retail,Wallet,USA,Chicago,15,0,NORMAL,0
287.39,Retail,Net Banking,Singapore,Singapore,15,0,NORMAL,0
7660.48,Luxury,Credit Card,Iran,Tehran,15,0,FRAUD,1
4119.67,Electronics,Wallet,USA,New York,15,0,SUSPICIOUS,0
2372.31,Travel,Wallet,Germany,Berlin,15,0,NORMAL,0
28.47,Pharmacy,Credit Card,USA,New York,15,0,NORMAL,0
4793.0,Electronics,UPI,USA,Chicago,15,0,NORMAL,0
3857.01,Luxury,Credit Card,Iran,Tehran,15,0,FRAUD,1
2147.09,Electronics,UPI,India,Bangalore,15,0,SUSPICIOUS,0
3644.01,Electronics,Credit Card,North Korea,Pyongyang,15,0,FRAUD,1
3950.37,Luxury,Credit Card,Iran,Tehran,15,0,FRAUD,1
3138.16,Electronics,Net Banking,India,Mumbai,15,0,SUSPICIOUS,0
466.43,Retail,UPI,India,Bangalore,15,0,NORMAL,0
273.22,Retail,Credit Card,India,Mumbai,15,0,NORMAL,0
5.17,Food,Net Banking,USA,Chicago,15,0,NORMAL,0
7447.09,Luxury,Net Banking,Singapore,Singapore,15,0,NORMAL,0
54.85,Pharmacy,Wallet,Germany,Berlin,15,0,NORMAL,0
8424.75,Luxury,Credit Card,Iran,Tehran,15,0,FRAUD,1
62.25,Fuel,Net Banking,Singapore,Singapore,15,0,NORMAL,0
119.54,Gaming,Net Banking,Canada,Toronto,15,0,NORMAL,0
4623.14,Electronics,Debit Card,India,Bangalore,15,0,NORMAL,0
45.06,Food,Credit Card,Canada,Toronto,15,0,NORMAL,0
91.52,Gaming,Credit Card,USA,New York,15,0,NORMAL,0
183.22,Pharmacy,Net Banking,UK,London,15,0,NORMAL,0
121.66,Gaming,Credit Card,Germany,Berlin,15,0,NORMAL,0
29.81,Transportation,Wallet,Germany,Berlin,15,0,NORMAL,0
20.68,Food,Net Banking,Singapore,Singapore,15,0,NORMAL,0
34.48,Pharmacy,UPI,UK,London,15,0,NORMAL,0
8.15,Food,Wallet,Germany,Berlin,15,0,NORMAL,0
2243.6,Electronics,Net Banking,USA,Chicago,15,0,NORMAL,0
2985.9,Travel,Wallet,USA,Chicago,15,0,NORMAL,0
224.91,Pharmacy,Credit Card,Germany,Berlin,15,0,NORMAL,0
4155.27,Electronics,Credit Card,Iran,Tehran,15,0,FRAUD,1
194.09,Gaming,Debit Card,Singapore,Singapore,15,0,NORMAL,0
123.43,Gaming,UPI,Canada,Toronto,15,0,NORMAL,0
765.88,Electronics,Wallet,Germany,Berlin,15,0,NORMAL,0
47.4,Transportation,Debit Card,Singapore,Singapore,15,0,NORMAL,0
2578.68,Electronics,Credit Card,USA,New York,15,0,NORMAL,0
5199.53,Electronics,Credit Card,Russia,Moscow,15,0,FRAUD,1
2586.63,Travel,Wallet,UK,London,15,0,SUSPICIOUS,0
428.46,Retail,Credit Card,Canada,Toronto,15,0,NORMAL,0
126.81,Gaming,UPI,Canada,Toronto,15,0,NORMAL,0
79.33,Retail,Wallet,Singapore,Singapore,15,0,NORMAL,0
167.98,Retail,Debit Card,India,Mumbai,15,0,NORMAL,0
2807.58,Luxury,Wallet,Germany,Berlin,15,0,SUSPICIOUS,0
60.94,Food,Credit Card,India,Mumbai,15,0,NORMAL,0
6278.36,Luxury,Credit Card,North Korea,Pyongyang,15,0,FRAUD,1
1080.41,Travel,Net Banking,Singapore,Singapore,15,0,NORMAL,0
35.62,Food,UPI,Germany,Berlin,15,0,NORMAL,0
5271.45,Electronics,Credit Card,Russia,Moscow,15,0,FRAUD,1
289.54,Retail,Credit Card,USA,Chicago,15,0,NORMAL,0
99.55,Fuel,Debit Card,India,Bangalore,15,0,NORMAL,0
2388.16,Electronics,Net Banking,USA,New York,15,0,SUSPICIOUS,0
63.15,Gaming,Debit Card,India,Bangalore,15,0,NORMAL,0
37.88,Food,UPI,Singapore,Singapore,15,0,NORMAL,0
79.28,Food,UPI,USA,Chicago,15,0,NORMAL,0
456.08,Retail,Wallet,Germany,Berlin,15,0,NORMAL,0
2421.65,Travel,Net Banking,India,Mumbai,15,0,NORMAL,0
4162.46,Luxury,Net Banking,India,Bangalore,15,0,NORMAL,0
3970.34,Luxury,Net Banking,India,Bangalore,15,0,SUSPICIOUS,0
790.5,Travel,Wallet,USA,Chicago,15,0,NORMAL,0
1026.46,Electronics,UPI,Germany,Berlin,15,0,NORMAL,0
4417.31,Electronics,Wallet,Germany,Berlin,15,0,NORMAL,0
981.55,Travel,Credit Card,USA,New York,15,0,NORMAL,0
1772.62,Travel,Net Banking,Germany,Berlin,15,0,SUSPICIOUS,0
33.81,Food,Credit Card,Singapore,Singapore,15,0,NORMAL,0
102.48,Fuel,Credit Card,India,Bangalore,15,0,NORMAL,0
4428.23,Travel,Net Banking,Singapore,Singapore,15,0,SUSPICIOUS,0
4572.98,Luxury,Debit Card,Germany,Berlin,15,0,NORMAL,0
65.56,Food,Net Banking,UK,London,15,0,NORMAL,0
2134.88,Travel,UPI,India,Bangalore,15,0,NORMAL,0
8333.15,Electronics,Credit Card,Iran,Tehran,15,0,FRAUD,1
63.84,Transportation,Debit Card,Germany,Berlin,15,0,NORMAL,0
6826.01,Luxury,Credit Card,Iran,Tehran,15,0,FRAUD,1
232.18,Pharmacy,UPI,Germany,Berlin,15,0,NORMAL,0
99.62,Transportation,Net Banking,USA,Chicago,15,0,NORMAL,0
1236.12,Electronics,UPI,India,Bangalore,15,0,NORMAL,0
86.24,Transportation,Wallet,India,Bangalore,15,0,NORMAL,0
8759.55,Electronics,Credit Card,Russia,Moscow,15,0,FRAUD,1
4227.27,Electronics,Credit Card,Russia,Moscow,15,0,FRAUD,1
33.82,Food,Net Banking,Canada,Toronto,15,0,NORMAL,0
104.49,Fuel,Net Banking,USA,Chicago,15,0,NORMAL,0
5743.82,Electronics,Credit Card,Russia,Moscow,15,0,FRAUD,1
78.57,Food,Credit Card,USA,Chicago,15,0,NORMAL,0
2625.07,Travel,Debit Card,UK,London,15,0,NORMAL,0
7119.09,Luxury,Credit Card,North Korea,Pyongyang,15,0,FRAUD,1
29.77,Food,UPI,USA,New York,15,0,NORMAL,0
282.65,Retail,Credit Card,Germany,Berlin,15,0,NORMAL,0
220.16,Pharmacy,UPI,USA,New York,15,0,NORMAL,0
3276.2,Electronics,Wallet,Canada,Toronto,15,0,NORMAL,0
195.71,Pharmacy,Net Banking,USA,Chicago,15,0,NORMAL,0
15.83,Food,Net Banking,India,Bangalore,15,0,NORMAL,0
248.77,Pharmacy,Wallet,India,Bangalore,15,0,NORMAL,0
3964.97,Electronics,UPI,UK,London,15,0,SUSPICIOUS,0
312.6,Retail,Debit Card,USA,New York,15,0,NORMAL,0
21.51,Food,Credit Card,USA,New York,15,0,NORMAL,0
2978.78,Luxury,Credit Card,USA,New York,15,0,NORMAL,0
22.13,Food,Net Banking,Canada,Toronto,15,0,NORMAL,0
729.56,Travel,Net Banking,Singapore,Singapore,15,0,NORMAL,0
635.88,Travel,Net Banking,India,Mumbai,15,0,NORMAL,0
4536.3,Electronics,Credit Card,USA,Chicago,15,0,NORMAL,0
87.17,Transportation,Wallet,Singapore,Singapore,15,0,NORMAL,0
189.85,Pharmacy,Credit Card,Germany,Berlin,15,0,NORMAL,0
2859.31,Electronics,UPI,USA,New York,15,0,SUSPICIOUS,0
131.57,Retail,Debit Card,USA,Chicago,15,0,NORMAL,0
2013.52,Travel,UPI,Canada,Toronto,15,0,SUSPICIOUS,0
6224.42,Electronics,Credit Card,Iran,Tehran,15,0,FRAUD,1
2120.41,Electronics,Debit Card,Germany,Berlin,15,0,NORMAL,0
42.32,Fuel,Credit Card,USA,New York,15,0,NORMAL,0
26.7,Gaming,Credit Card,UK,London,15,0,NORMAL,0
948.05,Electronics,Net Banking,USA,New York,15,0,NORMAL,0
7502.76,Luxury,Net Banking,Canada,Toronto,15,0,NORMAL,0
7324.94,Luxury,Credit Card,UK,London,15,0,NORMAL,0
244.97,Pharmacy,Credit Card,USA,New York,15,0,NORMAL,0
39.86,Food,Net Banking,USA,Chicago,15,0,NORMAL,0
981.14,Travel,Credit Card,USA,New York,15,0,NORMAL,0
19.94,Pharmacy,Credit Card,USA,Chicago,15,0,NORMAL,0
692.04,Electronics,Net Banking,USA,New York,15,0,NORMAL,0
1838.21,Travel,UPI,UK,London,15,0,NORMAL,0
4721.32,Luxury,Credit Card,North Korea,Pyongyang,15,0,FRAUD,1
44.95,Gaming,Wallet,USA,Chicago,15,0,NORMAL,0
127.75,Pharmacy,Credit Card,USA,Chicago,15,0,NORMAL,0
3812.57,Electronics,Net Banking,USA,Chicago,15,0,NORMAL,0
3655.65,Electronics,UPI,USA,New York,15,0,NORMAL,0
165.57,Pharmacy,Credit Card,India,Bangalore,15,0,NORMAL,0
105.21,Fuel,Wallet,India,Bangalore,15,0,NORMAL,0
44.16,Transportation,Net Banking,USA,Chicago,15,0,NORMAL,0
140.22,Fuel,UPI,UK,London,15,0,NORMAL,0
29.49,Food,UPI,USA,New York,15,0,NORMAL,0
93.84,Transportation,Net Banking,UK,London,15,0,NORMAL,0
9.97,Food,Net Banking,UK,London,15,0,NORMAL,0
2843.26,Electronics,Net Banking,Canada,Toronto,15,0,NORMAL,0
53.95,Fuel,UPI,India,Mumbai,15,0,NORMAL,0
5320.76,Luxury,Credit Card,Iran,Tehran,15,0,FRAUD,1
177.83,Gaming,Wallet,USA,New York,15,0,NORMAL,0
240.68,Retail,UPI,Canada,Toronto,15,0,NORMAL,0
8588.62,Luxury,Credit Card,Russia,Moscow,15,0,FRAUD,1
328.77,Electronics,Credit Card,Singapore,Singapore,15,0,NORMAL,0
107.82,Pharmacy,Net Banking,India,Bangalore,15,0,NORMAL,0
4643.02,Electronics,Credit Card,Iran,Tehran,15,0,FRAUD,1
3743.19,Electronics,Wallet,Germany,Berlin,15,0,NORMAL,0
1605.72,Travel,UPI,India,Mumbai,15,0,NORMAL,0
4160.08,Electronics,Net Banking,Canada,Toronto,15,0,NORMAL,0
20.67,Food,Net Banking,UK,London,15,0,NORMAL,0
284.71,Travel,UPI,Singapore,Singapore,15,0,NORMAL,0
34.92,Food,Debit Card,Singapore,Singapore,15,0,NORMAL,0
13.9,Food,UPI,USA,Chicago,15,0,NORMAL,0
402.42,Retail,UPI,India,Mumbai,15,0,NORMAL,0
29.6,Fuel,Debit Card,UK,London,15,0,NORMAL,0
125.35,Pharmacy,UPI,USA,Chicago,15,0,NORMAL,0
47.05,Transportation,Net Banking,USA,New York,15,0,NORMAL,0
5349.94,Luxury,UPI,India,Bangalore,15,0,NORMAL,0
100.09,Fuel,UPI,USA,New York,15,0,NORMAL,0
4127.18,Electronics,Credit Card,Germany,Berlin,15,0,SUSPICIOUS,0
176.03,Pharmacy,Wallet,Germany,Berlin,15,0,NORMAL,0
413.55,Electronics,UPI,India,Bangalore,15,0,NORMAL,0
289.97,Retail,UPI,Germany,Berlin,15,0,NORMAL,0
4520.3,Electronics,Credit Card,USA,Chicago,15,0,NORMAL,0
645.48,Travel,Credit Card,Canada,Toronto,15,0,NORMAL,0
170.04,Pharmacy,Wallet,India,Bangalore,15,0,NORMAL,0
202.42,Pharmacy,Credit Card,USA,Chicago,15,0,NORMAL,0
3051.43,Electronics,UPI,Canada,Toronto,15,0,SUSPICIOUS,0
8158.08,Electronics,Credit Card,Iran,Tehran,15,0,FRAUD,1
654.78,Travel,Net Banking,India,Bangalore,15,0,NORMAL,0
388.09,Retail,Debit Card,Singapore,Singapore,15,0,NORMAL,0
6198.07,Luxury,Credit Card,Russia,Moscow,15,0,FRAUD,1
1242.55,Travel,Credit Card,India,Bangalore,15,0,NORMAL,0
27.16,Food,Wallet,Singapore,Singapore,15,0,NORMAL,0
3374.27,Electronics,UPI,USA,New York,15,0,SUSPICIOUS,0
2179.03,Travel,Credit Card,UK,London,15,0,NORMAL,0
1429.34,Travel,UPI,Singapore,Singapore,15,0,NORMAL,0
4765.45,Luxury,Credit Card,North Korea,Pyongyang,15,0,FRAUD,1
63.71,Transportation,UPI,USA,Chicago,15,0,NORMAL,0
956.45,Electronics,Net Banking,Canada,Toronto,15,0,NORMAL,0
34.67,Transportation,Net Banking,India,Bangalore,15,0,NORMAL,0
25.05,Transportation,Net Banking,Singapore,Singapore,15,0,NORMAL,0
21.45,Food,Net Banking,India,Bangalore,15,0,NORMAL,0
38.56,Food,Credit Card,Canada,Toronto,15,0,NORMAL,0
2705.03,Electronics,Net Banking,Germany,Berlin,15,0,NORMAL,0
1598.02,Luxury,Credit Card,Singapore,Singapore,15,0,SUSPICIOUS,0
362.79,Electronics,Net Banking,USA,Chicago,15,0,NORMAL,0
2308.71,Electronics,Wallet,India,Mumbai,15,0,SUSPICIOUS,0
95.35,Transportation,Net Banking,UK,London,15,0,NORMAL,0
8100.35,Luxury,Credit Card,North Korea,Pyongyang,15,0,FRAUD,1
8612.75,Electronics,Credit Card,North Korea,Pyongyang,15,0,FRAUD,1
173.11,Gaming,UPI,Singapore,Singapore,15,0,NORMAL,0
12.13,Transportation,Wallet,Germany,Berlin,15,0,NORMAL,0
4683.06,Electronics,Credit Card,North Korea,Pyongyang,15,0,FRAUD,1
5750.37,Electronics,Credit Card,Russia,Moscow,15,0,FRAUD,1
87.63,Gaming,Debit Card,Canada,Toronto,15,0,NORMAL,0
97.45,Transportation,Debit Card,USA,New York,15,0,NORMAL,0
7828.56,Luxury,Wallet,Singapore,Singapore,15,0,NORMAL,0
244.44,Retail,Wallet,India,Bangalore,15,0,NORMAL,0
2901.15,Electronics,Credit Card,USA,Chicago,15,0,SUSPICIOUS,0
1891.83,Travel,Net Banking,UK,London,15,0,NORMAL,0
144.6,Retail,Credit Card,USA,New York,15,0,NORMAL,0
4100.14,Travel,Debit Card,UK,London,15,0,SUSPICIOUS,0
7443.5,Luxury,Credit Card,Iran,Tehran,15,0,FRAUD,1
10.66,Food,Wallet,India,Mumbai,15,0,NORMAL,0
6488.99,Electronics,Credit Card,Russia,Moscow,15,0,FRAUD,1
6356.87,Luxury,Credit Card,Iran,Tehran,15,0,FRAUD,1
2936.69,Electronics,Net Banking,Germany,Berlin,15,0,SUSPICIOUS,0
103.85,Retail,Debit Card,India,Mumbai,15,0,NORMAL,0
182.23,Retail,UPI,India,Mumbai,15,0,NORMAL,0
49.33,Transportation,Wallet,Canada,Toronto,15,0,NORMAL,0
1051.49,Electronics,Wallet,Germany,Berlin,15,0,NORMAL,0
8665.83,Luxury,Credit Card,Iran,Tehran,15,0,FRAUD,1
44.67,Fuel,UPI,India,Bangalore,15,0,NORMAL,0
4093.5,Electronics,Debit Card,Canada,Toronto,15,0,SUSPICIOUS,0
245.9,Retail,Debit Card,Singapore,Singapore,15,0,NORMAL,0
112.31,Gaming,UPI,UK,London,15,0,NORMAL,0
16.54,Pharmacy,Debit Card,India,Mumbai,15,0,NORMAL,0
196.74,Gaming,Wallet,USA,Chicago,15,0,NORMAL,0
58.14,Transportation,Credit Card,India,Mumbai,15,0,NORMAL,0
3272.17,Electronics,Wallet,USA,New York,15,0,NORMAL,0
54.13,Transportation,Credit Card,Singapore,Singapore,15,0,NORMAL,0
150.8,Retail,Net Banking,India,Mumbai,15,0,NORMAL,0
7349.99,Electronics,Credit Card,Iran,Tehran,15,0,FRAUD,1
112.42,Transportation,Net Banking,UK,London,15,0,NORMAL,0
1794.68,Electronics,Net Banking,Canada,Toronto,15,0,NORMAL,0
486.01,Retail,Debit Card,USA,New York,15,0,NORMAL,0
5979.5,Luxury,Credit Card,North Korea,Pyongyang,15,0,FRAUD,1
2628.42,Travel,Debit Card,India,Bangalore,15,0,NORMAL,0
108.51,Pharmacy,Net Banking,USA,New York,15,0,NORMAL,0
1629.9,Luxury,Debit Card,India,Mumbai,15,0,NORMAL,0
477.59,Electronics,UPI,USA,Chicago,15,0,NORMAL,0
128.46,Retail,Debit Card,USA,New York,15,0,NORMAL,0
6121.43,Luxury,Wallet,USA,Chicago,15,0,NORMAL,0
169.17,Gaming,UPI,Singapore,Singapore,15,0,NORMAL,0
2850.81,Luxury,Credit Card,USA,New York,15,0,SUSPICIOUS,0
36.5,Fuel,UPI,USA,New York,15,0,NORMAL,0
3933.55,Electronics,Debit Card,Singapore,Singapore,15,0,NORMAL,0
1542.79,Electronics,UPI,USA,Chicago,15,0,NORMAL,0
638.08,Travel,Net Banking,Germany,Berlin,15,0,NORMAL,0
63.86,Transportation,Debit Card,USA,Chicago,15,0,NORMAL,0
5109.77,Electronics,Credit Card,Russia,Moscow,15,0,FRAUD,1
16.54,Food,Wallet,USA,New York,15,0,NORMAL,0
6819.78,Electronics,Credit Card,North Korea,Pyongyang,15,0,FRAUD,1
220.04,Retail,UPI,India,Bangalore,15,0,NORMAL,0
189.24,Gaming,Net Banking,Germany,Berlin,15,0,NORMAL,0
4005.99,Electronics,Wallet,USA,New York,15,0,NORMAL,0
3742.73,Electronics,Credit Card,UK,London,15,0,SUSPICIOUS,0
67.81,Food,Credit Card,India,Mumbai,15,0,NORMAL,0
305.34,Retail,UPI,India,Bangalore,15,0,NORMAL,0
368.19,Retail,Wallet,Canada,Toronto,15,0,NORMAL,0
328.2,Retail,Net Banking,Germany,Berlin,15,0,NORMAL,0
249.09,Pharmacy,Credit Card,Singapore,Singapore,15,0,NORMAL,0
240.59,Retail,UPI,India,Bangalore,15,0,NORMAL,0
541.22,Travel,UPI,Canada,Toronto,15,0,NORMAL,0
170.1,Pharmacy,UPI,USA,New York,15,0,NORMAL,0
4915.96,Electronics,Credit Card,Russia,Moscow,15,0,FRAUD,1
228.2,Retail,UPI,Germany,Berlin,15,0,NORMAL,0
35.62,Food,UPI,Canada,Toronto,15,0,NORMAL,0
55.0,Fuel,Credit Card,Germany,Berlin,15,0,NORMAL,0
57.51,Retail,Net Banking,India,Bangalore,15,0,NORMAL,0
46.34,Food,Credit Card,USA,Chicago,15,0,NORMAL,0
683.19,Travel,Net Banking,Singapore,Singapore,15,0,NORMAL,0
125.9,Fuel,Net Banking,UK,London,15,0,NORMAL,0
55.47,Food,Credit Card,UK,London,15,0,NORMAL,0
473.23,Retail,Debit Card,India,Mumbai,15,0,NORMAL,0
365.12,Travel,UPI,USA,New York,15,0,NORMAL,0
697.1,Travel,Wallet,Germany,Berlin,15,0,NORMAL,0
3703.36,Electronics,Credit Card,USA,Chicago,15,0,NORMAL,0
1905.74,Travel,Credit Card,USA,New York,15,0,NORMAL,0
157.01,Retail,Wallet,UK,London,15,0,NORMAL,0
294.87,Retail,Credit Card,USA,Chicago,15,0,NORMAL,0
3325.28,Electronics,Net Banking,India,Mumbai,15,0,SUSPICIOUS,0
2458.96,Travel,UPI,USA,Chicago,15,0,NORMAL,0
3672.1,Luxury,Credit Card,Russia,Moscow,15,0,FRAUD,1
21.58,Pharmacy,Debit Card,USA,New York,15,0,NORMAL,0
159.85,Gaming,Wallet,Singapore,Singapore,15,0,NORMAL,0
1547.05,Travel,UPI,Singapore,Singapore,15,0,NORMAL,0
4082.55,Electronics,UPI,India,Mumbai,15,0,SUSPICIOUS,0
1296.38,Luxury,Wallet,Canada,Toronto,15,0,NORMAL,0
73.42,Retail,UPI,Singapore,Singapore,15,0,NORMAL,0
8.68,Food,Debit Card,Singapore,Singapore,15,0,NORMAL,0
7151.99,Luxury,Credit Card,UK,London,15,0,NORMAL,0
66.71,Fuel,Credit Card,USA,Chicago,15,0,NORMAL,0
132.81,Gaming,UPI,USA,New York,15,0,NORMAL,0
774.65,Travel,Credit Card,India,Bangalore,15,0,NORMAL,0
5563.34,Luxury,Credit Card,North Korea,Pyongyang,15,0,FRAUD,1
853.9,Travel,Credit Card,USA,Chicago,15,0,NORMAL,0
62.34,Food,Debit Card,India,Mumbai,15,0,NORMAL,0
78.15,Transportation,Credit Card,Singapore,Singapore,15,0,NORMAL,0
85.95,Fuel,Net Banking,Germany,Berlin,15,0,NORMAL,0
1337.85,Luxury,UPI,Germany,Berlin,15,0,NORMAL,0
227.42,Pharmacy,Credit Card,Canada,Toronto,15,0,NORMAL,0
413.69,Electronics,Net Banking,India,Bangalore,15,0,NORMAL,0
169.1,Pharmacy,Debit Card,USA,New York,15,0,NORMAL,0
113.36,Retail,Wallet,Canada,Toronto,15,0,NORMAL,0
44.42,Food,Credit Card,Canada,Toronto,15,0,NORMAL,0
450.7,Travel,UPI,India,Bangalore,15,0,NORMAL,0
77.08,Retail,UPI,India,Bangalore,15,0,NORMAL,0
3882.56,Electronics,UPI,India,Bangalore,15,0,SUSPICIOUS,0
1023.48,Travel,Debit Card,UK,London,15,0,NORMAL,0
151.67,Retail,Debit Card,USA,New York,15,0,NORMAL,0
1547.57,Luxury,UPI,USA,New York,15,0,NORMAL,0
4258.18,Electronics,Net Banking,USA,New York,15,0,NORMAL,0
3994.21,Electronics,Debit Card,India,Bangalore,15,0,SUSPICIOUS,0
31.95,Transportation,Net Banking,Germany,Berlin,15,0,NORMAL,0
94.4,Fuel,Wallet,India,Bangalore,15,0,NORMAL,0
497.9,Retail,Debit Card,Germany,Berlin,15,0,NORMAL,0
7065.79,Luxury,Credit Card,Russia,Moscow,15,0,FRAUD,1
72.14,Fuel,Net Banking,Germany,Berlin,15,0,NORMAL,0
2831.38,Travel,Net Banking,Singapore,Singapore,15,0,NORMAL,0
4336.49,Electronics,Credit Card,Russia,Moscow,15,0,FRAUD,1
52.21,Food,Net Banking,USA,New York,15,0,NORMAL,0
104.97,Fuel,Debit Card,USA,Chicago,15,0,NORMAL,0
4468.32,Luxury,Credit Card,North Korea,Pyongyang,15,0,FRAUD,1
63.0,Transportation,UPI,India,Bangalore,15,0,NORMAL,0
393.79,Retail,Net Banking,Singapore,Singapore,15,0,NORMAL,0
77.23,Fuel,Debit Card,Canada,Toronto,15,0,NORMAL,0
3061.36,Travel,Wallet,USA,New York,15,0,SUSPICIOUS,0
8938.59,Luxury,Credit Card,Iran,Tehran,15,0,FRAUD,1
4329.85,Luxury,Wallet,Singapore,Singapore,15,0,NORMAL,0
60.31,Fuel,Net Banking,India,Bangalore,15,0,NORMAL,0
6415.38,Electronics,Credit Card,Iran,Tehran,15,0,FRAUD,1
6.73,Food,Wallet,India,Mumbai,15,0,NORMAL,0
48.44,Food,Net Banking,USA,Chicago,15,0,NORMAL,0
90.44,Gaming,UPI,Singapore,Singapore,15,0,NORMAL,0
27.17,Food,Wallet,USA,New York,15,0,NORMAL,0
41.11,Fuel,Debit Card,India,Mumbai,15,0,NORMAL,0
127.89,Gaming,Debit Card,Singapore,Singapore,15,0,NORMAL,0
7903.14,Luxury,Credit Card,North Korea,Pyongyang,15,0,FRAUD,1
367.09,Retail,Debit Card,India,Mumbai,15,0,NORMAL,0
3974.12,Electronics,Credit Card,Russia,Moscow,15,0,FRAUD,1
3849.76,Travel,Credit Card,UK,London,15,0,SUSPICIOUS,0
3177.24,Luxury,Credit Card,India,Mumbai,15,0,SUSPICIOUS,0
4019.31,Electronics,Net Banking,India,Bangalore,15,0,NORMAL,0
1805.21,Travel,Wallet,Canada,Toronto,15,0,NORMAL,0
7986.4,Luxury,Credit Card,Russia,Moscow,15,0,FRAUD,1
33.46,Fuel,Credit Card,Canada,Toronto,15,0,NORMAL,0
1707.18,Travel,Net Banking,Singapore,Singapore,15,0,NORMAL,0
89.39,Fuel,Wallet,Canada,Toronto,15,0,NORMAL,0
112.2,Fuel,Wallet,USA,New York,15,0,NORMAL,0
4128.23,Electronics,Credit Card,North Korea,Pyongyang,15,0,FRAUD,1
2666.33,Electronics,UPI,USA,Chicago,15,0,SUSPICIOUS,0
7525.97,Luxury,Credit Card,North Korea,Pyongyang,15,0,FRAUD,1
5728.9,Luxury,Net Banking,India,Mumbai,15,0,NORMAL,0
450.65,Travel,Debit Card,Germany,Berlin,15,0,NORMAL,0
2046.45,Luxury,Net Banking,Canada,Toronto,15,0,NORMAL,0
263.54,Retail,Credit Card,USA,Chicago,15,0,NORMAL,0
62.94,Pharmacy,Wallet,UK,London,15,0,NORMAL,0
173.54,Gaming,Wallet,India,Mumbai,15,0,NORMAL,0
79.6,Food,Net Banking,India,Mumbai,15,0,NORMAL,0
64.47,Retail,Debit Card,UK,London,15,0,NORMAL,0
2116.42,Luxury,Credit Card,USA,New York,15,0,NORMAL,0
4042.33,Luxury,Credit Card,Iran,Tehran,15,0,FRAUD,1
3708.57,Travel,Wallet,Canada,Toronto,15,0,SUSPICIOUS,0
48.95,Food,UPI,Germany,Berlin,15,0,NORMAL,0
31.34,Gaming,UPI,USA,New York,15,0,NORMAL,0
72.34,Food,Debit Card,India,Bangalore,15,0,NORMAL,0
1553.88,Luxury,Wallet,Germany,Berlin,15,0,SUSPICIOUS,0
27.08,Food,Debit Card,India,Bangalore,15,0,NORMAL,0
25.59,Food,Net Banking,USA,New York,15,0,NORMAL,0
117.36,Transportation,UPI,UK,London,15,0,NORMAL,0
8271.81,Luxury,Credit Card,North Korea,Pyongyang,15,0,FRAUD,1
1559.22,Travel,Wallet,Canada,Toronto,15,0,NORMAL,0
3434.9,Electronics,Debit Card,India,Bangalore,15,0,SUSPICIOUS,0
232.07,Travel,Wallet,UK,London,15,0,NORMAL,0
1157.89,Travel,Wallet,Singapore,Singapore,15,0,NORMAL,0
108.3,Gaming,UPI,USA,New York,15,0,NORMAL,0
2958.85,Electronics,Credit Card,USA,New York,15,0,SUSPICIOUS,0
6682.48,Electronics,Credit Card,North Korea,Pyongyang,15,0,FRAUD,1
134.69,Retail,UPI,India,Bangalore,15,0,NORMAL,0
5073.44,Electronics,Credit Card,Russia,Moscow,15,0,FRAUD,1
320.33,Electronics,UPI,Germany,Berlin,15,0,NORMAL,0
2836.77,Travel,Wallet,Canada,Toronto,15,0,SUSPICIOUS,0
111.05,Transportation,Debit Card,UK,London,15,0,NORMAL,0
1298.01,Electronics,Debit Card,India,Bangalore,15,0,NORMAL,0
2421.95,Electronics,Net Banking,India,Bangalore,15,0,SUSPICIOUS,0
4849.63,Electronics,Wallet,Singapore,Singapore,15,0,NORMAL,0
21.34,Food,Wallet,USA,New York,15,0,NORMAL,0
11.13,Pharmacy,UPI,Singapore,Singapore,15,0,NORMAL,0
3281.89,Electronics,Debit Card,USA,New York,15,0,SUSPICIOUS,0
65.3,Fuel,Credit Card,Germany,Berlin,15,0,NORMAL,0
1588.59,Travel,Net Banking,India,Bangalore,15,0,SUSPICIOUS,0
120.41,Fuel,Net Banking,India,Bangalore,15,0,NORMAL,0
1939.68,Electronics,Credit Card,UK,London,15,0,SUSPICIOUS,0
3373.37,Electronics,Net Banking,Canada,Toronto,15,0,SUSPICIOUS,0
96.17,Fuel,Debit Card,UK,London,15,0,NORMAL,0
153.05,Retail,Credit Card,USA,New York,15,0,NORMAL,0
2290.7,Travel,Credit Card,USA,Chicago,15,0,NORMAL,0
1803.19,Electronics,Wallet,Singapore,Singapore,15,0,SUSPICIOUS,0
84.04,Fuel,Credit Card,UK,London,15,0,NORMAL,0
1930.38,Travel,Credit Card,Singapore,Singapore,15,0,SUSPICIOUS,0
243.41,Travel,UPI,Germany,Berlin,15,0,NORMAL,0
10.36,Food,Wallet,Singapore,Singapore,15,0,NORMAL,0
3985.21,Electronics,Credit Card,USA,Chicago,15,0,NORMAL,0
176.46,Retail,Wallet,Canada,Toronto,15,0,NORMAL,0
60.35,Food,Wallet,UK,London,15,0,NORMAL,0
108.76,Fuel,Wallet,India,Bangalore,15,0,NORMAL,0
86.85,Fuel,Debit Card,UK,London,15,0,NORMAL,0
49.02,Gaming,Net Banking,Canada,Toronto,15,0,NORMAL,0
34.39,Food,Wallet,Singapore,Singapore,15,0,NORMAL,0
2449.84,Electronics,UPI,Canada,Toronto,15,0,SUSPICIOUS,0
3214.5,Electronics,Net Banking,UK,London,15,0,NORMAL,0
3715.39,Luxury,Credit Card,Iran,Tehran,15,0,FRAUD,1
66.92,Food,Debit Card,Singapore,Singapore,15,0,NORMAL,0
4054.28,Luxury,Credit Card,Iran,Tehran,15,0,FRAUD,1
45.19,Fuel,Wallet,Singapore,Singapore,15,0,NORMAL,0
6329.53,Luxury,Credit Card,Iran,Tehran,15,0,FRAUD,1
42.54,Food,UPI,Germany,Berlin,15,0,NORMAL,0
5330.75,Luxury,Credit Card,Iran,Tehran,15,0,FRAUD,1
49.93,Fuel,Net Banking,USA,New York,15,0,NORMAL,0
3538.6,Electronics,Debit Card,Canada,Toronto,15,0,NORMAL,0
4951.97,Electronics,Wallet,India,Mumbai,15,0,NORMAL,0
54.14,Gaming,Net Banking,Germany,Berlin,15,0,NORMAL,0
24.03,Retail,Net Banking,Germany,Berlin,15,0,NORMAL,0
68.98,Gaming,Net Banking,UK,London,15,0,NORMAL,0
69.57,Food,UPI,Canada,Toronto,15,0,NORMAL,0
172.02,Gaming,Wallet,Germany,Berlin,15,0,NORMAL,0
40.31,Fuel,Credit Card,Canada,Toronto,15,0,NORMAL,0
88.38,Pharmacy,Debit Card,Germany,Berlin,15,0,NORMAL,0
4821.69,Luxury,Debit Card,UK,London,15,0,NORMAL,0
911.0,Travel,Wallet,USA,Chicago,15,0,NORMAL,0
4484.8,Electronics,Wallet,India,Bangalore,15,0,SUSPICIOUS,0
1742.5,Electronics,Debit Card,India,Mumbai,15,0,NORMAL,0
48.85,Transportation,UPI,Singapore,Singapore,15,0,NORMAL,0
213.82,Pharmacy,UPI,India,Bangalore,15,0,NORMAL,0
2327.1,Electronics,Wallet,India,Mumbai,15,0,SUSPICIOUS,0
63.07,Pharmacy,Net Banking,USA,New York,15,0,NORMAL,0
43.13,Fuel,Credit Card,USA,New York,15,0,NORMAL,0
55.47,Food,UPI,USA,New York,15,0,NORMAL,0
1836.95,Luxury,UPI,USA,New York,15,0,NORMAL,0
88.47,Transportation,UPI,USA,New York,15,0,NORMAL,0
4813.27,Electronics,Net Banking,Germany,Berlin,15,0,NORMAL,0
51.68,Transportation,Net Banking,UK,London,15,0,NORMAL,0
6985.89,Luxury,Credit Card,Iran,Tehran,15,0,FRAUD,1
160.98,Pharmacy,Net Banking,USA,Chicago,15,0,NORMAL,0
73.53,Transportation,UPI,UK,London,15,0,NORMAL,0
2247.56,Electronics,Wallet,USA,Chicago,15,0,NORMAL,0
4246.53,Electronics,Debit Card,UK,London,15,0,NORMAL,0
3830.78,Electronics,Debit Card,UK,London,15,0,SUSPICIOUS,0
2038.38,Travel,Wallet,Singapore,Singapore,15,0,NORMAL,0
2243.8,Travel,Wallet,USA,New York,15,0,NORMAL,0
2110.75,Travel,UPI,Germany,Berlin,15,0,NORMAL,0
16.74,Food,Net Banking,Canada,Toronto,15,0,NORMAL,0
30.9,Food,Debit Card,India,Mumbai,15,0,NORMAL,0
61.06,Fuel,Debit Card,UK,London,15,0,NORMAL,0
4733.71,Electronics,Credit Card,North Korea,Pyongyang,15,0,FRAUD,1
4952.56,Electronics,Debit Card,Singapore,Singapore,15,0,NORMAL,0
322.0,Retail,Net Banking,India,Bangalore,15,0,NORMAL,0
5729.07,Electronics,Credit Card,Russia,Moscow,15,0,FRAUD,1
189.9,Gaming,Wallet,Canada,Toronto,15,0,NORMAL,0
33.44,Transportation,Net Banking,India,Mumbai,15,0,NORMAL,0
55.12,Food,UPI,Germany,Berlin,15,0,NORMAL,0
1603.04,Travel,Wallet,India,Bangalore,15,0,NORMAL,0
5905.48,Luxury,Credit Card,Russia,Moscow,15,0,FRAUD,1
3278.07,Electronics,Net Banking,Singapore,Singapore,15,0,NORMAL,0
225.58,Retail,Credit Card,India,Bangalore,15,0,NORMAL,0
29.55,Food,Credit Card,USA,New York,15,0,NORMAL,0
5634.24,Luxury,Credit Card,North Korea,Pyongyang,15,0,FRAUD,1
7659.35,Luxury,Debit Card,Canada,Toronto,15,0,NORMAL,0
13.9,Food,Wallet,USA,New York,15,0,NORMAL,0
2001.37,Travel,Debit Card,India,Bangalore,15,0,SUSPICIOUS,0
224.03,Pharmacy,Net Banking,Germany,Berlin,15,0,NORMAL,0
188.13,Gaming,Wallet,UK,London,15,0,NORMAL,0
48.43,Transportation,Debit Card,Canada,Toronto,15,0,NORMAL,0
1290.89,Travel,Net Banking,Germany,Berlin,15,0,NORMAL,0
40.98,Retail,Net Banking,UK,London,15,0,NORMAL,0
3611.45,Travel,Wallet,India,Mumbai,15,0,SUSPICIOUS,0
4256.49,Luxury,Debit Card,Germany,Berlin,15,0,SUSPICIOUS,0
4375.09,Luxury,Credit Card,Russia,Moscow,15,0,FRAUD,1
1501.69,Travel,Net Banking,UK,London,15,0,NORMAL,0
18.34,Food,Net Banking,UK,London,15,0,NORMAL,0
4641.54,Luxury,UPI,Germany,Berlin,15,0,NORMAL,0
37.33,Food,Net Banking,USA,Chicago,15,0,NORMAL,0
58.42,Retail,Debit Card,USA,Chicago,15,0,NORMAL,0
6760.14,Luxury,Credit Card,Iran,Tehran,15,0,FRAUD,1
89.49,Fuel,Net Banking,USA,Chicago,15,0,NORMAL,0
222.77,Retail,UPI,India,Mumbai,15,0,NORMAL,0
51.55,Food,Net Banking,Canada,Toronto,15,0,NORMAL,0
7192.15,Luxury,Credit Card,Iran,Tehran,15,0,FRAUD,1
64.9,Transportation,Debit Card,India,Mumbai,15,0,NORMAL,0
6797.23,Electronics,Credit Card,North Korea,Pyongyang,15,0,FRAUD,1
71.11,Food,Wallet,Singapore,Singapore,15,0,NORMAL,0
51.2,Food,Credit Card,UK,London,15,0,NORMAL,0
64.33,Fuel,Net Banking,Germany,Berlin,15,0,NORMAL,0
8.26,Food,Net Banking,Germany,Berlin,15,0,NORMAL,0
152.36,Retail,UPI,UK,London,15,0,NORMAL,0
66.47,Food,Credit Card,India,Bangalore,15,0,NORMAL,0
4251.1,Electronics,Credit Card,Singapore,Singapore,15,0,SUSPICIOUS,0
115.46,Pharmacy,Wallet,India,Bangalore,15,0,NORMAL,0
234.11,Retail,Wallet,USA,New York,15,0,NORMAL,0
2629.65,Travel,Net Banking,India,Bangalore,15,0,NORMAL,0
4704.58,Electronics,Debit Card,USA,New York,15,0,NORMAL,0
1474.39,Travel,Wallet,India,Bangalore,15,0,NORMAL,0
44.82,Transportation,UPI,Canada,Toronto,15,0,NORMAL,0
44.48,Transportation,Credit Card,UK,London,15,0,NORMAL,0
403.21,Retail,Credit Card,Germany,Berlin,15,0,NORMAL,0
1311.22,Travel,Wallet,Singapore,Singapore,15,0,NORMAL,0
479.73,Retail,UPI,USA,Chicago,15,0,NORMAL,0
46.58,Gaming,UPI,Germany,Berlin,15,0,NORMAL,0
195.34,Gaming,Net Banking,Germany,Berlin,15,0,NORMAL,0
5036.22,Luxury,Wallet,USA,New York,15,0,NORMAL,0
2127.95,Electronics,Net Banking,USA,New York,15,0,NORMAL,0
495.94,Travel,Net Banking,India,Mumbai,15,0,NORMAL,0
58.01,Pharmacy,Debit Card,India,Mumbai,15,0,NORMAL,0
2412.35,Electronics,UPI,India,Bangalore,15,0,NORMAL,0
3993.16,Electronics,UPI,India,Bangalore,15,0,NORMAL,0
7275.73,Luxury,UPI,USA,Chicago,15,0,NORMAL,0
18.73,Transportation,UPI,UK,London,15,0,NORMAL,0
2277.34,Travel,Debit Card,USA,Chicago,15,0,NORMAL,0
66.44,Food,Wallet,USA,Chicago,15,0,NORMAL,0
221.42,Pharmacy,Wallet,USA,Chicago,15,0,NORMAL,0
4018.79,Electronics,Credit Card,USA,Chicago,15,0,NORMAL,0
289.79,Retail,UPI,UK,London,15,0,NORMAL,0
896.31,Electronics,Debit Card,Canada,Toronto,15,0,NORMAL,0
3285.63,Electronics,Debit Card,India,Mumbai,15,0,NORMAL,0
48.13,Fuel,Wallet,USA,New York,15,0,NORMAL,0
5.64,Food,Credit Card,India,Bangalore,15,0,NORMAL,0
3797.19,Electronics,UPI,Germany,Berlin,15,0,SUSPICIOUS,0
119.03,Pharmacy,Wallet,UK,London,15,0,NORMAL,0
38.45,Food,Debit Card,UK,London,15,0,NORMAL,0
6145.32,Luxury,Net Banking,India,Mumbai,15,0,NORMAL,0
70.98,Transportation,Net Banking,Singapore,Singapore,15,0,NORMAL,0
1341.32,Travel,Net Banking,UK,London,15,0,NORMAL,0
4302.29,Electronics,Credit Card,Singapore,Singapore,15,0,SUSPICIOUS,0
24.81,Fuel,Wallet,Germany,Berlin,15,0,NORMAL,0
2653.07,Electronics,UPI,India,Mumbai,15,0,NORMAL,0
351.69,Travel,Wallet,Germany,Berlin,15,0,NORMAL,0
124.44,Fuel,Wallet,India,Mumbai,15,0,NORMAL,0
47.09,Food,Wallet,USA,New York,15,0,NORMAL,0
55.06,Food,Net Banking,USA,New York,15,0,NORMAL,0
122.03,Gaming,Wallet,Singapore,Singapore,15,0,NORMAL,0
4911.91,Luxury,Credit Card,UK,London,15,0,NORMAL,0
42.05,Transportation,Net Banking,UK,London,15,0,NORMAL,0
77.72,Food,Wallet,USA,New York,15,0,NORMAL,0
182.75,Gaming,Wallet,Singapore,Singapore,15,0,NORMAL,0
148.99,Fuel,Debit Card,Singapore,Singapore,15,0,NORMAL,0
52.8,Gaming,Wallet,India,Bangalore,15,0,NORMAL,0
5034.92,Electronics,Credit Card,Russia,Moscow,15,0,FRAUD,1
7543.99,Luxury,Credit Card,Russia,Moscow,15,0,FRAUD,1
164.25,Pharmacy,UPI,Germany,Berlin,15,0,NORMAL,0
40.57,Gaming,Wallet,India,Bangalore,15,0,NORMAL,0
1371.42,Travel,Wallet,Singapore,Singapore,15,0,NORMAL,0
320.41,Retail,Credit Card,USA,Chicago,15,0,NORMAL,0
125.25,Fuel,Net Banking,Singapore,Singapore,15,0,NORMAL,0
435.88,Electronics,Net Banking,Canada,Toronto,15,0,NORMAL,0
2914.71,Travel,Credit Card,India,Mumbai,15,0,NORMAL,0
8661.81,Luxury,Credit Card,Russia,Moscow,15,0,FRAUD,1
8739.85,Electronics,Credit Card,North Korea,Pyongyang,15,0,FRAUD,1
1805.57,Travel,Net Banking,USA,New York,15,0,NORMAL,0
260.42,Retail,Credit Card,Canada,Toronto,15,0,NORMAL,0
4235.77,Travel,Net Banking,UK,London,15,0,SUSPICIOUS,0
5678.88,Luxury,UPI,USA,New York,15,0,NORMAL,0
1463.55,Electronics,Credit Card,India,Mumbai,15,0,NORMAL,0
1759.16,Travel,UPI,Canada,Toronto,15,0,SUSPICIOUS,0
4906.04,Electronics,Credit Card,USA,Chicago,15,0,NORMAL,0
2783.29,Travel,Debit Card,Canada,Toronto,15,0,NORMAL,0
4072.92,Electronics,UPI,Germany,Berlin,15,0,SUSPICIOUS,0
347.48,Retail,Wallet,India,Bangalore,15,0,NORMAL,0
300.61,Retail,UPI,USA,New York,15,0,NORMAL,0
7905.51,Electronics,Credit Card,Iran,Tehran,15,0,FRAUD,1
35.68,Food,Debit Card,India,Mumbai,15,0,NORMAL,0
2234.07,Travel,UPI,UK,London,15,0,NORMAL,0
2819.42,Electronics,Net Banking,India,Mumbai,15,0,SUSPICIOUS,0
8013.18,Electronics,Credit Card,North Korea,Pyongyang,15,0,FRAUD,1
5290.47,Electronics,Credit Card,Russia,Moscow,15,0,FRAUD,1
1391.96,Electronics,Debit Card,Canada,Toronto,15,0,NORMAL,0
926.75,Travel,UPI,India,Mumbai,15,0,NORMAL,0
2805.67,Travel,UPI,India,Bangalore,15,0,SUSPICIOUS,0
2495.39,Travel,UPI,UK,London,15,0,NORMAL,0
176.82,Gaming,Wallet,USA,Chicago,15,0,NORMAL,0
8477.03,Luxury,Credit Card,Iran,Tehran,15,0,FRAUD,1
119.84,Transportation,Wallet,Singapore,Singapore,15,0,NORMAL,0
4943.44,Electronics,Wallet,Singapore,Singapore,15,0,NORMAL,0
119.83,Fuel,Net Banking,India,Mumbai,15,0,NORMAL,0
32.77,Food,Credit Card,India,Mumbai,15,0,NORMAL,0
4965.05,Electronics,Debit Card,UK,London,15,0,NORMAL,0
1993.5,Electronics,Credit Card,USA,New York,15,0,NORMAL,0
2950.46,Travel,Wallet,Germany,Berlin,15,0,SUSPICIOUS,0
136.6,Gaming,Wallet,India,Mumbai,15,0,NORMAL,0
2925.18,Travel,Net Banking,USA,New York,15,0,NORMAL,0
6360.01,Luxury,Credit Card,North Korea,Pyongyang,15,0,FRAUD,1
1550.13,Electronics,Net Banking,USA,New York,15,0,NORMAL,0
2627.63,Electronics,Net Banking,UK,London,15,0,NORMAL,0
14.64,Transportation,Debit Card,India,Mumbai,15,0,NORMAL,0
187.68,Gaming,Net Banking,India,Mumbai,15,0,NORMAL,0
3690.16,Electronics,Credit Card,Iran,Tehran,15,0,FRAUD,1
198.91,Gaming,Credit Card,Canada,Toronto,15,0,NORMAL,0
3453.71,Travel,Debit Card,India,Bangalore,15,0,SUSPICIOUS,0
1809.7,Electronics,Wallet,Germany,Berlin,15,0,SUSPICIOUS,0
1561.12,Travel,Credit Card,USA,Chicago,15,0,NORMAL,0
3482.83,Electronics,Wallet,India,Mumbai,15,0,NORMAL,0
1576.08,Luxury,Credit Card,Singapore,Singapore,15,0,NORMAL,0
47.59,Food,Credit Card,Singapore,Singapore,15,0,NORMAL,0
311.7,Retail,Debit Card,Singapore,Singapore,15,0,NORMAL,0
135.24,Pharmacy,Wallet,Germany,Berlin,15,0,NORMAL,0
333.59,Retail,Credit Card,USA,New York,15,0,NORMAL,0
29.43,Transportation,Credit Card,India,Bangalore,15,0,NORMAL,0
10.66,Pharmacy,Credit Card,India,Bangalore,15,0,NORMAL,0
182.76,Pharmacy,Credit Card,Singapore,Singapore,15,0,NORMAL,0
3259.12,Electronics,Credit Card,UK,London,15,0,NORMAL,0
58.11,Food,Credit Card,Canada,Toronto,15,0,NORMAL,0
2220.12,Travel,Credit Card,India,Bangalore,15,0,NORMAL,0
3522.77,Luxury,Credit Card,Russia,Moscow,15,0,FRAUD,1
5474.87,Luxury,Debit Card,India,Bangalore,15,0,NORMAL,0
52.22,Fuel,Debit Card,USA,New York,15,0,NORMAL,0
2266.06,Electronics,Credit Card,UK,London,15,0,SUSPICIOUS,0
113.2,Retail,UPI,Canada,Toronto,15,0,NORMAL,0
105.09,Gaming,Debit Card,USA,New York,15,0,NORMAL,0
2012.85,Travel,UPI,USA,Chicago,15,0,NORMAL,0
22.63,Transportation,Credit Card,Germany,Berlin,15,0,NORMAL,0
475.22,Retail,UPI,Singapore,Singapore,15,0,NORMAL,0
17.48,Food,UPI,Singapore,Singapore,15,0,NORMAL,0
3649.41,Electronics,Net Banking,India,Mumbai,15,0,NORMAL,0
2249.01,Travel,Wallet,USA,New York,15,0,NORMAL,0
8376.14,Luxury,Credit Card,Russia,Moscow,15,0,FRAUD,1
53.5,Fuel,Debit Card,India,Mumbai,15,0,NORMAL,0
3539.49,Luxury,Credit Card,Russia,Moscow,15,0,FRAUD,1
23.54,Food,Credit Card,USA,New York,15,0,NORMAL,0
341.19,Travel,Net Banking,USA,New York,15,0,NORMAL,0
45.79,Food,Debit Card,India,Mumbai,15,0,NORMAL,0
55.66,Pharmacy,UPI,USA,New York,15,0,NORMAL,0
2625.67,Electronics,Debit Card,India,Mumbai,15,0,NORMAL,0
106.28,Fuel,Wallet,USA,New York,15,0,NORMAL,0
56.26,Transportation,Debit Card,USA,New York,15,0,NORMAL,0
25.09,Transportation,Credit Card,Singapore,Singapore,15,0,NORMAL,0
3360.95,Travel,UPI,India,Mumbai,15,0,SUSPICIOUS,0
51.07,Food,Net Banking,India,Bangalore,15,0,NORMAL,0
7884.52,Luxury,UPI,Singapore,Singapore,15,0,NORMAL,0
11.95,Food,Credit Card,USA,Chicago,15,0,NORMAL,0
31.29,Retail,Net Banking,Canada,Toronto,15,0,NORMAL,0
7851.6,Luxury,UPI,USA,New York,15,0,NORMAL,0
86.67,Fuel,Net Banking,USA,New York,15,0,NORMAL,0
3956.65,Luxury,Debit Card,UK,London,15,0,NORMAL,0
70.04,Food,Credit Card,UK,London,15,0,NORMAL,0
48.09,Food,Wallet,USA,Chicago,15,0,NORMAL,0
375.64,Electronics,UPI,USA,Chicago,15,0,NORMAL,0
14.73,Food,Credit Card,India,Mumbai,15,0,NORMAL,0
91.9,Retail,Debit Card,USA,New York,15,0,NORMAL,0
32.74,Food,Net Banking,India,Mumbai,15,0,NORMAL,0
3489.64,Travel,Net Banking,UK,London,15,0,SUSPICIOUS,0
131.25,Pharmacy,UPI,UK,London,15,0,NORMAL,0
76.05,Food,Net Banking,USA,New York,15,0,NORMAL,0
31.89,Food,Debit Card,Singapore,Singapore,15,0,NORMAL,0
13.11,Food,Wallet,Germany,Berlin,15,0,NORMAL,0
379.41,Retail,Net Banking,Germany,Berlin,15,0,NORMAL,0
2264.27,Electronics,Net Banking,UK,London,15,0,NORMAL,0
1281.94,Travel,UPI,India,Bangalore,15,0,NORMAL,0
155.36,Pharmacy,Credit Card,USA,Chicago,15,0,NORMAL,0
45.57,Pharmacy,Net Banking,India,Mumbai,15,0,NORMAL,0
465.63,Travel,Debit Card,USA,New York,15,0,NORMAL,0
4923.33,Luxury,Credit Card,North Korea,Pyongyang,15,0,FRAUD,1
3836.51,Luxury,Credit Card,North Korea,Pyongyang,15,0,FRAUD,1
886.01,Electronics,Debit Card,India,Mumbai,15,0,NORMAL,0
41.39,Fuel,Credit Card,UK,London,15,0,NORMAL,0
113.72,Pharmacy,Net Banking,Singapore,Singapore,15,0,NORMAL,0
51.92,Gaming,UPI,India,Mumbai,15,0,NORMAL,0
3731.05,Electronics,Wallet,India,Mumbai,15,0,NORMAL,0
641.73,Electronics,Net Banking,Singapore,Singapore,15,0,NORMAL,0
5938.02,Luxury,Credit Card,North Korea,Pyongyang,15,0,FRAUD,1
2594.71,Travel,Net Banking,Canada,Toronto,15,0,SUSPICIOUS,0
30.77,Fuel,Wallet,Canada,Toronto,15,0,NORMAL,0
9.51,Food,Net Banking,India,Mumbai,15,0,NORMAL,0
38.1,Gaming,Debit Card,USA,Chicago,15,0,NORMAL,0
211.91,Pharmacy,UPI,Singapore,Singapore,15,0,NORMAL,0
4180.97,Electronics,Credit Card,North Korea,Pyongyang,15,0,FRAUD,1
14.54,Transportation,UPI,Germany,Berlin,15,0,NORMAL,0
4005.37,Luxury,Debit Card,Singapore,Singapore,15,0,NORMAL,0
6391.3,Luxury,Credit Card,North Korea,Pyongyang,15,0,FRAUD,1
145.86,Fuel,UPI,Germany,Berlin,15,0,NORMAL,0
244.03,Pharmacy,Debit Card,India,Bangalore,15,0,NORMAL,0
1514.5,Travel,Wallet,Canada,Toronto,15,0,NORMAL,0
1938.47,Travel,Credit Card,India,Bangalore,15,0,NORMAL,0
4188.22,Luxury,Net Banking,Canada,Toronto,15,0,NORMAL,0
79.71,Transportation,UPI,Singapore,Singapore,15,0,NORMAL,0
1586.32,Travel,Debit Card,India,Mumbai,15,0,NORMAL,0
33.52,Pharmacy,Wallet,USA,New York,15,0,NORMAL,0
4598.74,Luxury,Credit Card,North Korea,Pyongyang,15,0,FRAUD,1
2396.65,Electronics,Net Banking,UK,London,15,0,NORMAL,0
2607.47,Travel,Credit Card,Singapore,Singapore,15,0,NORMAL,0
815.11,Travel,Credit Card,Germany,Berlin,15,0,NORMAL,0
111.71,Transportation,Credit Card,Singapore,Singapore,15,0,NORMAL,0
726.26,Travel,Wallet,Canada,Toronto,15,0,NORMAL,0
164.96,Retail,Credit Card,USA,Chicago,15,0,NORMAL,0
185.76,Retail,Wallet,Singapore,Singapore,15,0,NORMAL,0
2029.47,Luxury,Debit Card,Singapore,Singapore,15,0,NORMAL,0
182.21,Gaming,Net Banking,India,Mumbai,15,0,NORMAL,0
1612.23,Luxury,Debit Card,Singapore,Singapore,15,0,SUSPICIOUS,0
362.92,Retail,UPI,Canada,Toronto,15,0,NORMAL,0
6451.69,Luxury,Net Banking,UK,London,15,0,NORMAL,0
495.91,Retail,Credit Card,USA,New York,15,0,NORMAL,0
11.32,Transportation,UPI,UK,London,15,0,NORMAL,0
18.01,Food,UPI,USA,New York,15,0,NORMAL,0
106.97,Retail,UPI,USA,Chicago,15,0,NORMAL,0
264.02,Retail,Credit Card,Germany,Berlin,15,0,NORMAL,0
1784.7,Travel,Debit Card,Canada,Toronto,15,0,SUSPICIOUS,0
176.7,Pharmacy,Credit Card,UK,London,15,0,NORMAL,0
1214.44,Luxury,Net Banking,Canada,Toronto,15,0,NORMAL,0
139.5,Retail,UPI,USA,Chicago,15,0,NORMAL,0
15.17,Food,UPI,UK,London,15,0,NORMAL,0
24.75,Fuel,Wallet,Singapore,Singapore,15,0,NORMAL,0
22.07,Food,Debit Card,USA,Chicago,15,0,NORMAL,0
21.38,Food,Debit Card,USA,Chicago,15,0,NORMAL,0
451.79,Retail,UPI,Singapore,Singapore,15,0,NORMAL,0
52.04,Food,Wallet,India,Mumbai,15,0,NORMAL,0
63.45,Food,UPI,Singapore,Singapore,15,0,NORMAL,0
2174.23,Electronics,UPI,UK,London,15,0,NORMAL,0
990.92,Electronics,Net Banking,Singapore,Singapore,15,0,NORMAL,0
111.51,Fuel,Credit Card,USA,New York,15,0,NORMAL,0
994.55,Electronics,Wallet,Canada,Toronto,15,0,NORMAL,0
1960.34,Travel,Debit Card,India,Mumbai,15,0,NORMAL,0
24.85,Food,Credit Card,USA,New York,15,0,NORMAL,0
98.92,Fuel,Credit Card,USA,Chicago,15,0,NORMAL,0
2748.26,Electronics,Credit Card,USA,Chicago,15,0,NORMAL,0
308.75,Retail,Credit Card,Singapore,Singapore,15,0,NORMAL,0
78.65,Transportation,Debit Card,India,Mumbai,15,0,NORMAL,0
3387.92,Luxury,Credit Card,Canada,Toronto,15,0,NORMAL,0
7788.1,Luxury,Credit Card,Russia,Moscow,15,0,FRAUD,1
42.18,Transportation,Credit Card,India,Bangalore,15,0,NORMAL,0
4465.03,Electronics,Credit Card,North Korea,Pyongyang,15,0,FRAUD,1
1091.58,Electronics,UPI,USA,Chicago,15,0,NORMAL,0
195.03,Pharmacy,Credit Card,India,Bangalore,15,0,NORMAL,0
77.63,Fuel,Net Banking,Canada,Toronto,15,0,NORMAL,0
15.83,Pharmacy,UPI,India,Mumbai,15,0,NORMAL,0
79.17,Retail,Wallet,USA,New York,15,0,NORMAL,0
7383.89,Luxury,Credit Card,Iran,Tehran,15,0,FRAUD,1
4207.09,Luxury,Net Banking,UK,London,15,0,NORMAL,0
18.63,Food,Credit Card,USA,Chicago,15,0,NORMAL,0
89.52,Transportation,Credit Card,USA,Chicago,15,0,NORMAL,0
49.06,Food,UPI,India,Mumbai,15,0,NORMAL,0
397.11,Retail,Net Banking,India,Bangalore,15,0,NORMAL,0
30.71,Food,Debit Card,India,Mumbai,15,0,NORMAL,0
342.45,Retail,Debit Card,India,Bangalore,15,0,NORMAL,0
1289.42,Luxury,Net Banking,Germany,Berlin,15,0,NORMAL,0
1240.93,Travel,Debit Card,USA,New York,15,0,NORMAL,0
228.1,Retail,Debit Card,Singapore,Singapore,15,0,NORMAL,0
113.48,Transportation,Credit Card,India,Bangalore,15,0,NORMAL,0
3849.8,Luxury,Credit Card,North Korea,Pyongyang,15,0,FRAUD,1
447.08,Retail,Debit Card,India,Bangalore,15,0,NORMAL,0
132.03,Gaming,Debit Card,India,Bangalore,15,0,NORMAL,0
56.25,Food,Credit Card,USA,Chicago,15,0,NORMAL,0
170.84,Pharmacy,Credit Card,India,Bangalore,15,0,NORMAL,0
44.53,Pharmacy,UPI,UK,London,15,0,NORMAL,0
1544.98,Electronics,Net Banking,India,Bangalore,15,0,NORMAL,0
26.44,Food,Debit Card,Germany,Berlin,15,0,NORMAL,0
6027.97,Luxury,Credit Card,Russia,Moscow,15,0,FRAUD,1
3329.6,Luxury,Net Banking,Germany,Berlin,15,0,NORMAL,0
300.41,Retail,Debit Card,USA,Chicago,15,0,NORMAL,0
4565.32,Electronics,Debit Card,India,Mumbai,15,0,NORMAL,0
7119.91,Electronics,Credit Card,North Korea,Pyongyang,15,0,FRAUD,1
4804.21,Electronics,Credit Card,Russia,Moscow,15,0,FRAUD,1
25.35,Retail,UPI,Germany,Berlin,15,0,NORMAL,0
1894.95,Electronics,Credit Card,USA,New York,15,0,NORMAL,0
408.35,Retail,Credit Card,USA,Chicago,15,0,NORMAL,0
39.19,Food,Debit Card,USA,Chicago,15,0,NORMAL,0
197.59,Pharmacy,UPI,UK,London,15,0,NORMAL,0
4409.92,Electronics,Credit Card,Iran,Tehran,15,0,FRAUD,1
16.28,Food,Net Banking,USA,New York,15,0,NORMAL,0
31.06,Transportation,Wallet,USA,New York,15,0,NORMAL,0
5102.83,Luxury,Wallet,USA,Chicago,15,0,NORMAL,0
4349.64,Electronics,Debit Card,Canada,Toronto,15,0,NORMAL,0
25.96,Food,Debit Card,USA,Chicago,15,0,NORMAL,0
172.01,Pharmacy,Credit Card,UK,London,15,0,NORMAL,0
87.66,Gaming,Net Banking,USA,Chicago,15,0,NORMAL,0
7816.14,Electronics,Credit Card,Russia,Moscow,15,0,FRAUD,1
1095.63,Electronics,UPI,Singapore,Singapore,15,0,NORMAL,0
45.0,Food,Wallet,India,Mumbai,15,0,NORMAL,0
415.22,Electronics,Debit Card,India,Bangalore,15,0,NORMAL,0
2358.62,Travel,Wallet,Singapore,Singapore,15,0,SUSPICIOUS,0
478.05,Retail,Wallet,India,Mumbai,15,0,NORMAL,0
130.42,Pharmacy,Credit Card,USA,Chicago,15,0,NORMAL,0
6863.78,Luxury,Credit Card,Iran,Tehran,15,0,FRAUD,1
409.24,Electronics,Credit Card,USA,New York,15,0,NORMAL,0
140.49,Gaming,Wallet,Singapore,Singapore,15,0,NORMAL,0
5305.45,Luxury,Credit Card,Iran,Tehran,15,0,FRAUD,1
919.31,Travel,Credit Card,India,Bangalore,15,0,NORMAL,0
3422.28,Electronics,Credit Card,USA,Chicago,15,0,NORMAL,0
1316.17,Electronics,Debit Card,Canada,Toronto,15,0,NORMAL,0
2877.66,Travel,Wallet,UK,London,15,0,NORMAL,0
4132.05,Electronics,Credit Card,Germany,Berlin,15,0,SUSPICIOUS,0
209.45,Pharmacy,Credit Card,Singapore,Singapore,15,0,NORMAL,0
37.32,Fuel,UPI,India,Mumbai,15,0,NORMAL,0
4952.57,Luxury,Net Banking,UK,London,15,0,NORMAL,0
99.08,Retail,UPI,Singapore,Singapore,15,0,NORMAL,0
404.49,Retail,UPI,Singapore,Singapore,15,0,NORMAL,0
2867.76,Electronics,Debit Card,Germany,Berlin,15,0,NORMAL,0
67.64,Food,Debit Card,USA,New York,15,0,NORMAL,0
74.22,Fuel,Wallet,India,Bangalore,15,0,NORMAL,0
2857.75,Travel,Credit Card,USA,New York,15,0,SUSPICIOUS,0
62.38,Fuel,Wallet,UK,London,15,0,NORMAL,0
85.59,Fuel,Credit Card,UK,London,15,0,NORMAL,0
78.16,Food,Net Banking,India,Bangalore,15,0,NORMAL,0
6341.12,Luxury,UPI,USA,Chicago,15,0,NORMAL,0
624.3,Travel,UPI,USA,Chicago,15,0,NORMAL,0
2856.36,Travel,Net Banking,India,Bangalore,15,0,NORMAL,0
97.54,Fuel,Wallet,UK,London,15,0,NORMAL,0
265.51,Retail,Net Banking,USA,Chicago,15,0,NORMAL,0
796.89,Travel,Debit Card,USA,Chicago,15,0,NORMAL,0
78.68,Pharmacy,Wallet,Canada,Toronto,15,0,NORMAL,0
3640.69,Luxury,Credit Card,Russia,Moscow,15,0,FRAUD,1
85.7,Fuel,Debit Card,India,Mumbai,15,0,NORMAL,0
42.73,Fuel,Net Banking,UK,London,15,0,NORMAL,0
1649.95,Travel,UPI,UK,London,15,0,NORMAL,0
8568.61,Electronics,Credit Card,North Korea,Pyongyang,15,0,FRAUD,1
101.86,Fuel,Debit Card,Germany,Berlin,15,0,NORMAL,0
2394.33,Electronics,Credit Card,USA,New York,15,0,NORMAL,0
50.68,Food,Net Banking,UK,London,15,0,NORMAL,0
4440.31,Luxury,Credit Card,Iran,Tehran,15,0,FRAUD,1
2757.68,Travel,Net Banking,Germany,Berlin,15,0,SUSPICIOUS,0
72.83,Transportation,Net Banking,India,Bangalore,15,0,NORMAL,0
48.06,Food,Debit Card,UK,London,15,0,NORMAL,0
3960.51,Electronics,Wallet,Singapore,Singapore,15,0,NORMAL,0
139.26,Pharmacy,Wallet,India,Mumbai,15,0,NORMAL,0
140.71,Pharmacy,UPI,USA,New York,15,0,NORMAL,0
51.53,Fuel,Debit Card,Singapore,Singapore,15,0,NORMAL,0
192.14,Gaming,Wallet,Canada,Toronto,15,0,NORMAL,0
2674.34,Luxury,Wallet,India,Bangalore,15,0,SUSPICIOUS,0
257.65,Retail,Debit Card,Canada,Toronto,15,0,NORMAL,0
463.38,Retail,Debit Card,Canada,Toronto,15,0,NORMAL,0
6851.79,Luxury,Debit Card,Canada,Toronto,15,0,NORMAL,0
2297.91,Travel,Net Banking,Canada,Toronto,15,0,NORMAL,0
49.7,Fuel,UPI,USA,Chicago,15,0,NORMAL,0
1530.76,Electronics,Credit Card,UK,London,15,0,NORMAL,0
1747.03,Luxury,Wallet,USA,Chicago,15,0,SUSPICIOUS,0
2780.94,Travel,Wallet,Singapore,Singapore,15,0,NORMAL,0
87.15,Pharmacy,Net Banking,USA,New York,15,0,NORMAL,0
172.35,Gaming,Debit Card,Canada,Toronto,15,0,NORMAL,0
3206.9,Luxury,Credit Card,India,Mumbai,15,0,SUSPICIOUS,0
4034.02,Electronics,Net Banking,USA,Chicago,15,0,NORMAL,0
1221.83,Luxury,Wallet,UK,London,15,0,NORMAL,0
41.78,Food,Wallet,UK,London,15,0,NORMAL,0
222.7,Pharmacy,Debit Card,USA,Chicago,15,0,NORMAL,0
40.81,Food,Credit Card,Germany,Berlin,15,0,NORMAL,0
2835.11,Travel,UPI,India,Bangalore,15,0,NORMAL,0
5309.2,Electronics,Credit Card,Iran,Tehran,15,0,FRAUD,1
2341.34,Luxury,Wallet,Germany,Berlin,15,0,NORMAL,0
6346.31,Luxury,Debit Card,UK,London,15,0,NORMAL,0
3489.19,Electronics,UPI,India,Mumbai,15,0,SUSPICIOUS,0
3016.73,Travel,Net Banking,USA,New York,15,0,SUSPICIOUS,0
2130.36,Electronics,Debit Card,Germany,Berlin,15,0,NORMAL,0
2348.15,Travel,Wallet,USA,Chicago,15,0,NORMAL,0
1622.51,Electronics,Debit Card,USA,Chicago,15,0,NORMAL,0
2141.57,Electronics,Debit Card,Germany,Berlin,15,0,NORMAL,0
3225.98,Electronics,Wallet,India,Mumbai,15,0,SUSPICIOUS,0
2458.22,Electronics,Debit Card,Singapore,Singapore,15,0,SUSPICIOUS,0
3874.67,Travel,UPI,USA,Chicago,15,0,SUSPICIOUS,0
50.32,Food,UPI,India,Mumbai,15,0,NORMAL,0
4433.38,Travel,Wallet,Canada,Toronto,15,0,SUSPICIOUS,0
1141.21,Luxury,UPI,Singapore,Singapore,15,0,NORMAL,0
2234.24,Travel,Credit Card,Canada,Toronto,15,0,NORMAL,0
108.99,Transportation,Wallet,USA,Chicago,15,0,NORMAL,0
2280.81,Luxury,Debit Card,Canada,Toronto,15,0,NORMAL,0
4465.95,Electronics,UPI,USA,New York,15,0,NORMAL,0
68.56,Fuel,UPI,USA,New York,15,0,NORMAL,0
131.57,Retail,Debit Card,India,Bangalore,15,0,NORMAL,0
158.02,Pharmacy,UPI,UK,London,15,0,NORMAL,0
1564.39,Travel,Net Banking,India,Mumbai,15,0,NORMAL,0
3268.16,Luxury,Credit Card,USA,Chicago,15,0,SUSPICIOUS,0
8587.43,Electronics,Credit Card,Russia,Moscow,15,0,FRAUD,1
1422.37,Travel,UPI,UK,London,15,0,NORMAL,0
339.61,Retail,Debit Card,Singapore,Singapore,15,0,NORMAL,0
63.36,Transportation,Debit Card,India,Mumbai,15,0,NORMAL,0
4072.34,Luxury,Credit Card,North Korea,Pyongyang,15,0,FRAUD,1
119.65,Transportation,Net Banking,USA,New York,15,0,NORMAL,0
181.7,Gaming,UPI,Canada,Toronto,15,0,NORMAL,0
4207.02,Electronics,Credit Card,Singapore,Singapore,15,0,SUSPICIOUS,0
42.2,Food,Debit Card,Germany,Berlin,15,0,NORMAL,0
6197.46,Luxury,Net Banking,India,Mumbai,15,0,NORMAL,0
412.0,Travel,Wallet,India,Bangalore,15,0,NORMAL,0
93.26,Retail,UPI,Germany,Berlin,15,0,NORMAL,0
284.5,Travel,Wallet,Canada,Toronto,15,0,NORMAL,0
8438.8,Electronics,Credit Card,North Korea,Pyongyang,15,0,FRAUD,1
2223.25,Travel,Credit Card,USA,Chicago,15,0,NORMAL,0
4340.47,Electronics,Net Banking,India,Mumbai,15,0,NORMAL,0
60.29,Food,Credit Card,UK,London,15,0,NORMAL,0
62.37,Food,Wallet,Canada,Toronto,15,0,NORMAL,0
552.85,Travel,Credit Card,India,Bangalore,15,0,NORMAL,0
2408.02,Electronics,Wallet,USA,Chicago,15,0,NORMAL,0
2349.46,Electronics,Credit Card,USA,New York,15,0,SUSPICIOUS,0
167.88,Gaming,Wallet,UK,London,15,0,NORMAL,0
1715.2,Electronics,UPI,USA,New York,15,0,NORMAL,0
46.18,Transportation,Debit Card,India,Mumbai,15,0,NORMAL,0
73.57,Transportation,Wallet,India,Mumbai,15,0,NORMAL,0
17.93,Pharmacy,Debit Card,India,Bangalore,15,0,NORMAL,0
85.88,Fuel,Debit Card,USA,New York,15,0,NORMAL,0
115.46,Transportation,Credit Card,UK,London,15,0,NORMAL,0
85.05,Gaming,Net Banking,India,Mumbai,15,0,NORMAL,0
108.74,Retail,Net Banking,India,Mumbai,15,0,NORMAL,0
21.18,Food,Wallet,Canada,Toronto,15,0,NORMAL,0
2718.11,Travel,UPI,Singapore,Singapore,15,0,SUSPICIOUS,0
353.46,Electronics,Credit Card,Germany,Berlin,15,0,NORMAL,0
919.68,Electronics,Wallet,UK,London,15,0,NORMAL,0
243.63,Pharmacy,Wallet,India,Mumbai,15,0,NORMAL,0
23.66,Fuel,Net Banking,UK,London,15,0,NORMAL,0
2642.48,Travel,Debit Card,UK,London,15,0,NORMAL,0
8755.71,Luxury,Credit Card,North Korea,Pyongyang,15,0,FRAUD,1
49.75,Transportation,Wallet,UK,London,15,0,NORMAL,0
514.85,Travel,Debit Card,USA,Chicago,15,0,NORMAL,0
5898.62,Luxury,Credit Card,Russia,Moscow,15,0,FRAUD,1
3164.56,Travel,Credit Card,USA,New York,15,0,SUSPICIOUS,0
6387.31,Luxury,UPI,India,Mumbai,15,0,NORMAL,0
2705.32,Travel,Debit Card,Germany,Berlin,15,0,SUSPICIOUS,0
32.06,Gaming,Wallet,India,Mumbai,15,0,NORMAL,0
6573.94,Electronics,Credit Card,Iran,Tehran,15,0,FRAUD,1
6240.33,Electronics,Credit Card,Iran,Tehran,15,0,FRAUD,1
6737.68,Luxury,UPI,UK,London,15,0,NORMAL,0
2094.42,Luxury,Credit Card,Canada,Toronto,15,0,NORMAL,0
54.62,Food,Credit Card,USA,New York,15,0,NORMAL,0
3295.03,Electronics,Net Banking,Germany,Berlin,15,0,NORMAL,0
53.93,Food,Wallet,Canada,Toronto,15,0,NORMAL,0
1534.89,Travel,Wallet,USA,New York,15,0,NORMAL,0
945.39,Travel,Net Banking,Germany,Berlin,15,0,NORMAL,0
112.69,Gaming,UPI,Germany,Berlin,15,0,NORMAL,0
63.98,Fuel,Net Banking,Canada,Toronto,15,0,NORMAL,0
76.12,Food,Debit Card,USA,Chicago,15,0,NORMAL,0
448.51,Electronics,Wallet,Canada,Toronto,15,0,NORMAL,0
3014.0,Travel,Debit Card,Canada,Toronto,15,0,SUSPICIOUS,0
169.3,Gaming,Credit Card,UK,London,15,0,NORMAL,0
140.43,Pharmacy,Net Banking,USA,New York,15,0,NORMAL,0
170.05,Gaming,Credit Card,USA,New York,15,0,NORMAL,0
116.12,Transportation,UPI,UK,London,15,0,NORMAL,0
2026.88,Travel,Wallet,India,Mumbai,15,0,NORMAL,0
28.7,Food,Net Banking,India,Mumbai,15,0,NORMAL,0
3992.74,Electronics,Credit Card,Russia,Moscow,15,0,FRAUD,1
50.22,Transportation,UPI,Singapore,Singapore,15,0,NORMAL,0
35.91,Fuel,Credit Card,India,Bangalore,15,0,NORMAL,0
40.54,Pharmacy,Wallet,Singapore,Singapore,15,0,NORMAL,0
100.64,Gaming,UPI,Canada,Toronto,15,0,NORMAL,0
10.67,Food,Debit Card,India,Mumbai,15,0,NORMAL,0
43.81,Food,Credit Card,USA,New York,15,0,NORMAL,0
3764.97,Luxury,Credit Card,North Korea,Pyongyang,15,0,FRAUD,1
308.22,Travel,Wallet,UK,London,15,0,NORMAL,0
3894.93,Electronics,Wallet,USA,Chicago,15,0,NORMAL,0
2863.11,Electronics,UPI,India,Bangalore,15,0,NORMAL,0
39.37,Transportation,Wallet,USA,New York,15,0,NORMAL,0
3508.25,Luxury,Credit Card,Russia,Moscow,15,0,FRAUD,1
140.03,Fuel,Credit Card,India,Bangalore,15,0,NORMAL,0
25.09,Food,Credit Card,Canada,Toronto,15,0,NORMAL,0
6000.84,Luxury,Credit Card,Russia,Moscow,15,0,FRAUD,1
3852.57,Travel,Debit Card,Singapore,Singapore,15,0,SUSPICIOUS,0
18.9,Food,Debit Card,Singapore,Singapore,15,0,NORMAL,0
4146.07,Travel,Credit Card,UK,London,15,0,SUSPICIOUS,0
43.29,Food,Debit Card,UK,London,15,0,NORMAL,0
2787.74,Electronics,Net Banking,India,Bangalore,15,0,SUSPICIOUS,0
49.01,Food,UPI,India,Mumbai,15,0,NORMAL,0
4955.92,Luxury,Net Banking,India,Mumbai,15,0,NORMAL,0
5837.6,Electronics,Credit Card,Iran,Tehran,15,0,FRAUD,1
3567.89,Electronics,Net Banking,India,Bangalore,15,0,NORMAL,0
44.43,Food,Debit Card,USA,New York,15,0,NORMAL,0
2633.17,Travel,Debit Card,India,Mumbai,15,0,SUSPICIOUS,0
8892.1,Luxury,Credit Card,Russia,Moscow,15,0,FRAUD,1
4070.61,Electronics,Credit Card,Russia,Moscow,15,0,FRAUD,1
35.68,Fuel,Credit Card,Singapore,Singapore,15,0,NORMAL,0
4431.46,Electronics,Debit Card,Singapore,Singapore,15,0,NORMAL,0
1212.54,Travel,Credit Card,USA,Chicago,15,0,NORMAL,0
32.9,Pharmacy,Wallet,UK,London,15,0,NORMAL,0
64.03,Gaming,Wallet,India,Bangalore,15,0,NORMAL,0
38.33,Pharmacy,Net Banking,India,Mumbai,15,0,NORMAL,0
1671.74,Luxury,Debit Card,Canada,Toronto,15,0,NORMAL,0
27.44,Food,Net Banking,Germany,Berlin,15,0,NORMAL,0
4264.74,Travel,Net Banking,Germany,Berlin,15,0,SUSPICIOUS,0
3355.55,Electronics,UPI,Germany,Berlin,15,0,NORMAL,0
177.98,Gaming,Wallet,Canada,Toronto,15,0,NORMAL,0
41.56,Food,Wallet,USA,New York,15,0,NORMAL,0
129.04,Pharmacy,UPI,India,Bangalore,15,0,NORMAL,0
4393.0,Electronics,Credit Card,Iran,Tehran,15,0,FRAUD,1
2864.32,Luxury,Wallet,USA,Chicago,15,0,NORMAL,0
4287.73,Luxury,Wallet,Singapore,Singapore,15,0,NORMAL,0
3836.61,Travel,Net Banking,USA,New York,15,0,SUSPICIOUS,0
163.17,Gaming,Net Banking,USA,New York,15,0,NORMAL,0
178.98,Gaming,Net Banking,India,Mumbai,15,0,NORMAL,0
1481.32,Electronics,Debit Card,India,Bangalore,15,0,NORMAL,0
66.25,Gaming,Wallet,Germany,Berlin,15,0,NORMAL,0
217.07,Pharmacy,Debit Card,USA,Chicago,15,0,NORMAL,0
27.54,Food,Credit Card,Germany,Berlin,15,0,NORMAL,0
4509.0,Luxury,Credit Card,North Korea,Pyongyang,15,0,FRAUD,1
1182.92,Travel,Debit Card,Canada,Toronto,15,0,NORMAL,0
3939.44,Electronics,Credit Card,USA,Chicago,15,0,SUSPICIOUS,0
6159.13,Luxury,UPI,Singapore,Singapore,15,0,NORMAL,0
31.29,Gaming,Wallet,USA,New York,15,0,NORMAL,0
3054.15,Electronics,UPI,Canada,Toronto,15,0,NORMAL,0
431.96,Retail,Wallet,USA,New York,15,0,NORMAL,0
2188.37,Travel,Net Banking,Germany,Berlin,15,0,NORMAL,0
5994.15,Electronics,Credit Card,North Korea,Pyongyang,15,0,FRAUD,1
73.55,Transportation,UPI,UK,London,15,0,NORMAL,0
86.45,Fuel,Wallet,Germany,Berlin,15,0,NORMAL,0
4141.11,Electronics,Credit Card,Canada,Toronto,15,0,SUSPICIOUS,0
139.35,Fuel,UPI,USA,New York,15,0,NORMAL,0
5642.45,Electronics,Credit Card,Russia,Moscow,15,0,FRAUD,1
1568.82,Electronics,Debit Card,Germany,Berlin,15,0,NORMAL,0
77.06,Pharmacy,UPI,Germany,Berlin,15,0,NORMAL,0
86.37,Gaming,Wallet,Canada,Toronto,15,0,NORMAL,0
134.72,Pharmacy,Credit Card,Germany,Berlin,15,0,NORMAL,0
72.54,Transportation,Debit Card,UK,London,15,0,NORMAL,0
18.28,Food,Debit Card,Canada,Toronto,15,0,NORMAL,0
1306.43,Luxury,Debit Card,Germany,Berlin,15,0,NORMAL,0
59.75,Food,Debit Card,Canada,Toronto,15,0,NORMAL,0
5037.42,Luxury,Wallet,UK,London,15,0,NORMAL,0
4351.35,Electronics,Credit Card,Iran,Tehran,15,0,FRAUD,1
8806.34,Luxury,Credit Card,Russia,Moscow,15,0,FRAUD,1
99.0,Gaming,UPI,India,Bangalore,15,0,NORMAL,0
1824.55,Electronics,Wallet,Singapore,Singapore,15,0,SUSPICIOUS,0
4854.73,Luxury,Net Banking,UK,London,15,0,NORMAL,0
196.05,Gaming,Net Banking,India,Bangalore,15,0,NORMAL,0
2966.08,Travel,Wallet,Germany,Berlin,15,0,NORMAL,0
68.71,Retail,Wallet,Germany,Berlin,15,0,NORMAL,0
66.11,Food,Credit Card,USA,New York,15,0,NORMAL,0
33.26,Transportation,Net Banking,USA,New York,15,0,NORMAL,0
382.51,Retail,Wallet,Singapore,Singapore,15,0,NORMAL,0
52.03,Gaming,UPI,Singapore,Singapore,15,0,NORMAL,0
3452.95,Electronics,Net Banking,UK,London,15,0,NORMAL,0
134.89,Fuel,Net Banking,Canada,Toronto,15,0,NORMAL,0
108.65,Gaming,Credit Card,UK,London,15,0,NORMAL,0
1682.3,Electronics,Debit Card,USA,Chicago,15,0,NORMAL,0
1272.44,Electronics,Net Banking,India,Mumbai,15,0,NORMAL,0
2802.04,Travel,Net Banking,Germany,Berlin,15,0,NORMAL,0
64.71,Food,Wallet,USA,Chicago,15,0,NORMAL,0
8.08,Food,Wallet,UK,London,15,0,NORMAL,0
2269.43,Electronics,Wallet,USA,Chicago,15,0,SUSPICIOUS,0
78.23,Pharmacy,Credit Card,Singapore,Singapore,15,0,NORMAL,0
16.06,Food,Credit Card,USA,Chicago,15,0,NORMAL,0
128.42,Pharmacy,Debit Card,Germany,Berlin,15,0,NORMAL,0
33.71,Fuel,Credit Card,USA,Chicago,15,0,NORMAL,0
4592.65,Luxury,Credit Card,Iran,Tehran,15,0,FRAUD,1
1213.7,Travel,Credit Card,UK,London,15,0,NORMAL,0
78.69,Food,Wallet,Canada,Toronto,15,0,NORMAL,0
4236.54,Electronics,Credit Card,Russia,Moscow,15,0,FRAUD,1
927.66,Electronics,Debit Card,USA,New York,15,0,NORMAL,0
93.41,Gaming,Wallet,Singapore,Singapore,15,0,NORMAL,0
2816.19,Travel,Debit Card,Canada,Toronto,15,0,NORMAL,0
6010.58,Luxury,Credit Card,Iran,Tehran,15,0,FRAUD,1
8553.03,Luxury,Credit Card,Russia,Moscow,15,0,FRAUD,1
404.16,Travel,UPI,Singapore,Singapore,15,0,NORMAL,0
108.08,Retail,Net Banking,USA,Chicago,15,0,NORMAL,0
3009.11,Electronics,UPI,India,Bangalore,15,0,NORMAL,0
314.69,Retail,Net Banking,Canada,Toronto,15,0,NORMAL,0
508.95,Travel,Credit Card,India,Bangalore,15,0,NORMAL,0
5477.43,Luxury,Credit Card,Iran,Tehran,15,0,FRAUD,1
106.86,Pharmacy,Debit Card,USA,New York,15,0,NORMAL,0
1146.9,Luxury,UPI,India,Mumbai,15,0,NORMAL,0
4871.55,Luxury,Credit Card,North Korea,Pyongyang,15,0,FRAUD,1
2046.33,Travel,Debit Card,Canada,Toronto,15,0,NORMAL,0
148.2,Pharmacy,Net Banking,UK,London,15,0,NORMAL,0
88.35,Transportation,Wallet,USA,New York,15,0,NORMAL,0
2836.17,Electronics,Wallet,Canada,Toronto,15,0,SUSPICIOUS,0
2079.79,Travel,Credit Card,India,Mumbai,15,0,SUSPICIOUS,0
96.84,Retail,Debit Card,Germany,Berlin,15,0,NORMAL,0
3306.4,Travel,Debit Card,Singapore,Singapore,15,0,SUSPICIOUS,0
6398.87,Electronics,Credit Card,Iran,Tehran,15,0,FRAUD,1
39.8,Transportation,Net Banking,Singapore,Singapore,15,0,NORMAL,0
32.77,Transportation,UPI,India,Mumbai,15,0,NORMAL,0
1257.41,Travel,Debit Card,Germany,Berlin,15,0,NORMAL,0
32.68,Gaming,Credit Card,Germany,Berlin,15,0,NORMAL,0
3320.94,Luxury,Credit Card,Canada,Toronto,15,0,NORMAL,0
1031.21,Travel,Wallet,India,Mumbai,15,0,NORMAL,0
2309.9,Electronics,Net Banking,USA,Chicago,15,0,SUSPICIOUS,0
13.64,Transportation,Wallet,UK,London,15,0,NORMAL,0
211.59,Pharmacy,Wallet,Canada,Toronto,15,0,NORMAL,0
81.93,Fuel,Debit Card,Canada,Toronto,15,0,NORMAL,0
231.27,Retail,Debit Card,India,Mumbai,15,0,NORMAL,0
443.52,Retail,Credit Card,Singapore,Singapore,15,0,NORMAL,0
23.21,Food,Debit Card,Singapore,Singapore,15,0,NORMAL,0
115.42,Fuel,UPI,India,Mumbai,15,0,NORMAL,0
205.12,Pharmacy,UPI,India,Bangalore,15,0,NORMAL,0
125.66,Pharmacy,Net Banking,India,Bangalore,15,0,NORMAL,0
8463.65,Luxury,Credit Card,North Korea,Pyongyang,15,0,FRAUD,1
45.79,Transportation,Debit Card,USA,Chicago,15,0,NORMAL,0
102.09,Pharmacy,Net Banking,UK,London,15,0,NORMAL,0
2985.65,Travel,Wallet,Germany,Berlin,15,0,NORMAL,0
4133.29,Luxury,UPI,Germany,Berlin,15,0,NORMAL,0
3973.52,Luxury,Debit Card,Canada,Toronto,15,0,NORMAL,0
58.1,Food,Net Banking,Germany,Berlin,15,0,NORMAL,0
170.74,Travel,Credit Card,USA,Chicago,15,0,NORMAL,0
99.95,Fuel,UPI,Germany,Berlin,15,0,NORMAL,0
3167.68,Electronics,UPI,Singapore,Singapore,15,0,SUSPICIOUS,0
147.03,Fuel,Net Banking,USA,Chicago,15,0,NORMAL,0
76.02,Pharmacy,UPI,Singapore,Singapore,15,0,NORMAL,0
5051.39,Electronics,Credit Card,North Korea,Pyongyang,15,0,FRAUD,1
75.56,Retail,UPI,India,Bangalore,15,0,NORMAL,0
4594.07,Electronics,Net Banking,India,Mumbai,15,0,NORMAL,0
10.07,Food,UPI,Germany,Berlin,15,0,NORMAL,0
32.72,Transportation,Net Banking,India,Bangalore,15,0,NORMAL,0
3643.42,Electronics,Debit Card,Singapore,Singapore,15,0,NORMAL,0
186.79,Retail,Debit Card,Canada,Toronto,15,0,NORMAL,0
64.74,Fuel,Debit Card,India,Bangalore,15,0,NORMAL,0
2537.36,Electronics,Debit Card,USA,New York,15,0,SUSPICIOUS,0
894.97,Travel,Net Banking,Singapore,Singapore,15,0,NORMAL,0
6044.31,Luxury,Credit Card,North Korea,Pyongyang,15,0,FRAUD,1
249.11,Pharmacy,Net Banking,USA,Chicago,15,0,NORMAL,0
226.11,Pharmacy,Net Banking,India,Mumbai,15,0,NORMAL,0
4083.9,Luxury,Credit Card,Iran,Tehran,15,0,FRAUD,1
13.71,Transportation,Net Banking,India,Mumbai,15,0,NORMAL,0
194.14,Pharmacy,UPI,UK,London,15,0,NORMAL,0
153.83,Retail,Debit Card,Canada,Toronto,15,0,NORMAL,0
1866.06,Electronics,Wallet,India,Mumbai,15,0,NORMAL,0
70.34,Pharmacy,Net Banking,India,Bangalore,15,0,NORMAL,0
206.99,Pharmacy,Net Banking,UK,London,15,0,NORMAL,0
3669.57,Travel,Net Banking,India,Bangalore,15,0,SUSPICIOUS,0
8932.72,Electronics,Credit Card,North Korea,Pyongyang,15,0,FRAUD,1
469.64,Retail,Credit Card,India,Bangalore,15,0,NORMAL,0
3795.37,Electronics,Credit Card,Iran,Tehran,15,0,FRAUD,1
62.51,Retail,Credit Card,India,Bangalore,15,0,NORMAL,0
3714.89,Electronics,Net Banking,UK,London,15,0,NORMAL,0
179.77,Retail,Credit Card,Canada,Toronto,15,0,NORMAL,0
320.34,Retail,Debit Card,UK,London,15,0,NORMAL,0
2415.44,Travel,Credit Card,USA,New York,15,0,NORMAL,0
41.12,Transportation,UPI,Germany,Berlin,15,0,NORMAL,0
89.44,Gaming,Wallet,India,Bangalore,15,0,NORMAL,0
51.8,Retail,Wallet,UK,London,15,0,NORMAL,0
104.78,Gaming,Debit Card,Canada,Toronto,15,0,NORMAL,0
92.4,Fuel,Net Banking,UK,London,15,0,NORMAL,0
159.91,Pharmacy,Net Banking,USA,Chicago,15,0,NORMAL,0
75.12,Transportation,Net Banking,India,Bangalore,15,0,NORMAL,0
90.6,Fuel,Wallet,Germany,Berlin,15,0,NORMAL,0
18.03,Food,Credit Card,Singapore,Singapore,15,0,NORMAL,0
147.99,Fuel,Net Banking,Germany,Berlin,15,0,NORMAL,0
6535.11,Luxury,UPI,UK,London,15,0,NORMAL,0
69.05,Fuel,UPI,Singapore,Singapore,15,0,NORMAL,0
2249.99,Travel,Credit Card,India,Mumbai,15,0,NORMAL,0
1781.41,Luxury,Credit Card,USA,New York,15,0,SUSPICIOUS,0
1252.21,Travel,Credit Card,USA,Chicago,15,0,NORMAL,0
480.07,Retail,UPI,UK,London,15,0,NORMAL,0
120.48,Gaming,Debit Card,USA,New York,15,0,NORMAL,0
2429.93,Travel,Net Banking,USA,New York,15,0,SUSPICIOUS,0
278.61,Retail,Wallet,USA,New York,15,0,NORMAL,0
5.87,Food,UPI,USA,Chicago,15,0,NORMAL,0
26.77,Food,Credit Card,India,Bangalore,15,0,NORMAL,0
47.17,Fuel,UPI,Germany,Berlin,15,0,NORMAL,0
330.29,Retail,Net Banking,India,Mumbai,15,0,NORMAL,0
64.31,Gaming,Net Banking,Canada,Toronto,15,0,NORMAL,0
89.05,Pharmacy,Net Banking,USA,New York,15,0,NORMAL,0
66.26,Food,Credit Card,UK,London,15,0,NORMAL,0
60.48,Food,Wallet,India,Bangalore,15,0,NORMAL,0
334.0,Travel,Credit Card,India,Mumbai,15,0,NORMAL,0
35.29,Pharmacy,Debit Card,USA,Chicago,15,0,NORMAL,0
13.51,Food,Net Banking,UK,London,15,0,NORMAL,0
139.85,Gaming,Wallet,Germany,Berlin,15,0,NORMAL,0
8236.48,Luxury,Credit Card,Iran,Tehran,15,0,FRAUD,1
2280.34,Travel,Net Banking,Canada,Toronto,15,0,NORMAL,0
138.42,Pharmacy,Wallet,Canada,Toronto,15,0,NORMAL,0
781.54,Travel,Net Banking,Canada,Toronto,15,0,NORMAL,0
31.93,Transportation,Debit Card,USA,Chicago,15,0,NORMAL,0
137.31,Fuel,Credit Card,USA,Chicago,15,0,NORMAL,0
351.65,Retail,Wallet,USA,Chicago,15,0,NORMAL,0
1165.24,Travel,UPI,Singapore,Singapore,15,0,NORMAL,0
12.85,Transportation,Credit Card,USA,New York,15,0,NORMAL,0
57.21,Transportation,UPI,Singapore,Singapore,15,0,NORMAL,0
17.05,Food,Debit Card,USA,New York,15,0,NORMAL,0
58.93,Food,Credit Card,USA,New York,15,0,NORMAL,0
3497.55,Travel,Debit Card,USA,Chicago,15,0,SUSPICIOUS,0
21.24,Food,Credit Card,USA,New York,15,0,NORMAL,0
6696.29,Electronics,Credit Card,North Korea,Pyongyang,15,0,FRAUD,1
715.51,Travel,UPI,Germany,Berlin,15,0,NORMAL,0
1225.94,Travel,Credit Card,India,Mumbai,15,0,NORMAL,0
2408.62,Luxury,Wallet,Canada,Toronto,15,0,NORMAL,0
3586.94,Luxury,Net Banking,India,Bangalore,15,0,NORMAL,0
49.56,Gaming,UPI,Germany,Berlin,15,0,NORMAL,0
91.39,Pharmacy,Wallet,USA,Chicago,15,0,NORMAL,0
139.44,Fuel,UPI,UK,London,15,0,NORMAL,0
2730.24,Luxury,Credit Card,India,Mumbai,15,0,NORMAL,0
51.43,Gaming,Net Banking,Germany,Berlin,15,0,NORMAL,0
12.82,Food,Wallet,USA,New York,15,0,NORMAL,0
439.8,Retail,Net Banking,USA,Chicago,15,0,NORMAL,0
2707.94,Luxury,Wallet,UK,London,15,0,SUSPICIOUS,0
2811.74,Travel,Wallet,India,Bangalore,15,0,NORMAL,0
30.76,Gaming,Wallet,Singapore,Singapore,15,0,NORMAL,0
1522.18,Electronics,Net Banking,Canada,Toronto,15,0,SUSPICIOUS,0
7693.89,Luxury,UPI,USA,Chicago,15,0,NORMAL,0
22.07,Pharmacy,Net Banking,USA,New York,15,0,NORMAL,0
50.34,Food,Debit Card,Germany,Berlin,15,0,NORMAL,0
3678.79,Luxury,Debit Card,USA,New York,15,0,SUSPICIOUS,0
101.14,Fuel,UPI,UK,London,15,0,NORMAL,0
49.62,Fuel,Net Banking,UK,London,15,0,NORMAL,0
65.77,Fuel,Credit Card,USA,Chicago,15,0,NORMAL,0
4260.11,Luxury,Debit Card,India,Bangalore,15,0,SUSPICIOUS,0
1345.76,Travel,Debit Card,India,Bangalore,15,0,NORMAL,0
4175.6,Travel,Credit Card,Canada,Toronto,15,0,SUSPICIOUS,0
2107.81,Luxury,Net Banking,USA,New York,15,0,NORMAL,0
4248.59,Electronics,Credit Card,USA,New York,15,0,SUSPICIOUS,0
5184.29,Electronics,Credit Card,North Korea,Pyongyang,15,0,FRAUD,1
304.36,Retail,UPI,UK,London,15,0,NORMAL,0
48.43,Food,Debit Card,Singapore,Singapore,15,0,NORMAL,0
550.81,Travel,Net Banking,India,Bangalore,15,0,NORMAL,0
71.77,Gaming,UPI,India,Mumbai,15,0,NORMAL,0
70.29,Pharmacy,Credit Card,Singapore,Singapore,15,0,NORMAL,0
139.23,Pharmacy,Wallet,USA,Chicago,15,0,NORMAL,0
2335.74,Electronics,UPI,USA,Chicago,15,0,NORMAL,0
142.54,Fuel,UPI,Canada,Toronto,15,0,NORMAL,0
2653.61,Travel,Net Banking,USA,New York,15,0,NORMAL,0
169.13,Pharmacy,Debit Card,India,Bangalore,15,0,NORMAL,0
521.99,Travel,Net Banking,USA,New York,15,0,NORMAL,0
553.43,Travel,UPI,India,Bangalore,15,0,NORMAL,0
115.61,Transportation,Net Banking,UK,London,15,0,NORMAL,0
121.46,Gaming,Wallet,UK,London,15,0,NORMAL,0
7820.59,Luxury,Credit Card,Singapore,Singapore,15,0,NORMAL,0
84.96,Fuel,Debit Card,UK,London,15,0,NORMAL,0
180.83,Travel,UPI,Germany,Berlin,15,0,NORMAL,0
4738.88,Luxury,Credit Card,North Korea,Pyongyang,15,0,FRAUD,1
219.25,Retail,Credit Card,Singapore,Singapore,15,0,NORMAL,0
420.04,Retail,Net Banking,India,Bangalore,15,0,NORMAL,0
4441.53,Luxury,Wallet,India,Bangalore,15,0,NORMAL,0
639.47,Travel,Debit Card,Singapore,Singapore,15,0,NORMAL,0
32.07,Food,UPI,Germany,Berlin,15,0,NORMAL,0
33.39,Pharmacy,Credit Card,USA,New York,15,0,NORMAL,0
5303.26,Electronics,Credit Card,Russia,Moscow,15,0,FRAUD,1
2453.44,Luxury,Wallet,India,Mumbai,15,0,NORMAL,0
76.65,Food,Wallet,Germany,Berlin,15,0,NORMAL,0
102.11,Transportation,Net Banking,India,Bangalore,15,0,NORMAL,0
3844.73,Luxury,Credit Card,Russia,Moscow,15,0,FRAUD,1
5115.49,Luxury,Net Banking,USA,New York,15,0,NORMAL,0
506.64,Travel,Debit Card,Singapore,Singapore,15,0,NORMAL,0
92.33,Fuel,UPI,UK,London,15,0,NORMAL,0
115.98,Gaming,Net Banking,India,Bangalore,15,0,NORMAL,0
6316.53,Luxury,UPI,India,Mumbai,15,0,NORMAL,0
4030.63,Electronics,UPI,USA,New York,15,0,NORMAL,0
42.88,Food,Credit Card,India,Bangalore,15,0,NORMAL,0
4908.55,Luxury,Debit Card,Canada,Toronto,15,0,NORMAL,0
3836.63,Electronics,Net Banking,India,Mumbai,15,0,SUSPICIOUS,0
42.45,Food,Net Banking,UK,London,15,0,NORMAL,0
5454.88,Luxury,Credit Card,Russia,Moscow,15,0,FRAUD,1
57.39,Gaming,Wallet,India,Bangalore,15,0,NORMAL,0
27.25,Food,UPI,Germany,Berlin,15,0,NORMAL,0
3833.53,Electronics,Net Banking,India,Mumbai,15,0,NORMAL,0
4009.21,Luxury,Credit Card,Iran,Tehran,15,0,FRAUD,1
243.59,Pharmacy,Debit Card,USA,New York,15,0,NORMAL,0
63.32,Food,Debit Card,India,Bangalore,15,0,NORMAL,0
74.68,Fuel,Debit Card,USA,Chicago,15,0,NORMAL,0
198.57,Gaming,Credit Card,USA,New York,15,0,NORMAL,0
642.55,Travel,Credit Card,Singapore,Singapore,15,0,NORMAL,0
124.64,Fuel,Net Banking,Germany,Berlin,15,0,NORMAL,0
23.42,Gaming,Credit Card,Germany,Berlin,15,0,NORMAL,0
115.69,Gaming,Net Banking,USA,New York,15,0,NORMAL,0
4869.85,Electronics,Net Banking,Singapore,Singapore,15,0,NORMAL,0
4997.55,Electronics,Debit Card,India,Bangalore,15,0,NORMAL,0
2737.36,Travel,UPI,USA,Chicago,15,0,NORMAL,0
2952.48,Electronics,Wallet,USA,Chicago,15,0,SUSPICIOUS,0
132.71,Fuel,UPI,Singapore,Singapore,15,0,NORMAL,0
644.29,Travel,Wallet,Germany,Berlin,15,0,NORMAL,0
1671.99,Electronics,Debit Card,UK,London,15,0,SUSPICIOUS,0
3026.84,Luxury,UPI,India,Bangalore,15,0,NORMAL,0
172.36,Pharmacy,Wallet,USA,Chicago,15,0,NORMAL,0
14.75,Food,Credit Card,India,Mumbai,15,0,NORMAL,0
3322.24,Electronics,Credit Card,Germany,Berlin,15,0,SUSPICIOUS,0
55.2,Pharmacy,Debit Card,USA,New York,15,0,NORMAL,0
29.82,Food,Credit Card,Germany,Berlin,15,0,NORMAL,0
124.65,Fuel,Net Banking,UK,London,15,0,NORMAL,0
1926.67,Travel,Credit Card,India,Bangalore,15,0,SUSPICIOUS,0
96.45,Transportation,Debit Card,USA,New York,15,0,NORMAL,0
2566.88,Travel,UPI,Germany,Berlin,15,0,NORMAL,0
239.47,Retail,Debit Card,Canada,Toronto,15,0,NORMAL,0
4361.35,Electronics,Credit Card,North Korea,Pyongyang,15,0,FRAUD,1
118.44,Transportation,Wallet,India,Bangalore,15,0,NORMAL,0
103.45,Gaming,Wallet,USA,Chicago,15,0,NORMAL,0
372.64,Retail,Credit Card,Singapore,Singapore,15,0,NORMAL,0
71.4,Food,UPI,UK,London,15,0,NORMAL,0
48.57,Food,Wallet,India,Bangalore,15,0,NORMAL,0
154.03,Gaming,Credit Card,Germany,Berlin,15,0,NORMAL,0
495.75,Retail,UPI,Germany,Berlin,15,0,NORMAL,0
71.61,Food,Wallet,India,Mumbai,15,0,NORMAL,0
409.75,Travel,UPI,Canada,Toronto,15,0,NORMAL,0
91.79,Gaming,UPI,Germany,Berlin,15,0,NORMAL,0
2459.04,Travel,UPI,USA,Chicago,15,0,NORMAL,0
433.21,Retail,Credit Card,Singapore,Singapore,15,0,NORMAL,0
368.22,Retail,Credit Card,India,Bangalore,15,0,NORMAL,0
4083.4,Electronics,Net Banking,USA,New York,15,0,NORMAL,0
1611.73,Electronics,Net Banking,India,Mumbai,15,0,NORMAL,0
4093.48,Luxury,UPI,UK,London,15,0,SUSPICIOUS,0
6567.4,Luxury,Net Banking,USA,New York,15,0,NORMAL,0
1122.36,Travel,UPI,India,Bangalore,15,0,NORMAL,0
3763.7,Luxury,Debit Card,India,Bangalore,15,0,NORMAL,0
2779.37,Travel,Debit Card,UK,London,15,0,SUSPICIOUS,0
2108.8,Travel,UPI,Canada,Toronto,15,0,NORMAL,0
448.35,Retail,Credit Card,Singapore,Singapore,15,0,NORMAL,0
101.54,Gaming,Debit Card,India,Mumbai,15,0,NORMAL,0
3967.9,Luxury,Credit Card,Iran,Tehran,15,0,FRAUD,1
32.77,Pharmacy,Debit Card,India,Bangalore,15,0,NORMAL,0
3800.56,Electronics,Net Banking,USA,Chicago,15,0,SUSPICIOUS,0
127.15,Fuel,Debit Card,USA,New York,15,0,NORMAL,0
27.64,Fuel,Wallet,India,Bangalore,15,0,NORMAL,0
351.79,Travel,Wallet,USA,New York,15,0,NORMAL,0
5368.09,Luxury,Credit Card,North Korea,Pyongyang,15,0,FRAUD,1
158.02,Pharmacy,Debit Card,India,Mumbai,15,0,NORMAL,0
39.04,Food,Credit Card,Canada,Toronto,15,0,NORMAL,0
859.0,Travel,Net Banking,USA,Chicago,15,0,NORMAL,0
77.75,Food,Net Banking,USA,New York,15,0,NORMAL,0
150.84,Gaming,UPI,UK,London,15,0,NORMAL,0
245.93,Pharmacy,Debit Card,India,Bangalore,15,0,NORMAL,0
39.1,Fuel,Debit Card,USA,Chicago,15,0,NORMAL,0
8531.66,Electronics,Credit Card,Russia,Moscow,15,0,FRAUD,1
1306.35,Travel,Debit Card,Germany,Berlin,15,0,NORMAL,0
5481.3,Luxury,Credit Card,Russia,Moscow,15,0,FRAUD,1
60.58,Gaming,Net Banking,USA,New York,15,0,NORMAL,0
4059.49,Electronics,Net Banking,Canada,Toronto,15,0,NORMAL,0
3676.38,Luxury,Credit Card,Russia,Moscow,15,0,FRAUD,1
31.49,Food,Net Banking,India,Bangalore,15,0,NORMAL,0
329.62,Retail,Debit Card,Singapore,Singapore,15,0,NORMAL,0
76.17,Fuel,Wallet,USA,New York,15,0,NORMAL,0
4777.57,Electronics,Credit Card,Iran,Tehran,15,0,FRAUD,1
36.68,Food,Net Banking,Canada,Toronto,15,0,NORMAL,0
2634.41,Electronics,Net Banking,Singapore,Singapore,15,0,NORMAL,0
46.13,Transportation,Net Banking,USA,New York,15,0,NORMAL,0
6369.34,Luxury,Credit Card,North Korea,Pyongyang,15,0,FRAUD,1
4303.32,Electronics,Credit Card,USA,New York,15,0,NORMAL,0
3001.8,Electronics,Net Banking,USA,Chicago,15,0,SUSPICIOUS,0
361.25,Retail,UPI,USA,Chicago,15,0,NORMAL,0
211.96,Pharmacy,UPI,India,Bangalore,15,0,NORMAL,0
53.01,Pharmacy,Credit Card,Germany,Berlin,15,0,NORMAL,0
3199.91,Luxury,Debit Card,India,Bangalore,15,0,SUSPICIOUS,0
168.03,Retail,Credit Card,USA,Chicago,15,0,NORMAL,0
3694.35,Electronics,Net Banking,Singapore,Singapore,15,0,NORMAL,0
120.43,Fuel,Credit Card,Canada,Toronto,15,0,NORMAL,0
80.52,Gaming,Wallet,India,Bangalore,15,0,NORMAL,0
7557.29,Electronics,Credit Card,Russia,Moscow,15,0,FRAUD,1
413.47,Retail,UPI,Canada,Toronto,15,0,NORMAL,0
74.69,Pharmacy,Debit Card,USA,Chicago,15,0,NORMAL,0
2487.89,Electronics,Debit Card,UK,London,15,0,SUSPICIOUS,0
61.72,Gaming,Net Banking,Canada,Toronto,15,0,NORMAL,0
297.13,Retail,Net Banking,USA,Chicago,15,0,NORMAL,0
185.74,Gaming,Credit Card,Singapore,Singapore,15,0,NORMAL,0
1219.3,Travel,Wallet,Germany,Berlin,15,0,NORMAL,0
259.42,Retail,Debit Card,UK,London,15,0,NORMAL,0
491.11,Retail,UPI,Singapore,Singapore,15,0,NORMAL,0
65.11,Transportation,Credit Card,USA,New York,15,0,NORMAL,0
76.62,Transportation,Debit Card,Germany,Berlin,15,0,NORMAL,0
124.23,Gaming,Credit Card,Singapore,Singapore,15,0,NORMAL,0
4803.78,Electronics,Wallet,Germany,Berlin,15,0,NORMAL,0
447.73,Retail,Debit Card,Germany,Berlin,15,0,NORMAL,0
26.02,Food,Debit Card,UK,London,15,0,NORMAL,0
95.0,Retail,Debit Card,USA,Chicago,15,0,NORMAL,0
1365.83,Travel,Debit Card,Canada,Toronto,15,0,NORMAL,0
1342.48,Electronics,Credit Card,Singapore,Singapore,15,0,NORMAL,0
149.95,Fuel,Credit Card,UK,London,15,0,NORMAL,0
21.75,Fuel,Wallet,UK,London,15,0,NORMAL,0
2850.9,Electronics,Credit Card,USA,Chicago,15,0,NORMAL,0
860.57,Electronics,Net Banking,UK,London,15,0,NORMAL,0
4231.2,Travel,Credit Card,India,Bangalore,15,0,SUSPICIOUS,0
33.55,Transportation,Net Banking,India,Bangalore,15,0,NORMAL,0
129.67,Pharmacy,Wallet,India,Bangalore,15,0,NORMAL,0
22.21,Pharmacy,Debit Card,USA,New York,15,0,NORMAL,0
126.34,Gaming,Wallet,Germany,Berlin,15,0,NORMAL,0
2437.17,Electronics,Wallet,India,Mumbai,15,0,NORMAL,0
121.61,Fuel,Wallet,Canada,Toronto,15,0,NORMAL,0
3845.06,Electronics,Debit Card,USA,Chicago,15,0,SUSPICIOUS,0
5695.7,Electronics,Credit Card,Russia,Moscow,15,0,FRAUD,1
60.89,Food,Credit Card,Canada,Toronto,15,0,NORMAL,0
125.38,Gaming,Net Banking,USA,New York,15,0,NORMAL,0
134.24,Fuel,Wallet,USA,New York,15,0,NORMAL,0
2832.81,Electronics,UPI,Canada,Toronto,15,0,NORMAL,0
787.83,Electronics,Wallet,USA,Chicago,15,0,NORMAL,0
3252.47,Electronics,Wallet,Canada,Toronto,15,0,SUSPICIOUS,0
224.84,Pharmacy,Wallet,Singapore,Singapore,15,0,NORMAL,0
65.23,Retail,Credit Card,USA,Chicago,15,0,NORMAL,0
108.09,Transportation,Credit Card,USA,Chicago,15,0,NORMAL,0
4497.28,Electronics,Debit Card,Singapore,Singapore,15,0,NORMAL,0
1903.2,Travel,Debit Card,Germany,Berlin,15,0,SUSPICIOUS,0
104.31,Transportation,Net Banking,USA,New York,15,0,NORMAL,0
2814.37,Travel,Wallet,Germany,Berlin,15,0,NORMAL,0
322.55,Retail,Wallet,UK,London,15,0,NORMAL,0
2606.18,Travel,UPI,UK,London,15,0,NORMAL,0
100.66,Pharmacy,Debit Card,Germany,Berlin,15,0,NORMAL,0
222.27,Pharmacy,Debit Card,India,Bangalore,15,0,NORMAL,0
6931.98,Electronics,Credit Card,Russia,Moscow,15,0,FRAUD,1
40.2,Food,Wallet,UK,London,15,0,NORMAL,0
5808.96,Electronics,Credit Card,Russia,Moscow,15,0,FRAUD,1
236.92,Pharmacy,Wallet,USA,Chicago,15,0,NORMAL,0
2231.67,Travel,Debit Card,USA,Chicago,15,0,NORMAL,0
14.46,Food,UPI,India,Mumbai,15,0,NORMAL,0
5449.2,Luxury,Credit Card,Russia,Moscow,15,0,FRAUD,1
1354.47,Travel,Debit Card,Canada,Toronto,15,0,NORMAL,0
8257.08,Luxury,Credit Card,North Korea,Pyongyang,15,0,FRAUD,1
256.71,Retail,Wallet,Germany,Berlin,15,0,NORMAL,0
56.77,Food,Credit Card,India,Bangalore,15,0,NORMAL,0
3251.16,Electronics,Net Banking,India,Bangalore,15,0,NORMAL,0
4049.36,Electronics,Credit Card,India,Bangalore,15,0,NORMAL,0
197.92,Gaming,Wallet,UK,London,15,0,NORMAL,0
7433.7,Luxury,Net Banking,USA,Chicago,15,0,NORMAL,0
3119.77,Luxury,Debit Card,Canada,Toronto,15,0,NORMAL,0
626.93,Electronics,Net Banking,USA,Chicago,15,0,NORMAL,0
24.42,Transportation,Credit Card,USA,New York,15,0,NORMAL,0
2691.96,Electronics,Wallet,UK,London,15,0,SUSPICIOUS,0
99.73,Gaming,Credit Card,USA,Chicago,15,0,NORMAL,0
133.7,Fuel,Debit Card,Singapore,Singapore,15,0,NORMAL,0
4316.17,Electronics,UPI,USA,Chicago,15,0,NORMAL,0
65.6,Transportation,Wallet,India,Bangalore,15,0,NORMAL,0
135.58,Retail,UPI,Singapore,Singapore,15,0,NORMAL,0
38.83,Transportation,Net Banking,USA,New York,15,0,NORMAL,0
1558.76,Electronics,Wallet,India,Mumbai,15,0,NORMAL,0
51.62,Gaming,Wallet,India,Bangalore,15,0,NORMAL,0
4305.54,Travel,Credit Card,USA,Chicago,15,0,SUSPICIOUS,0
4485.68,Travel,Debit Card,Singapore,Singapore,15,0,SUSPICIOUS,0
133.41,Fuel,Wallet,Germany,Berlin,15,0,NORMAL,0
3569.28,Electronics,UPI,UK,London,15,0,SUSPICIOUS,0
61.03,Food,Debit Card,Germany,Berlin,15,0,NORMAL,0
4560.12,Luxury,UPI,India,Mumbai,15,0,NORMAL,0
4087.03,Electronics,Credit Card,North Korea,Pyongyang,15,0,FRAUD,1
53.23,Food,Debit Card,India,Bangalore,15,0,NORMAL,0
34.78,Food,Net Banking,India,Mumbai,15,0,NORMAL,0
776.7,Travel,Net Banking,Canada,Toronto,15,0,NORMAL,0
1533.61,Travel,UPI,India,Bangalore,15,0,NORMAL,0
957.45,Electronics,Wallet,USA,Chicago,15,0,NORMAL,0
24.55,Food,Net Banking,Canada,Toronto,15,0,NORMAL,0
47.1,Gaming,Credit Card,Germany,Berlin,15,0,NORMAL,0
7487.51,Electronics,Credit Card,Iran,Tehran,15,0,FRAUD,1
97.64,Transportation,Credit Card,Singapore,Singapore,15,0,NORMAL,0
57.43,Fuel,UPI,India,Mumbai,15,0,NORMAL,0
3160.32,Electronics,Debit Card,Singapore,Singapore,15,0,SUSPICIOUS,0
390.11,Travel,Net Banking,Germany,Berlin,15,0,NORMAL,0
440.5,Retail,Credit Card,UK,London,15,0,NORMAL,0
87.49,Gaming,Wallet,India,Mumbai,15,0,NORMAL,0
4046.8,Luxury,Credit Card,Iran,Tehran,15,0,FRAUD,1
17.74,Pharmacy,UPI,USA,New York,15,0,NORMAL,0
54.14,Food,Wallet,Canada,Toronto,15,0,NORMAL,0
429.93,Retail,Wallet,India,Mumbai,15,0,NORMAL,0
117.99,Fuel,Debit Card,India,Mumbai,15,0,NORMAL,0
72.45,Fuel,Debit Card,Germany,Berlin,15,0,NORMAL,0
1092.61,Travel,Credit Card,India,Mumbai,15,0,NORMAL,0
2414.58,Luxury,Wallet,India,Bangalore,15,0,NORMAL,0
206.32,Pharmacy,Wallet,Singapore,Singapore,15,0,NORMAL,0
1812.84,Travel,Credit Card,UK,London,15,0,NORMAL,0
95.42,Retail,Debit Card,USA,New York,15,0,NORMAL,0
21.41,Food,Wallet,Singapore,Singapore,15,0,NORMAL,0
352.49,Retail,Wallet,Singapore,Singapore,15,0,NORMAL,0
588.63,Electronics,Wallet,Canada,Toronto,15,0,NORMAL,0
50.53,Fuel,Net Banking,India,Mumbai,15,0,NORMAL,0
1878.86,Travel,UPI,Canada,Toronto,15,0,NORMAL,0
6315.19,Luxury,Debit Card,Singapore,Singapore,15,0,NORMAL,0
4223.53,Electronics,Wallet,Germany,Berlin,15,0,SUSPICIOUS,0
3896.78,Travel,UPI,India,Bangalore,15,0,SUSPICIOUS,0
1065.8,Electronics,Wallet,Singapore,Singapore,15,0,NORMAL,0
1877.23,Electronics,UPI,India,Bangalore,15,0,NORMAL,0
4490.03,Electronics,Credit Card,North Korea,Pyongyang,15,0,FRAUD,1
8209.27,Electronics,Credit Card,Iran,Tehran,15,0,FRAUD,1
175.0,Retail,Credit Card,USA,Chicago,15,0,NORMAL,0
2753.21,Travel,Net Banking,Germany,Berlin,15,0,NORMAL,0
4483.29,Electronics,Wallet,Germany,Berlin,15,0,NORMAL,0
142.8,Fuel,Net Banking,India,Bangalore,15,0,NORMAL,0
4117.94,Electronics,UPI,USA,Chicago,15,0,SUSPICIOUS,0
168.03,Pharmacy,Debit Card,UK,London,15,0,NORMAL,0
4461.03,Electronics,UPI,Germany,Berlin,15,0,NORMAL,0
2877.88,Electronics,Credit Card,USA,New York,15,0,NORMAL,0
2856.83,Electronics,Net Banking,USA,Chicago,15,0,NORMAL,0
100.86,Gaming,Credit Card,USA,New York,15,0,NORMAL,0
105.91,Retail,Net Banking,Singapore,Singapore,15,0,NORMAL,0
51.38,Transportation,Debit Card,USA,Chicago,15,0,NORMAL,0
7986.68,Luxury,Credit Card,Singapore,Singapore,15,0,NORMAL,0
4294.08,Electronics,Net Banking,USA,Chicago,15,0,NORMAL,0
98.72,Gaming,UPI,Singapore,Singapore,15,0,NORMAL,0
4701.81,Luxury,Net Banking,USA,New York,15,0,NORMAL,0
107.53,Transportation,Net Banking,Singapore,Singapore,15,0,NORMAL,0
448.15,Electronics,Wallet,India,Bangalore,15,0,NORMAL,0
2804.96,Electronics,Net Banking,Germany,Berlin,15,0,SUSPICIOUS,0
130.37,Retail,Debit Card,UK,London,15,0,NORMAL,0
33.37,Food,Debit Card,USA,Chicago,15,0,NORMAL,0
39.44,Food,Credit Card,India,Mumbai,15,0,NORMAL,0
6158.64,Electronics,Credit Card,Iran,Tehran,15,0,FRAUD,1
172.83,Retail,UPI,UK,London,15,0,NORMAL,0
104.57,Fuel,Credit Card,USA,Chicago,15,0,NORMAL,0
3631.67,Luxury,Credit Card,Singapore,Singapore,15,0,SUSPICIOUS,0
1933.97,Travel,Wallet,India,Bangalore,15,0,NORMAL,0
9.69,Food,Wallet,USA,New York,15,0,NORMAL,0
143.32,Fuel,Net Banking,Canada,Toronto,15,0,NORMAL,0
103.52,Transportation,UPI,Canada,Toronto,15,0,NORMAL,0
4241.5,Travel,Wallet,India,Bangalore,15,0,SUSPICIOUS,0
57.14,Transportation,UPI,USA,Chicago,15,0,NORMAL,0
404.17,Retail,UPI,USA,Chicago,15,0,NORMAL,0
186.46,Pharmacy,Wallet,USA,Chicago,15,0,NORMAL,0
2438.35,Travel,Net Banking,USA,New York,15,0,NORMAL,0
3628.51,Electronics,Net Banking,UK,London,15,0,NORMAL,0
431.53,Retail,Credit Card,USA,Chicago,15,0,NORMAL,0
470.17,Retail,Wallet,Canada,Toronto,15,0,NORMAL,0
27.11,Transportation,Debit Card,USA,Chicago,15,0,NORMAL,0
64.12,Food,Credit Card,Canada,Toronto,15,0,NORMAL,0
1174.66,Electronics,Net Banking,Canada,Toronto,15,0,NORMAL,0
236.97,Pharmacy,UPI,Canada,Toronto,15,0,NORMAL,0
20.99,Fuel,Debit Card,USA,New York,15,0,NORMAL,0
1884.72,Travel,Credit Card,Singapore,Singapore,15,0,NORMAL,0
2097.25,Luxury,Debit Card,USA,New York,15,0,SUSPICIOUS,0
670.49,Travel,UPI,USA,New York,15,0,NORMAL,0
25.48,Food,Net Banking,Canada,Toronto,15,0,NORMAL,0
7269.03,Luxury,Credit Card,Russia,Moscow,15,0,FRAUD,1
3707.52,Electronics,UPI,USA,New York,15,0,NORMAL,0
7627.16,Luxury,Credit Card,Russia,Moscow,15,0,FRAUD,1
43.33,Food,Net Banking,UK,London,15,0,NORMAL,0
52.12,Food,Debit Card,India,Bangalore,15,0,NORMAL,0
441.32,Travel,Wallet,Singapore,Singapore,15,0,NORMAL,0
1161.81,Travel,Debit Card,Singapore,Singapore,15,0,NORMAL,0
2212.23,Electronics,UPI,India,Mumbai,15,0,NORMAL,0
520.78,Travel,UPI,India,Bangalore,15,0,NORMAL,0
117.75,Transportation,Debit Card,Germany,Berlin,15,0,NORMAL,0
115.75,Transportation,Debit Card,USA,Chicago,15,0,NORMAL,0
107.73,Fuel,Debit Card,USA,Chicago,15,0,NORMAL,0
157.06,Gaming,Debit Card,Canada,Toronto,15,0,NORMAL,0
41.24,Transportation,Debit Card,India,Mumbai,15,0,NORMAL,0
2653.97,Electronics,Credit Card,UK,London,15,0,SUSPICIOUS,0
3831.57,Luxury,Net Banking,UK,London,15,0,NORMAL,0
875.65,Electronics,UPI,Singapore,Singapore,15,0,NORMAL,0
2958.41,Travel,Wallet,USA,New York,15,0,NORMAL,0
31.13,Fuel,Wallet,USA,New York,15,0,NORMAL,0
3672.26,Travel,UPI,UK,London,15,0,SUSPICIOUS,0
105.51,Transportation,UPI,USA,New York,15,0,NORMAL,0
8433.11,Luxury,Credit Card,Iran,Tehran,15,0,FRAUD,1
4463.0,Travel,Debit Card,UK,London,15,0,SUSPICIOUS,0
3184.45,Luxury,Wallet,Canada,Toronto,15,0,SUSPICIOUS,0
443.55,Electronics,UPI,Canada,Toronto,15,0,NORMAL,0
201.08,Pharmacy,Credit Card,India,Bangalore,15,0,NORMAL,0
1806.96,Travel,Net Banking,India,Mumbai,15,0,NORMAL,0
4261.41,Electronics,Net Banking,India,Bangalore,15,0,NORMAL,0
2986.61,Electronics,UPI,USA,Chicago,15,0,SUSPICIOUS,0
7284.68,Electronics,Credit Card,North Korea,Pyongyang,15,0,FRAUD,1
48.93,Retail,Credit Card,USA,Chicago,15,0,NORMAL,0
4929.9,Luxury,Credit Card,UK,London,15,0,NORMAL,0
8040.61,Electronics,Credit Card,Iran,Tehran,15,0,FRAUD,1
36.38,Pharmacy,Wallet,USA,Chicago,15,0,NORMAL,0
2679.63,Travel,Wallet,Canada,Toronto,15,0,NORMAL,0
3794.44,Electronics,Credit Card,Germany,Berlin,15,0,NORMAL,0
141.1,Retail,Net Banking,UK,London,15,0,NORMAL,0
1685.34,Travel,UPI,Canada,Toronto,15,0,NORMAL,0
4324.68,Luxury,Credit Card,USA,New York,15,0,NORMAL,0
71.08,Gaming,Wallet,Germany,Berlin,15,0,NORMAL,0
290.1,Retail,Wallet,USA,Chicago,15,0,NORMAL,0
1529.48,Travel,Wallet,USA,Chicago,15,0,SUSPICIOUS,0
845.16,Travel,Wallet,UK,London,15,0,NORMAL,0
108.2,Transportation,Net Banking,India,Bangalore,15,0,NORMAL,0
30.5,Transportation,UPI,USA,Chicago,15,0,NORMAL,0
172.12,Gaming,Credit Card,Canada,Toronto,15,0,NORMAL,0
236.99,Retail,Net Banking,India,Bangalore,15,0,NORMAL,0
3575.83,Electronics,UPI,Singapore,Singapore,15,0,NORMAL,0
104.96,Pharmacy,Credit Card,UK,London,15,0,NORMAL,0
4019.58,Electronics,Debit Card,USA,Chicago,15,0,NORMAL,0
209.79,Pharmacy,Credit Card,USA,Chicago,15,0,NORMAL,0
2640.03,Travel,Wallet,USA,New York,15,0,NORMAL,0
75.99,Transportation,Net Banking,USA,Chicago,15,0,NORMAL,0
8966.81,Electronics,Credit Card,Russia,Moscow,15,0,FRAUD,1
2325.2,Travel,Debit Card,UK,London,15,0,SUSPICIOUS,0
34.63,Retail,Credit Card,Germany,Berlin,15,0,NORMAL,0
181.77,Gaming,Credit Card,USA,New York,15,0,NORMAL,0
6304.14,Electronics,Credit Card,Russia,Moscow,15,0,FRAUD,1
2567.17,Travel,Credit Card,USA,New York,15,0,NORMAL,0
1757.52,Electronics,Net Banking,India,Bangalore,15,0,SUSPICIOUS,0
586.44,Electronics,Wallet,Germany,Berlin,15,0,NORMAL,0
2473.61,Luxury,UPI,Germany,Berlin,15,0,NORMAL,0
3800.36,Luxury,Credit Card,UK,London,15,0,NORMAL,0
123.98,Fuel,Debit Card,India,Mumbai,15,0,NORMAL,0
294.62,Retail,Credit Card,India,Mumbai,15,0,NORMAL,0
156.95,Retail,Net Banking,Singapore,Singapore,15,0,NORMAL,0
109.11,Pharmacy,Credit Card,UK,London,15,0,NORMAL,0
13.59,Transportation,Wallet,India,Bangalore,15,0,NORMAL,0
117.19,Fuel,UPI,UK,London,15,0,NORMAL,0
305.25,Retail,Debit Card,USA,New York,15,0,NORMAL,0
4298.16,Luxury,Net Banking,India,Mumbai,15,0,NORMAL,0
52.72,Fuel,Credit Card,USA,Chicago,15,0,NORMAL,0
52.89,Retail,Credit Card,Singapore,Singapore,15,0,NORMAL,0
234.91,Pharmacy,UPI,Singapore,Singapore,15,0,NORMAL,0
548.3,Electronics,Debit Card,Germany,Berlin,15,0,NORMAL,0
3858.67,Electronics,Net Banking,USA,Chicago,15,0,SUSPICIOUS,0
22.56,Transportation,Credit Card,USA,Chicago,15,0,NORMAL,0
17.9,Pharmacy,Net Banking,Germany,Berlin,15,0,NORMAL,0
4293.36,Luxury,UPI,Germany,Berlin,15,0,NORMAL,0
8467.19,Electronics,Credit Card,North Korea,Pyongyang,15,0,FRAUD,1
66.37,Gaming,Credit Card,UK,London,15,0,NORMAL,0
25.03,Transportation,Credit Card,Singapore,Singapore,15,0,NORMAL,0
46.03,Food,Debit Card,India,Bangalore,15,0,NORMAL,0
8342.96,Electronics,Credit Card,Iran,Tehran,15,0,FRAUD,1
3808.34,Electronics,UPI,Germany,Berlin,15,0,SUSPICIOUS,0
1962.57,Travel,Net Banking,India,Bangalore,15,0,NORMAL,0
54.61,Food,Credit Card,UK,London,15,0,NORMAL,0
34.71,Gaming,Debit Card,UK,London,15,0,NORMAL,0
292.68,Retail,Net Banking,USA,Chicago,15,0,NORMAL,0
3653.12,Electronics,Credit Card,Russia,Moscow,15,0,FRAUD,1
127.22,Retail,Net Banking,Germany,Berlin,15,0,NORMAL,0
52.2,Food,UPI,USA,New York,15,0,NORMAL,0
6409.43,Electronics,Credit Card,North Korea,Pyongyang,15,0,FRAUD,1
962.9,Travel,Debit Card,USA,New York,15,0,NORMAL,0
8726.41,Luxury,Credit Card,Iran,Tehran,15,0,FRAUD,1
256.07,Retail,Credit Card,India,Bangalore,15,0,NORMAL,0
370.36,Travel,Debit Card,USA,Chicago,15,0,NORMAL,0
476.82,Retail,Wallet,USA,Chicago,15,0,NORMAL,0
304.57,Retail,Wallet,USA,Chicago,15,0,NORMAL,0
512.96,Electronics,Wallet,USA,New York,15,0,NORMAL,0
13.8,Transportation,Net Banking,Singapore,Singapore,15,0,NORMAL,0
2052.59,Electronics,Net Banking,Canada,Toronto,15,0,SUSPICIOUS,0
419.17,Travel,UPI,Germany,Berlin,15,0,NORMAL,0
3123.52,Travel,Net Banking,India,Bangalore,15,0,SUSPICIOUS,0
4849.2,Electronics,Net Banking,Canada,Toronto,15,0,NORMAL,0
3169.74,Electronics,UPI,USA,Chicago,15,0,NORMAL,0
264.47,Retail,UPI,Singapore,Singapore,15,0,NORMAL,0
1346.24,Travel,Credit Card,Canada,Toronto,15,0,NORMAL,0
61.16,Food,UPI,USA,New York,15,0,NORMAL,0
183.15,Retail,Debit Card,UK,London,15,0,NORMAL,0
2113.78,Travel,UPI,Germany,Berlin,15,0,NORMAL,0
52.94,Fuel,Debit Card,USA,New York,15,0,NORMAL,0
2713.11,Electronics,Net Banking,India,Bangalore,15,0,SUSPICIOUS,0
5375.5,Luxury,Credit Card,North Korea,Pyongyang,15,0,FRAUD,1
2712.32,Luxury,Debit Card,Germany,Berlin,15,0,NORMAL,0
3689.1,Travel,Net Banking,Germany,Berlin,15,0,SUSPICIOUS,0
2199.69,Electronics,UPI,India,Mumbai,15,0,SUSPICIOUS,0
89.47,Fuel,Net Banking,USA,Chicago,15,0,NORMAL,0
18.94,Gaming,Debit Card,Germany,Berlin,15,0,NORMAL,0
5785.26,Luxury,Credit Card,North Korea,Pyongyang,15,0,FRAUD,1
48.25,Food,UPI,UK,London,15,0,NORMAL,0
72.88,Food,Wallet,USA,Chicago,15,0,NORMAL,0
7799.18,Luxury,Credit Card,Iran,Tehran,15,0,FRAUD,1
8808.2,Luxury,Credit Card,Russia,Moscow,15,0,FRAUD,1
406.29,Retail,Wallet,Canada,Toronto,15,0,NORMAL,0
258.24,Retail,Net Banking,USA,Chicago,15,0,NORMAL,0
78.31,Transportation,Wallet,Canada,Toronto,15,0,NORMAL,0
2844.91,Electronics,Net Banking,Germany,Berlin,15,0,NORMAL,0
167.49,Pharmacy,Wallet,UK,London,15,0,NORMAL,0
3487.57,Electronics,Credit Card,Canada,Toronto,15,0,NORMAL,0
68.03,Food,Debit Card,USA,Chicago,15,0,NORMAL,0
151.53,Retail,UPI,Germany,Berlin,15,0,NORMAL,0
45.2,Food,Debit Card,India,Mumbai,15,0,NORMAL,0
2524.12,Travel,Wallet,USA,New York,15,0,NORMAL,0
57.97,Transportation,UPI,Germany,Berlin,15,0,NORMAL,0
3565.17,Luxury,Net Banking,UK,London,15,0,SUSPICIOUS,0
71.17,Retail,Credit Card,Germany,Berlin,15,0,NORMAL,0
74.35,Food,Net Banking,USA,Chicago,15,0,NORMAL,0
421.92,Retail,Debit Card,India,Mumbai,15,0,NORMAL,0
249.74,Retail,Debit Card,USA,Chicago,15,0,NORMAL,0
2387.02,Luxury,Credit Card,USA,New York,15,0,SUSPICIOUS,0
2237.1,Electronics,Net Banking,UK,London,15,0,NORMAL,0
3875.41,Luxury,Credit Card,Russia,Moscow,15,0,FRAUD,1
283.35,Retail,Debit Card,USA,Chicago,15,0,NORMAL,0
7.15,Food,Credit Card,USA,Chicago,15,0,NORMAL,0
82.73,Transportation,Credit Card,India,Bangalore,15,0,NORMAL,0
2203.6,Travel,Credit Card,Singapore,Singapore,15,0,NORMAL,0
199.2,Pharmacy,UPI,Germany,Berlin,15,0,NORMAL,0
80.74,Fuel,Debit Card,Germany,Berlin,15,0,NORMAL,0
4035.37,Electronics,Credit Card,India,Mumbai,15,0,NORMAL,0
4219.88,Electronics,Wallet,UK,London,15,0,SUSPICIOUS,0
271.01,Retail,Net Banking,Canada,Toronto,15,0,NORMAL,0
680.63,Travel,Credit Card,Germany,Berlin,15,0,NORMAL,0
1942.72,Travel,UPI,USA,Chicago,15,0,SUSPICIOUS,0
160.23,Pharmacy,Credit Card,UK,London,15,0,NORMAL,0
64.14,Fuel,Net Banking,UK,London,15,0,NORMAL,0
1751.59,Electronics,Debit Card,India,Bangalore,15,0,SUSPICIOUS,0
144.31,Retail,UPI,USA,New York,15,0,NORMAL,0
93.92,Gaming,Debit Card,USA,Chicago,15,0,NORMAL,0
230.79,Retail,Debit Card,India,Mumbai,15,0,NORMAL,0
31.88,Retail,UPI,Germany,Berlin,15,0,NORMAL,0
525.34,Electronics,UPI,USA,New York,15,0,NORMAL,0
2218.28,Electronics,UPI,Canada,Toronto,15,0,SUSPICIOUS,0
7703.45,Luxury,Wallet,India,Mumbai,15,0,NORMAL,0
1373.35,Electronics,Wallet,India,Mumbai,15,0,NORMAL,0
6278.23,Electronics,Credit Card,Russia,Moscow,15,0,FRAUD,1
1156.92,Electronics,Wallet,USA,New York,15,0,NORMAL,0
2169.22,Electronics,Net Banking,USA,Chicago,15,0,SUSPICIOUS,0
61.44,Food,Net Banking,USA,New York,15,0,NORMAL,0
1299.67,Luxury,Credit Card,Singapore,Singapore,15,0,NORMAL,0
142.83,Pharmacy,Credit Card,India,Mumbai,15,0,NORMAL,0
8530.99,Electronics,Credit Card,Iran,Tehran,15,0,FRAUD,1
453.64,Retail,Debit Card,USA,Chicago,15,0,NORMAL,0
36.37,Food,Debit Card,India,Bangalore,15,0,NORMAL,0
11.2,Transportation,Wallet,USA,New York,15,0,NORMAL,0
3152.06,Luxury,Net Banking,USA,New York,15,0,NORMAL,0
67.1,Transportation,Debit Card,UK,London,15,0,NORMAL,0
168.09,Gaming,Wallet,India,Bangalore,15,0,NORMAL,0
6475.47,Luxury,Debit Card,UK,London,15,0,NORMAL,0
378.69,Retail,Credit Card,USA,New York,15,0,NORMAL,0
178.04,Pharmacy,Debit Card,India,Mumbai,15,0,NORMAL,0
737.46,Electronics,Debit Card,Singapore,Singapore,15,0,NORMAL,0
68.6,Food,Debit Card,India,Bangalore,15,0,NORMAL,0
120.67,Gaming,UPI,India,Bangalore,15,0,NORMAL,0
186.56,Travel,Wallet,Germany,Berlin,15,0,NORMAL,0
38.85,Transportation,UPI,USA,Chicago,15,0,NORMAL,0
1703.02,Travel,Net Banking,Singapore,Singapore,15,0,NORMAL,0
8050.22,Luxury,Credit Card,Russia,Moscow,15,0,FRAUD,1
181.79,Gaming,UPI,USA,New York,15,0,NORMAL,0
5484.03,Luxury,UPI,Germany,Berlin,15,0,NORMAL,0
179.7,Gaming,Debit Card,USA,New York,15,0,NORMAL,0
6434.83,Luxury,Credit Card,North Korea,Pyongyang,15,0,FRAUD,1
140.4,Pharmacy,Credit Card,UK,London,15,0,NORMAL,0
7161.7,Luxury,UPI,India,Mumbai,15,0,NORMAL,0
485.42,Retail,UPI,Singapore,Singapore,15,0,NORMAL,0
1719.85,Electronics,Wallet,Germany,Berlin,15,0,NORMAL,0
152.29,Pharmacy,UPI,India,Bangalore,15,0,NORMAL,0
5936.44,Luxury,Credit Card,Iran,Tehran,15,0,FRAUD,1
971.25,Travel,UPI,UK,London,15,0,NORMAL,0
2855.27,Travel,Wallet,India,Mumbai,15,0,NORMAL,0
451.02,Travel,Wallet,India,Bangalore,15,0,NORMAL,0
38.93,Fuel,Debit Card,USA,New York,15,0,NORMAL,0
194.24,Pharmacy,Net Banking,USA,New York,15,0,NORMAL,0
1672.71,Electronics,Net Banking,India,Mumbai,15,0,NORMAL,0
335.83,Retail,Debit Card,UK,London,15,0,NORMAL,0
3777.0,Luxury,Credit Card,USA,Chicago,15,0,NORMAL,0
4705.79,Electronics,Credit Card,USA,Chicago,15,0,NORMAL,0
5530.21,Electronics,Credit Card,Russia,Moscow,15,0,FRAUD,1
26.98,Food,Credit Card,Germany,Berlin,15,0,NORMAL,0
413.0,Retail,UPI,India,Bangalore,15,0,NORMAL,0
37.94,Fuel,Net Banking,Germany,Berlin,15,0,NORMAL,0
6515.22,Luxury,Net Banking,USA,New York,15,0,NORMAL,0
87.54,Fuel,Net Banking,Canada,Toronto,15,0,NORMAL,0
164.79,Gaming,Net Banking,USA,New York,15,0,NORMAL,0
2512.14,Luxury,UPI,USA,New York,15,0,SUSPICIOUS,0
3653.51,Electronics,Net Banking,India,Mumbai,15,0,NORMAL,0
35.21,Transportation,Net Banking,India,Bangalore,15,0,NORMAL,0
1364.56,Electronics,Debit Card,Canada,Toronto,15,0,NORMAL,0
158.81,Pharmacy,Net Banking,UK,London,15,0,NORMAL,0
7489.61,Luxury,Credit Card,Iran,Tehran,15,0,FRAUD,1
2760.67,Luxury,Net Banking,USA,New York,15,0,NORMAL,0
1825.24,Electronics,Debit Card,USA,Chicago,15,0,SUSPICIOUS,0
136.73,Fuel,Credit Card,Germany,Berlin,15,0,NORMAL,0
137.61,Pharmacy,UPI,India,Bangalore,15,0,NORMAL,0
4024.3,Luxury,Credit Card,North Korea,Pyongyang,15,0,FRAUD,1
40.18,Food,Wallet,Canada,Toronto,15,0,NORMAL,0
98.68,Retail,Net Banking,Germany,Berlin,15,0,NORMAL,0
108.53,Transportation,Debit Card,Canada,Toronto,15,0,NORMAL,0
2023.99,Travel,Net Banking,India,Mumbai,15,0,NORMAL,0
1996.66,Luxury,Credit Card,India,Mumbai,15,0,NORMAL,0
4598.67,Luxury,Credit Card,Russia,Moscow,15,0,FRAUD,1
102.39,Gaming,Debit Card,Canada,Toronto,15,0,NORMAL,0
62.49,Food,UPI,Canada,Toronto,15,0,NORMAL,0
1600.65,Travel,Debit Card,USA,New York,15,0,NORMAL,0
53.98,Food,UPI,India,Bangalore,15,0,NORMAL,0
116.57,Transportation,Wallet,USA,New York,15,0,NORMAL,0
24.11,Gaming,Wallet,USA,New York,15,0,NORMAL,0
4170.59,Luxury,UPI,Singapore,Singapore,15,0,NORMAL,0
117.87,Fuel,Net Banking,Canada,Toronto,15,0,NORMAL,0
194.18,Retail,Credit Card,USA,New York,15,0,NORMAL,0
107.37,Transportation,Credit Card,USA,Chicago,15,0,NORMAL,0
4873.82,Electronics,Net Banking,India,Mumbai,15,0,NORMAL,0
4250.57,Travel,Credit Card,India,Mumbai,15,0,SUSPICIOUS,0
8199.34,Luxury,Credit Card,North Korea,Pyongyang,15,0,FRAUD,1
7561.69,Luxury,Debit Card,India,Mumbai,15,0,NORMAL,0
79.13,Food,Wallet,Canada,Toronto,15,0,NORMAL,0
161.45,Pharmacy,Net Banking,UK,London,15,0,NORMAL,0
3343.43,Electronics,Debit Card,India,Mumbai,15,0,NORMAL,0
4233.4,Electronics,Wallet,USA,New York,15,0,NORMAL,0
6887.95,Luxury,Credit Card,Russia,Moscow,15,0,FRAUD,1
1486.75,Travel,UPI,UK,London,15,0,NORMAL,0
378.17,Retail,Wallet,USA,Chicago,15,0,NORMAL,0
7835.54,Luxury,Debit Card,Germany,Berlin,15,0,NORMAL,0
123.51,Fuel,Debit Card,Canada,Toronto,15,0,NORMAL,0
1030.83,Luxury,Wallet,India,Bangalore,15,0,NORMAL,0
2601.88,Electronics,Credit Card,Singapore,Singapore,15,0,SUSPICIOUS,0
273.2,Travel,Credit Card,India,Bangalore,15,0,NORMAL,0
51.91,Transportation,Net Banking,USA,Chicago,15,0,NORMAL,0
4551.65,Electronics,UPI,Canada,Toronto,15,0,NORMAL,0
2781.39,Travel,Credit Card,UK,London,15,0,NORMAL,0
4441.68,Luxury,Debit Card,India,Bangalore,15,0,SUSPICIOUS,0
3192.33,Electronics,UPI,Singapore,Singapore,15,0,NORMAL,0
4490.64,Electronics,Net Banking,UK,London,15,0,SUSPICIOUS,0
62.89,Transportation,Net Banking,UK,London,15,0,NORMAL,0
2750.63,Travel,Credit Card,India,Bangalore,15,0,SUSPICIOUS,0
3540.3,Travel,Debit Card,Singapore,Singapore,15,0,SUSPICIOUS,0
29.03,Fuel,Credit Card,UK,London,15,0,NORMAL,0
1576.13,Electronics,Debit Card,UK,London,15,0,SUSPICIOUS,0
2584.06,Electronics,Debit Card,Germany,Berlin,15,0,SUSPICIOUS,0
102.48,Retail,UPI,Germany,Berlin,15,0,NORMAL,0
16.39,Food,Net Banking,Germany,Berlin,15,0,NORMAL,0
899.32,Travel,Credit Card,India,Bangalore,15,0,NORMAL,0
3173.67,Electronics,Debit Card,Singapore,Singapore,15,0,NORMAL,0
1166.22,Electronics,UPI,USA,New York,15,0,NORMAL,0
4488.85,Luxury,Credit Card,Canada,Toronto,15,0,SUSPICIOUS,0
35.52,Transportation,Credit Card,USA,Chicago,15,0,NORMAL,0
145.32,Retail,UPI,USA,Chicago,15,0,NORMAL,0
609.56,Electronics,Debit Card,India,Bangalore,15,0,NORMAL,0
33.03,Food,Net Banking,Singapore,Singapore,15,0,NORMAL,0
316.2,Retail,Credit Card,Singapore,Singapore,15,0,NORMAL,0
450.05,Retail,Net Banking,UK,London,15,0,NORMAL,0
6343.42,Luxury,Wallet,USA,Chicago,15,0,NORMAL,0
28.48,Food,Wallet,USA,New York,15,0,NORMAL,0
73.06,Food,Credit Card,USA,Chicago,15,0,NORMAL,0
3709.92,Electronics,Wallet,UK,London,15,0,SUSPICIOUS,0
45.42,Pharmacy,Wallet,Germany,Berlin,15,0,NORMAL,0
130.39,Gaming,Credit Card,Germany,Berlin,15,0,NORMAL,0
20.3,Retail,Wallet,USA,New York,15,0,NORMAL,0
327.29,Retail,Credit Card,UK,London,15,0,NORMAL,0
106.31,Pharmacy,Wallet,India,Mumbai,15,0,NORMAL,0
4957.78,Electronics,Credit Card,USA,New York,15,0,NORMAL,0
1732.96,Travel,Wallet,Canada,Toronto,15,0,SUSPICIOUS,0
5367.86,Luxury,Debit Card,India,Mumbai,15,0,NORMAL,0
180.56,Gaming,Net Banking,India,Mumbai,15,0,NORMAL,0
180.32,Gaming,Credit Card,Singapore,Singapore,15,0,NORMAL,0
1799.19,Travel,Net Banking,India,Bangalore,15,0,NORMAL,0
2409.85,Travel,Wallet,Canada,Toronto,15,0,SUSPICIOUS,0
243.74,Retail,Net Banking,UK,London,15,0,NORMAL,0
128.25,Gaming,UPI,Singapore,Singapore,15,0,NORMAL,0
26.47,Transportation,Net Banking,Canada,Toronto,15,0,NORMAL,0
185.77,Gaming,Net Banking,Canada,Toronto,15,0,NORMAL,0
46.94,Transportation,Debit Card,India,Mumbai,15,0,NORMAL,0
17.24,Pharmacy,UPI,USA,Chicago,15,0,NORMAL,0
73.67,Food,Debit Card,Canada,Toronto,15,0,NORMAL,0
63.93,Transportation,Credit Card,Singapore,Singapore,15,0,NORMAL,0
1560.36,Electronics,Debit Card,USA,New York,15,0,SUSPICIOUS,0
54.76,Transportation,UPI,Singapore,Singapore,15,0,NORMAL,0
4711.43,Electronics,Net Banking,India,Bangalore,15,0,NORMAL,0
102.29,Transportation,Net Banking,Germany,Berlin,15,0,NORMAL,0
168.71,Pharmacy,Debit Card,Germany,Berlin,15,0,NORMAL,0
30.72,Gaming,Wallet,Singapore,Singapore,15,0,NORMAL,0
2153.55,Travel,Credit Card,India,Mumbai,15,0,NORMAL,0
3034.07,Electronics,UPI,Germany,Berlin,15,0,SUSPICIOUS,0
60.06,Food,Credit Card,Canada,Toronto,15,0,NORMAL,0
80.28,Transportation,Debit Card,Singapore,Singapore,15,0,NORMAL,0
9.09,Food,Net Banking,Canada,Toronto,15,0,NORMAL,0
111.98,Fuel,Debit Card,Germany,Berlin,15,0,NORMAL,0
13.51,Food,Credit Card,Canada,Toronto,15,0,NORMAL,0
5895.96,Luxury,Credit Card,Singapore,Singapore,15,0,NORMAL,0
1828.15,Travel,Net Banking,India,Bangalore,15,0,SUSPICIOUS,0
2225.44,Luxury,Debit Card,USA,New York,15,0,NORMAL,0
193.74,Pharmacy,Net Banking,USA,New York,15,0,NORMAL,0
132.68,Fuel,UPI,USA,New York,15,0,NORMAL,0
380.98,Travel,Credit Card,Singapore,Singapore,15,0,NORMAL,0
4644.62,Electronics,Credit Card,India,Mumbai,15,0,NORMAL,0
1509.33,Electronics,Wallet,India,Bangalore,15,0,NORMAL,0
2745.53,Electronics,Debit Card,Canada,Toronto,15,0,NORMAL,0
35.96,Transportation,Credit Card,UK,London,15,0,NORMAL,0
19.02,Food,Credit Card,Germany,Berlin,15,0,NORMAL,0
222.06,Pharmacy,UPI,Canada,Toronto,15,0,NORMAL,0
2031.52,Travel,Wallet,India,Mumbai,15,0,SUSPICIOUS,0
1505.31,Luxury,Credit Card,Canada,Toronto,15,0,NORMAL,0
123.29,Fuel,Net Banking,USA,Chicago,15,0,NORMAL,0
69.99,Food,Debit Card,USA,New York,15,0,NORMAL,0
5545.61,Luxury,Credit Card,Iran,Tehran,15,0,FRAUD,1
286.6,Retail,Debit Card,Germany,Berlin,15,0,NORMAL,0
105.2,Gaming,Debit Card,India,Bangalore,15,0,NORMAL,0
44.02,Transportation,Debit Card,Germany,Berlin,15,0,NORMAL,0
26.67,Retail,Debit Card,UK,London,15,0,NORMAL,0
5586.49,Luxury,Credit Card,Singapore,Singapore,15,0,NORMAL,0
2913.35,Travel,Debit Card,USA,New York,15,0,SUSPICIOUS,0
92.19,Transportation,Credit Card,USA,New York,15,0,NORMAL,0
886.41,Electronics,Wallet,Singapore,Singapore,15,0,NORMAL,0
199.27,Gaming,Wallet,India,Mumbai,15,0,NORMAL,0
207.11,Retail,UPI,UK,London,15,0,NORMAL,0
1770.38,Travel,Net Banking,USA,Chicago,15,0,NORMAL,0
64.88,Fuel,UPI,India,Mumbai,15,0,NORMAL,0
7956.08,Electronics,Credit Card,North Korea,Pyongyang,15,0,FRAUD,1
277.79,Retail,Wallet,India,Mumbai,15,0,NORMAL,0
3507.25,Electronics,Net Banking,India,Bangalore,15,0,SUSPICIOUS,0
309.87,Retail,Credit Card,USA,New York,15,0,NORMAL,0
229.65,Retail,Net Banking,India,Bangalore,15,0,NORMAL,0
3925.14,Electronics,Debit Card,Singapore,Singapore,15,0,SUSPICIOUS,0
44.16,Food,Credit Card,UK,London,15,0,NORMAL,0
206.38,Pharmacy,Debit Card,India,Mumbai,15,0,NORMAL,0
6145.27,Luxury,Net Banking,Germany,Berlin,15,0,NORMAL,0
48.36,Transportation,UPI,Germany,Berlin,15,0,NORMAL,0
35.57,Food,UPI,Singapore,Singapore,15,0,NORMAL,0
2412.44,Electronics,Debit Card,UK,London,15,0,SUSPICIOUS,0
613.22,Travel,UPI,USA,New York,15,0,NORMAL,0
2906.13,Luxury,Net Banking,India,Bangalore,15,0,NORMAL,0
76.71,Food,UPI,Canada,Toronto,15,0,NORMAL,0
1600.81,Luxury,UPI,Canada,Toronto,15,0,NORMAL,0
118.31,Transportation,Credit Card,USA,New York,15,0,NORMAL,0
54.51,Gaming,Debit Card,Germany,Berlin,15,0,NORMAL,0
1258.0,Luxury,Debit Card,USA,New York,15,0,NORMAL,0
4223.21,Travel,Credit Card,USA,Chicago,15,0,SUSPICIOUS,0
6024.21,Luxury,Credit Card,Russia,Moscow,15,0,FRAUD,1
57.22,Transportation,Credit Card,USA,New York,15,0,NORMAL,0
6649.97,Electronics,Credit Card,Iran,Tehran,15,0,FRAUD,1
19.81,Transportation,Credit Card,USA,Chicago,15,0,NORMAL,0
204.18,Retail,Credit Card,UK,London,15,0,NORMAL,0
41.89,Food,Wallet,Singapore,Singapore,15,0,NORMAL,0
425.91,Retail,Wallet,India,Mumbai,15,0,NORMAL,0
34.67,Fuel,Wallet,USA,New York,15,0,NORMAL,0
7659.86,Luxury,UPI,Canada,Toronto,15,0,NORMAL,0
6857.55,Luxury,Credit Card,Canada,Toronto,15,0,NORMAL,0
8905.67,Electronics,Credit Card,North Korea,Pyongyang,15,0,FRAUD,1
3950.65,Luxury,Credit Card,Iran,Tehran,15,0,FRAUD,1
107.27,Transportation,Debit Card,USA,Chicago,15,0,NORMAL,0
121.8,Fuel,UPI,UK,London,15,0,NORMAL,0
55.16,Transportation,Credit Card,Canada,Toronto,15,0,NORMAL,0
4013.37,Electronics,Net Banking,India,Bangalore,15,0,NORMAL,0
1952.68,Travel,UPI,Germany,Berlin,15,0,NORMAL,0
3661.36,Electronics,Wallet,Canada,Toronto,15,0,SUSPICIOUS,0
294.04,Retail,Debit Card,UK,London,15,0,NORMAL,0
3151.41,Electronics,Debit Card,Germany,Berlin,15,0,SUSPICIOUS,0
1030.66,Electronics,Debit Card,Canada,Toronto,15,0,NORMAL,0
2399.66,Travel,UPI,USA,New York,15,0,NORMAL,0
4399.65,Electronics,Credit Card,Russia,Moscow,15,0,FRAUD,1
127.45,Fuel,UPI,India,Bangalore,15,0,NORMAL,0
22.81,Pharmacy,UPI,India,Bangalore,15,0,NORMAL,0
1176.77,Travel,Credit Card,USA,New York,15,0,NORMAL,0
3580.77,Electronics,Credit Card,Russia,Moscow,15,0,FRAUD,1
2723.78,Luxury,Wallet,India,Mumbai,15,0,NORMAL,0
1976.39,Travel,Debit Card,USA,Chicago,15,0,NORMAL,0
4104.89,Electronics,Credit Card,North Korea,Pyongyang,15,0,FRAUD,1
2390.76,Electronics,Net Banking,USA,New York,15,0,SUSPICIOUS,0
1973.79,Luxury,UPI,USA,New York,15,0,SUSPICIOUS,0
8276.87,Electronics,Credit Card,Iran,Tehran,15,0,FRAUD,1
3455.66,Electronics,Debit Card,Canada,Toronto,15,0,SUSPICIOUS,0
66.03,Food,Debit Card,Singapore,Singapore,15,0,NORMAL,0
4452.84,Luxury,Net Banking,India,Mumbai,15,0,SUSPICIOUS,0
46.22,Transportation,UPI,Canada,Toronto,15,0,NORMAL,0
29.02,Gaming,Credit Card,USA,New York,15,0,NORMAL,0
25.96,Food,Net Banking,USA,Chicago,15,0,NORMAL,0
14.48,Food,Wallet,USA,New York,15,0,NORMAL,0
24.95,Fuel,Net Banking,India,Bangalore,15,0,NORMAL,0
96.18,Pharmacy,Wallet,India,Mumbai,15,0,NORMAL,0
271.53,Retail,Debit Card,USA,Chicago,15,0,NORMAL,0
24.07,Gaming,Debit Card,India,Mumbai,15,0,NORMAL,0
36.79,Food,Debit Card,USA,New York,15,0,NORMAL,0
3461.75,Electronics,UPI,India,Mumbai,15,0,NORMAL,0
195.47,Gaming,Net Banking,India,Bangalore,15,0,NORMAL,0
7398.98,Luxury,Credit Card,Russia,Moscow,15,0,FRAUD,1
4972.01,Electronics,Wallet,Singapore,Singapore,15,0,NORMAL,0
3527.02,Electronics,Net Banking,India,Bangalore,15,0,SUSPICIOUS,0
363.12,Retail,Wallet,Germany,Berlin,15,0,NORMAL,0
6631.86,Luxury,Credit Card,North Korea,Pyongyang,15,0,FRAUD,1
110.31,Transportation,Net Banking,UK,London,15,0,NORMAL,0
1769.84,Travel,Credit Card,Singapore,Singapore,15,0,SUSPICIOUS,0
3505.44,Travel,Credit Card,Singapore,Singapore,15,0,SUSPICIOUS,0
3279.8,Electronics,Credit Card,India,Mumbai,15,0,NORMAL,0
118.52,Gaming,Credit Card,Germany,Berlin,15,0,NORMAL,0
78.05,Fuel,Wallet,Germany,Berlin,15,0,NORMAL,0
8578.88,Luxury,Credit Card,Iran,Tehran,15,0,FRAUD,1
7470.41,Electronics,Credit Card,Russia,Moscow,15,0,FRAUD,1
79.77,Food,Wallet,UK,London,15,0,NORMAL,0
3972.87,Electronics,Net Banking,USA,New York,15,0,NORMAL,0
237.68,Retail,Wallet,Canada,Toronto,15,0,NORMAL,0
107.26,Fuel,Wallet,USA,New York,15,0,NORMAL,0
67.92,Transportation,Debit Card,UK,London,15,0,NORMAL,0
274.57,Retail,UPI,USA,Chicago,15,0,NORMAL,0
133.28,Gaming,Net Banking,UK,London,15,0,NORMAL,0
515.21,Travel,UPI,USA,New York,15,0,NORMAL,0
2163.96,Luxury,UPI,Canada,Toronto,15,0,SUSPICIOUS,0
1321.71,Electronics,Credit Card,India,Mumbai,15,0,NORMAL,0
15.7,Food,Net Banking,USA,Chicago,15,0,NORMAL,0
61.39,Food,Net Banking,Germany,Berlin,15,0,NORMAL,0
843.31,Electronics,UPI,USA,Chicago,15,0,NORMAL,0
57.83,Food,Debit Card,Germany,Berlin,15,0,NORMAL,0
890.6,Electronics,Credit Card,USA,New York,15,0,NORMAL,0
192.27,Pharmacy,Credit Card,Germany,Berlin,15,0,NORMAL,0
8530.55,Luxury,Credit Card,North Korea,Pyongyang,15,0,FRAUD,1
310.93,Retail,Net Banking,USA,New York,15,0,NORMAL,0
30.2,Retail,Net Banking,India,Mumbai,15,0,NORMAL,0
81.84,Fuel,Net Banking,UK,London,15,0,NORMAL,0
95.33,Transportation,Wallet,Singapore,Singapore,15,0,NORMAL,0
1849.44,Travel,Credit Card,Singapore,Singapore,15,0,NORMAL,0
41.77,Food,Wallet,USA,New York,15,0,NORMAL,0
3626.92,Luxury,Wallet,India,Mumbai,15,0,SUSPICIOUS,0
1677.06,Travel,Debit Card,Canada,Toronto,15,0,SUSPICIOUS,0
42.0,Fuel,Debit Card,Singapore,Singapore,15,0,NORMAL,0
4278.94,Electronics,UPI,Germany,Berlin,15,0,NORMAL,0
6601.23,Luxury,Debit Card,UK,London,15,0,NORMAL,0
334.91,Retail,Wallet,Singapore,Singapore,15,0,NORMAL,0
70.08,Fuel,Credit Card,Canada,Toronto,15,0,NORMAL,0
29.47,Food,Credit Card,USA,Chicago,15,0,NORMAL,0
318.75,Retail,Wallet,India,Bangalore,15,0,NORMAL,0
593.0,Travel,Wallet,India,Bangalore,15,0,NORMAL,0
57.61,Food,Debit Card,India,Bangalore,15,0,NORMAL,0
88.21,Fuel,Net Banking,Singapore,Singapore,15,0,NORMAL,0
60.05,Pharmacy,Debit Card,Singapore,Singapore,15,0,NORMAL,0
1116.61,Luxury,Credit Card,USA,Chicago,15,0,NORMAL,0
217.26,Retail,Debit Card,USA,New York,15,0,NORMAL,0
2410.16,Electronics,Credit Card,Singapore,Singapore,15,0,NORMAL,0
1409.07,Travel,Credit Card,India,Bangalore,15,0,NORMAL,0
2495.96,Luxury,Debit Card,Germany,Berlin,15,0,SUSPICIOUS,0
1506.0,Travel,Wallet,Singapore,Singapore,15,0,NORMAL,0
5271.66,Electronics,Credit Card,Russia,Moscow,15,0,FRAUD,1
2739.05,Electronics,UPI,India,Bangalore,15,0,NORMAL,0
2171.39,Electronics,Wallet,UK,London,15,0,SUSPICIOUS,0
6080.65,Electronics,Credit Card,North Korea,Pyongyang,15,0,FRAUD,1
98.79,Transportation,Net Banking,UK,London,15,0,NORMAL,0
3517.99,Electronics,UPI,India,Mumbai,15,0,NORMAL,0
618.96,Travel,Net Banking,Canada,Toronto,15,0,NORMAL,0
118.76,Retail,Net Banking,India,Mumbai,15,0,NORMAL,0
111.92,Transportation,Credit Card,USA,Chicago,15,0,NORMAL,0
163.51,Pharmacy,Wallet,USA,New York,15,0,NORMAL,0
1915.86,Electronics,Wallet,Germany,Berlin,15,0,NORMAL,0
34.72,Retail,Debit Card,UK,London,15,0,NORMAL,0
3104.9,Electronics,Wallet,India,Bangalore,15,0,NORMAL,0
96.61,Pharmacy,Debit Card,UK,London,15,0,NORMAL,0
155.11,Pharmacy,Debit Card,UK,London,15,0,NORMAL,0
64.18,Gaming,Net Banking,Singapore,Singapore,15,0,NORMAL,0
17.84,Gaming,UPI,USA,Chicago,15,0,NORMAL,0
339.9,Retail,Debit Card,Singapore,Singapore,15,0,NORMAL,0
97.15,Retail,Net Banking,India,Mumbai,15,0,NORMAL,0
4175.96,Electronics,Net Banking,Singapore,Singapore,15,0,NORMAL,0
417.58,Retail,Net Banking,USA,Chicago,15,0,NORMAL,0
309.3,Travel,Wallet,Canada,Toronto,15,0,NORMAL,0
1637.86,Electronics,Wallet,Germany,Berlin,15,0,SUSPICIOUS,0
2694.63,Travel,Credit Card,Singapore,Singapore,15,0,NORMAL,0
70.37,Gaming,Debit Card,Singapore,Singapore,15,0,NORMAL,0
135.83,Retail,Wallet,USA,Chicago,15,0,NORMAL,0
79.42,Retail,Wallet,India,Bangalore,15,0,NORMAL,0
49.35,Fuel,UPI,India,Mumbai,15,0,NORMAL,0
60.65,Food,Credit Card,Canada,Toronto,15,0,NORMAL,0
23.08,Fuel,UPI,India,Bangalore,15,0,NORMAL,0
49.45,Transportation,Credit Card,India,Mumbai,15,0,NORMAL,0
34.0,Food,Wallet,UK,London,15,0,NORMAL,0
1428.52,Travel,UPI,India,Mumbai,15,0,NORMAL,0
4592.14,Electronics,Net Banking,Singapore,Singapore,15,0,NORMAL,0
43.49,Food,Wallet,Germany,Berlin,15,0,NORMAL,0
51.51,Transportation,Wallet,Canada,Toronto,15,0,NORMAL,0
958.34,Electronics,Net Banking,Germany,Berlin,15,0,NORMAL,0
93.53,Fuel,Net Banking,USA,Chicago,15,0,NORMAL,0
5315.82,Luxury,UPI,Germany,Berlin,15,0,NORMAL,0
82.99,Pharmacy,Credit Card,USA,Chicago,15,0,NORMAL,0
4342.12,Electronics,Debit Card,USA,Chicago,15,0,SUSPICIOUS,0
310.76,Retail,Credit Card,India,Mumbai,15,0,NORMAL,0
145.71,Retail,UPI,India,Mumbai,15,0,NORMAL,0
1501.87,Luxury,Debit Card,Germany,Berlin,15,0,NORMAL,0
2054.93,Travel,UPI,Canada,Toronto,15,0,NORMAL,0
62.02,Pharmacy,Wallet,Germany,Berlin,15,0,NORMAL,0
22.93,Pharmacy,Debit Card,Canada,Toronto,15,0,NORMAL,0
84.62,Gaming,UPI,USA,Chicago,15,0,NORMAL,0
483.78,Retail,Net Banking,UK,London,15,0,NORMAL,0
91.1,Transportation,Net Banking,Germany,Berlin,15,0,NORMAL,0
1591.89,Luxury,Debit Card,India,Bangalore,15,0,SUSPICIOUS,0
4629.29,Electronics,UPI,India,Mumbai,15,0,NORMAL,0
58.83,Pharmacy,Wallet,Germany,Berlin,15,0,NORMAL,0
59.22,Food,Net Banking,Germany,Berlin,15,0,NORMAL,0
3182.04,Electronics,Wallet,India,Mumbai,15,0,SUSPICIOUS,0
3520.16,Electronics,Wallet,India,Bangalore,15,0,NORMAL,0
4295.28,Electronics,UPI,Germany,Berlin,15,0,NORMAL,0
375.93,Retail,Net Banking,Canada,Toronto,15,0,NORMAL,0
2181.98,Travel,Credit Card,Germany,Berlin,15,0,NORMAL,0
139.6,Fuel,Wallet,UK,London,15,0,NORMAL,0
1364.54,Electronics,UPI,Canada,Toronto,15,0,NORMAL,0
335.76,Retail,Debit Card,USA,New York,15,0,NORMAL,0
42.71,Fuel,Wallet,USA,Chicago,15,0,NORMAL,0
3827.98,Travel,Debit Card,UK,London,15,0,SUSPICIOUS,0
100.38,Gaming,Debit Card,India,Mumbai,15,0,NORMAL,0
25.15,Gaming,Credit Card,India,Bangalore,15,0,NORMAL,0
20.14,Transportation,UPI,India,Bangalore,15,0,NORMAL,0
4615.48,Electronics,Credit Card,Canada,Toronto,15,0,NORMAL,0
30.27,Transportation,Credit Card,USA,New York,15,0,NORMAL,0
157.38,Pharmacy,Wallet,Germany,Berlin,15,0,NORMAL,0
49.25,Food,Credit Card,India,Mumbai,15,0,NORMAL,0
18.77,Food,Credit Card,India,Mumbai,15,0,NORMAL,0
2347.09,Luxury,Debit Card,USA,Chicago,15,0,SUSPICIOUS,0
50.46,Transportation,Credit Card,USA,New York,15,0,NORMAL,0
2016.06,Travel,Credit Card,Canada,Toronto,15,0,NORMAL,0
79.79,Fuel,UPI,India,Bangalore,15,0,NORMAL,0
48.61,Food,UPI,USA,New York,15,0,NORMAL,0
1128.34,Travel,Credit Card,India,Mumbai,15,0,NORMAL,0
6467.1,Luxury,Credit Card,Iran,Tehran,15,0,FRAUD,1
800.36,Travel,Wallet,Germany,Berlin,15,0,NORMAL,0
3706.96,Luxury,Credit Card,Iran,Tehran,15,0,FRAUD,1
2266.1,Travel,Net Banking,UK,London,15,0,SUSPICIOUS,0
396.25,Retail,UPI,Canada,Toronto,15,0,NORMAL,0
49.57,Food,Credit Card,USA,Chicago,15,0,NORMAL,0
24.3,Food,Credit Card,Canada,Toronto,15,0,NORMAL,0
2651.96,Travel,Debit Card,UK,London,15,0,NORMAL,0
47.24,Food,Net Banking,USA,New York,15,0,NORMAL,0
191.6,Gaming,Debit Card,USA,Chicago,15,0,NORMAL,0
226.28,Retail,UPI,India,Mumbai,15,0,NORMAL,0
8.77,Food,Wallet,USA,New York,15,0,NORMAL,0
70.59,Fuel,Wallet,UK,London,15,0,NORMAL,0
906.53,Electronics,Debit Card,Singapore,Singapore,15,0,NORMAL,0
132.26,Retail,Wallet,India,Mumbai,15,0,NORMAL,0
1843.23,Electronics,Net Banking,Singapore,Singapore,15,0,NORMAL,0
2410.39,Luxury,Net Banking,USA,Chicago,15,0,NORMAL,0
90.39,Pharmacy,Debit Card,Germany,Berlin,15,0,NORMAL,0
658.55,Travel,UPI,USA,Chicago,15,0,NORMAL,0
113.15,Transportation,Net Banking,Germany,Berlin,15,0,NORMAL,0
4647.96,Electronics,Credit Card,Iran,Tehran,15,0,FRAUD,1
3442.03,Luxury,UPI,Singapore,Singapore,15,0,SUSPICIOUS,0
5799.94,Luxury,Credit Card,North Korea,Pyongyang,15,0,FRAUD,1
118.93,Pharmacy,UPI,Canada,Toronto,15,0,NORMAL,0
1598.01,Luxury,Net Banking,Germany,Berlin,15,0,SUSPICIOUS,0
3877.73,Electronics,UPI,Germany,Berlin,15,0,NORMAL,0
3046.75,Luxury,UPI,Singapore,Singapore,15,0,NORMAL,0
2871.59,Electronics,Net Banking,India,Bangalore,15,0,NORMAL,0
30.12,Fuel,Credit Card,India,Bangalore,15,0,NORMAL,0
238.15,Pharmacy,Wallet,USA,Chicago,15,0,NORMAL,0
3867.39,Luxury,Net Banking,India,Bangalore,15,0,NORMAL,0
27.88,Gaming,Net Banking,India,Mumbai,15,0,NORMAL,0
2788.2,Electronics,Wallet,Singapore,Singapore,15,0,NORMAL,0
137.33,Fuel,Net Banking,India,Bangalore,15,0,NORMAL,0
2300.81,Electronics,UPI,Canada,Toronto,15,0,NORMAL,0
18.95,Pharmacy,Debit Card,UK,London,15,0,NORMAL,0
62.36,Transportation,Debit Card,UK,London,15,0,NORMAL,0
63.92,Retail,Net Banking,USA,New York,15,0,NORMAL,0
135.93,Fuel,Wallet,USA,Chicago,15,0,NORMAL,0
252.79,Retail,Credit Card,USA,New York,15,0,NORMAL,0
250.04,Retail,Net Banking,USA,New York,15,0,NORMAL,0
44.23,Food,Net Banking,India,Bangalore,15,0,NORMAL,0
3051.66,Electronics,UPI,USA,New York,15,0,NORMAL,0
4011.08,Electronics,Credit Card,Singapore,Singapore,15,0,NORMAL,0
63.16,Retail,Credit Card,India,Mumbai,15,0,NORMAL,0
1733.54,Travel,Wallet,USA,New York,15,0,NORMAL,0
1382.21,Travel,Credit Card,UK,London,15,0,NORMAL,0
1437.14,Luxury,Credit Card,India,Bangalore,15,0,NORMAL,0
2532.18,Travel,Credit Card,USA,New York,15,0,NORMAL,0
86.59,Transportation,Debit Card,Canada,Toronto,15,0,NORMAL,0
388.49,Retail,Wallet,India,Bangalore,15,0,NORMAL,0
7318.71,Luxury,Wallet,UK,London,15,0,NORMAL,0
1613.92,Travel,Credit Card,India,Bangalore,15,0,NORMAL,0
2777.45,Travel,Credit Card,Canada,Toronto,15,0,NORMAL,0
2199.77,Travel,Debit Card,Canada,Toronto,15,0,NORMAL,0
6089.1,Luxury,Wallet,Singapore,Singapore,15,0,NORMAL,0
2546.67,Travel,Wallet,USA,Chicago,15,0,NORMAL,0
57.61,Food,Credit Card,Singapore,Singapore,15,0,NORMAL,0
322.67,Retail,Credit Card,USA,New York,15,0,NORMAL,0
472.33,Retail,Credit Card,India,Bangalore,15,0,NORMAL,0
1885.0,Electronics,Wallet,India,Mumbai,15,0,NORMAL,0
7946.91,Luxury,Credit Card,Iran,Tehran,15,0,FRAUD,1
5201.46,Electronics,Credit Card,Russia,Moscow,15,0,FRAUD,1
6110.03,Luxury,Debit Card,USA,Chicago,15,0,NORMAL,0
225.7,Pharmacy,Debit Card,Germany,Berlin,15,0,NORMAL,0
32.11,Pharmacy,UPI,USA,New York,15,0,NORMAL,0
112.63,Gaming,Credit Card,Singapore,Singapore,15,0,NORMAL,0
63.18,Fuel,Wallet,India,Mumbai,15,0,NORMAL,0
1740.59,Luxury,Credit Card,Canada,Toronto,15,0,NORMAL,0
74.87,Food,Debit Card,USA,New York,15,0,NORMAL,0
74.06,Food,UPI,USA,New York,15,0,NORMAL,0
3052.79,Luxury,UPI,Singapore,Singapore,15,0,NORMAL,0
4105.03,Electronics,Wallet,USA,New York,15,0,SUSPICIOUS,0
139.14,Fuel,Debit Card,Canada,Toronto,15,0,NORMAL,0
94.96,Gaming,Wallet,USA,Chicago,15,0,NORMAL,0
8.03,Transportation,UPI,USA,Chicago,15,0,NORMAL,0
195.21,Travel,Net Banking,Canada,Toronto,15,0,NORMAL,0
3926.15,Electronics,Credit Card,Russia,Moscow,15,0,FRAUD,1
8060.76,Luxury,Credit Card,Russia,Moscow,15,0,FRAUD,1
4081.86,Electronics,Credit Card,India,Bangalore,15,0,NORMAL,0
3778.72,Travel,Net Banking,India,Mumbai,15,0,SUSPICIOUS,0
6489.14,Electronics,Credit Card,Iran,Tehran,15,0,FRAUD,1
3142.88,Electronics,Wallet,Singapore,Singapore,15,0,NORMAL,0
4722.39,Electronics,Debit Card,Germany,Berlin,15,0,NORMAL,0
4950.59,Electronics,Wallet,UK,London,15,0,NORMAL,0
170.12,Pharmacy,Net Banking,UK,London,15,0,NORMAL,0
376.21,Retail,Wallet,Canada,Toronto,15,0,NORMAL,0
61.37,Food,Debit Card,Germany,Berlin,15,0,NORMAL,0
1193.96,Electronics,Wallet,India,Mumbai,15,0,NORMAL,0
2887.57,Travel,Debit Card,Germany,Berlin,15,0,NORMAL,0
7024.0,Luxury,Wallet,UK,London,15,0,NORMAL,0
2071.37,Travel,Credit Card,USA,Chicago,15,0,NORMAL,0
237.59,Pharmacy,Debit Card,Singapore,Singapore,15,0,NORMAL,0
75.32,Transportation,UPI,UK,London,15,0,NORMAL,0
3165.57,Electronics,Debit Card,USA,Chicago,15,0,NORMAL,0
233.22,Pharmacy,Wallet,India,Bangalore,15,0,NORMAL,0
60.01,Food,Wallet,USA,Chicago,15,0,NORMAL,0
158.82,Gaming,Debit Card,UK,London,15,0,NORMAL,0
5726.04,Electronics,Credit Card,Iran,Tehran,15,0,FRAUD,1
2109.01,Travel,Net Banking,India,Mumbai,15,0,SUSPICIOUS,0
939.88,Travel,Wallet,India,Bangalore,15,0,NORMAL,0
72.67,Food,Credit Card,Germany,Berlin,15,0,NORMAL,0
3514.51,Electronics,Wallet,Canada,Toronto,15,0,NORMAL,0
187.06,Gaming,Net Banking,Germany,Berlin,15,0,NORMAL,0
178.12,Gaming,Net Banking,USA,Chicago,15,0,NORMAL,0
4023.9,Luxury,Credit Card,North Korea,Pyongyang,15,0,FRAUD,1
16.45,Transportation,Net Banking,India,Mumbai,15,0,NORMAL,0
2826.99,Electronics,Wallet,USA,New York,15,0,SUSPICIOUS,0
23.03,Food,Net Banking,USA,New York,15,0,NORMAL,0
95.15,Fuel,UPI,India,Mumbai,15,0,NORMAL,0
483.04,Retail,UPI,India,Bangalore,15,0,NORMAL,0
78.04,Food,UPI,Canada,Toronto,15,0,NORMAL,0
95.38,Gaming,Net Banking,UK,London,15,0,NORMAL,0
35.5,Fuel,UPI,India,Mumbai,15,0,NORMAL,0
146.29,Retail,Credit Card,Germany,Berlin,15,0,NORMAL,0
1892.75,Travel,Debit Card,India,Mumbai,15,0,NORMAL,0
4028.29,Travel,UPI,India,Bangalore,15,0,SUSPICIOUS,0
66.38,Pharmacy,Net Banking,India,Mumbai,15,0,NORMAL,0
406.57,Retail,Wallet,USA,Chicago,15,0,NORMAL,0
96.66,Transportation,Wallet,Germany,Berlin,15,0,NORMAL,0
58.68,Transportation,UPI,UK,London,15,0,NORMAL,0
1603.59,Travel,Debit Card,Canada,Toronto,15,0,NORMAL,0
242.52,Pharmacy,Net Banking,India,Bangalore,15,0,NORMAL,0
8802.72,Electronics,Credit Card,Russia,Moscow,15,0,FRAUD,1
1507.77,Luxury,Credit Card,UK,London,15,0,NORMAL,0
4536.48,Electronics,Credit Card,India,Bangalore,15,0,NORMAL,0
62.93,Pharmacy,Wallet,USA,New York,15,0,NORMAL,0
60.88,Retail,UPI,UK,London,15,0,NORMAL,0
3730.33,Luxury,Credit Card,UK,London,15,0,NORMAL,0
195.14,Retail,UPI,Canada,Toronto,15,0,NORMAL,0
461.17,Travel,Net Banking,Singapore,Singapore,15,0,NORMAL,0
91.45,Fuel,Debit Card,India,Bangalore,15,0,NORMAL,0
2875.66,Luxury,Wallet,India,Mumbai,15,0,NORMAL,0
1576.12,Luxury,UPI,Germany,Berlin,15,0,SUSPICIOUS,0
4723.62,Luxury,Credit Card,Iran,Tehran,15,0,FRAUD,1
328.58,Retail,Net Banking,USA,New York,15,0,NORMAL,0
6365.24,Electronics,Credit Card,North Korea,Pyongyang,15,0,FRAUD,1
4610.2,Electronics,Net Banking,Germany,Berlin,15,0,NORMAL,0
3758.08,Electronics,Credit Card,Canada,Toronto,15,0,SUSPICIOUS,0
66.36,Retail,Wallet,UK,London,15,0,NORMAL,0
25.36,Gaming,UPI,Singapore,Singapore,15,0,NORMAL,0
1999.99,Travel,Credit Card,USA,New York,15,0,NORMAL,0
6023.33,Luxury,Net Banking,USA,New York,15,0,NORMAL,0
69.81,Gaming,Credit Card,USA,Chicago,15,0,NORMAL,0
2502.84,Luxury,UPI,USA,Chicago,15,0,SUSPICIOUS,0
3170.82,Electronics,Wallet,India,Bangalore,15,0,SUSPICIOUS,0
344.67,Retail,Net Banking,USA,Chicago,15,0,NORMAL,0
59.43,Food,Credit Card,Singapore,Singapore,15,0,NORMAL,0
1212.94,Travel,UPI,Germany,Berlin,15,0,NORMAL,0
1093.8,Luxury,Net Banking,Germany,Berlin,15,0,NORMAL,0
213.66,Retail,Net Banking,Singapore,Singapore,15,0,NORMAL,0
3284.4,Luxury,Wallet,Canada,Toronto,15,0,NORMAL,0
84.09,Pharmacy,Credit Card,USA,New York,15,0,NORMAL,0
6818.67,Electronics,Credit Card,Iran,Tehran,15,0,FRAUD,1
1619.36,Travel,UPI,Germany,Berlin,15,0,SUSPICIOUS,0
3848.23,Electronics,Net Banking,Germany,Berlin,15,0,NORMAL,0
167.92,Pharmacy,Debit Card,UK,London,15,0,NORMAL,0
3988.5,Luxury,Credit Card,India,Mumbai,15,0,SUSPICIOUS,0
74.29,Food,Debit Card,USA,New York,15,0,NORMAL,0
12.72,Food,Wallet,USA,Chicago,15,0,NORMAL,0
3074.69,Luxury,Net Banking,USA,Chicago,15,0,NORMAL,0
468.48,Retail,Wallet,India,Mumbai,15,0,NORMAL,0
395.56,Retail,UPI,Singapore,Singapore,15,0,NORMAL,0
53.79,Food,Wallet,Canada,Toronto,15,0,NORMAL,0
25.17,Transportation,Debit Card,Germany,Berlin,15,0,NORMAL,0
31.23,Retail,Net Banking,India,Mumbai,15,0,NORMAL,0
144.23,Fuel,UPI,Canada,Toronto,15,0,NORMAL,0
2276.16,Electronics,Wallet,USA,Chicago,15,0,SUSPICIOUS,0
1045.64,Travel,Debit Card,Singapore,Singapore,15,0,NORMAL,0
7614.31,Luxury,Debit Card,USA,Chicago,15,0,NORMAL,0
1628.73,Travel,Debit Card,India,Mumbai,15,0,NORMAL,0
335.87,Retail,Net Banking,India,Mumbai,15,0,NORMAL,0
477.85,Retail,UPI,Germany,Berlin,15,0,NORMAL,0
78.92,Fuel,Debit Card,USA,Chicago,15,0,NORMAL,0
69.68,Food,Wallet,UK,London,15,0,NORMAL,0
4862.13,Electronics,Credit Card,Russia,Moscow,15,0,FRAUD,1
114.17,Transportation,Credit Card,India,Mumbai,15,0,NORMAL,0
895.51,Travel,Net Banking,India,Bangalore,15,0,NORMAL,0
172.21,Gaming,Wallet,UK,London,15,0,NORMAL,0
12.25,Pharmacy,Wallet,USA,New York,15,0,NORMAL,0
36.14,Fuel,Debit Card,UK,London,15,0,NORMAL,0
1861.84,Travel,Debit Card,Canada,Toronto,15,0,NORMAL,0
77.87,Pharmacy,Net Banking,USA,Chicago,15,0,NORMAL,0
4449.67,Electronics,Wallet,Germany,Berlin,15,0,SUSPICIOUS,0
215.85,Retail,UPI,India,Mumbai,15,0,NORMAL,0
3557.19,Electronics,Debit Card,India,Bangalore,15,0,SUSPICIOUS,0
1034.37,Luxury,Wallet,USA,Chicago,15,0,NORMAL,0
3828.83,Luxury,Credit Card,North Korea,Pyongyang,15,0,FRAUD,1
4602.27,Luxury,Credit Card,Russia,Moscow,15,0,FRAUD,1
5878.83,Electronics,Credit Card,North Korea,Pyongyang,15,0,FRAUD,1
6265.15,Electronics,Credit Card,Russia,Moscow,15,0,FRAUD,1
92.2,Retail,Net Banking,USA,New York,15,0,NORMAL,0
67.97,Food,Debit Card,India,Mumbai,15,0,NORMAL,0
47.79,Food,Net Banking,India,Bangalore,15,0,NORMAL,0
34.05,Food,Wallet,Canada,Toronto,15,0,NORMAL,0
3671.82,Travel,Net Banking,USA,Chicago,15,0,SUSPICIOUS,0
4182.48,Electronics,Credit Card,USA,New York,15,0,NORMAL,0
2844.91,Luxury,Net Banking,UK,London,15,0,NORMAL,0
15.49,Food,Net Banking,Canada,Toronto,15,0,NORMAL,0
2191.43,Travel,UPI,UK,London,15,0,NORMAL,0
3534.49,Electronics,Debit Card,USA,Chicago,15,0,SUSPICIOUS,0
1025.71,Travel,Net Banking,Canada,Toronto,15,0,NORMAL,0
1519.02,Electronics,UPI,Canada,Toronto,15,0,SUSPICIOUS,0
117.23,Transportation,Credit Card,India,Mumbai,15,0,NORMAL,0
6818.46,Luxury,Net Banking,Germany,Berlin,15,0,NORMAL,0
5744.73,Luxury,UPI,Canada,Toronto,15,0,NORMAL,0
42.67,Food,Credit Card,Singapore,Singapore,15,0,NORMAL,0
3484.63,Electronics,Net Banking,India,Bangalore,15,0,SUSPICIOUS,0
4289.93,Luxury,Credit Card,Iran,Tehran,15,0,FRAUD,1
2069.26,Electronics,Debit Card,India,Mumbai,15,0,NORMAL,0
1752.99,Electronics,Wallet,Singapore,Singapore,15,0,NORMAL,0
379.16,Retail,Credit Card,Canada,Toronto,15,0,NORMAL,0
244.54,Pharmacy,Credit Card,Singapore,Singapore,15,0,NORMAL,0
40.68,Transportation,Net Banking,Singapore,Singapore,15,0,NORMAL,0
4587.7,Electronics,Debit Card,India,Bangalore,15,0,NORMAL,0
7.81,Food,UPI,Singapore,Singapore,15,0,NORMAL,0
2478.64,Travel,UPI,India,Mumbai,15,0,NORMAL,0
7855.8,Luxury,Credit Card,North Korea,Pyongyang,15,0,FRAUD,1
136.41,Pharmacy,Debit Card,Singapore,Singapore,15,0,NORMAL,0
2849.36,Travel,UPI,India,Bangalore,15,0,SUSPICIOUS,0
7256.47,Luxury,UPI,India,Mumbai,15,0,NORMAL,0
97.58,Fuel,Credit Card,USA,New York,15,0,NORMAL,0
3142.03,Electronics,Wallet,Canada,Toronto,15,0,SUSPICIOUS,0
141.29,Gaming,Credit Card,UK,London,15,0,NORMAL,0
47.48,Food,UPI,Germany,Berlin,15,0,NORMAL,0
114.39,Retail,Net Banking,Germany,Berlin,15,0,NORMAL,0
940.29,Travel,UPI,Canada,Toronto,15,0,NORMAL,0
34.54,Transportation,Wallet,Canada,Toronto,15,0,NORMAL,0
45.36,Transportation,Net Banking,USA,Chicago,15,0,NORMAL,0
1968.79,Electronics,UPI,India,Mumbai,15,0,SUSPICIOUS,0
6183.36,Luxury,Credit Card,India,Bangalore,15,0,NORMAL,0
1223.59,Luxury,Debit Card,Canada,Toronto,15,0,NORMAL,0
55.41,Transportation,Credit Card,Germany,Berlin,15,0,NORMAL,0
53.21,Food,Debit Card,USA,New York,15,0,NORMAL,0
7450.67,Luxury,UPI,Germany,Berlin,15,0,NORMAL,0
36.23,Food,UPI,Germany,Berlin,15,0,NORMAL,0
2195.65,Electronics,Net Banking,USA,New York,15,0,SUSPICIOUS,0
599.45,Travel,Debit Card,Germany,Berlin,15,0,NORMAL,0
1598.06,Electronics,Net Banking,India,Bangalore,15,0,NORMAL,0
6830.93,Luxury,Credit Card,Russia,Moscow,15,0,FRAUD,1
2180.59,Travel,Wallet,USA,Chicago,15,0,NORMAL,0
2130.64,Travel,Net Banking,India,Bangalore,15,0,NORMAL,0
62.14,Fuel,Wallet,USA,New York,15,0,NORMAL,0
128.61,Pharmacy,Wallet,USA,Chicago,15,0,NORMAL,0
166.77,Pharmacy,Net Banking,Singapore,Singapore,15,0,NORMAL,0
69.73,Food,Debit Card,Canada,Toronto,15,0,NORMAL,0
18.0,Transportation,Credit Card,USA,Chicago,15,0,NORMAL,0
6964.36,Luxury,Credit Card,Russia,Moscow,15,0,FRAUD,1
13.35,Food,Credit Card,India,Bangalore,15,0,NORMAL,0
33.05,Pharmacy,Wallet,India,Bangalore,15,0,NORMAL,0
59.62,Pharmacy,UPI,Germany,Berlin,15,0,NORMAL,0
28.12,Food,Net Banking,Germany,Berlin,15,0,NORMAL,0
6886.92,Luxury,Credit Card,Russia,Moscow,15,0,FRAUD,1
639.39,Travel,UPI,USA,New York,15,0,NORMAL,0
140.75,Gaming,Credit Card,Singapore,Singapore,15,0,NORMAL,0
2099.59,Luxury,Credit Card,India,Mumbai,15,0,NORMAL,0
7667.52,Electronics,Credit Card,North Korea,Pyongyang,15,0,FRAUD,1
3580.58,Electronics,Credit Card,Russia,Moscow,15,0,FRAUD,1
6571.94,Luxury,Credit Card,Russia,Moscow,15,0,FRAUD,1
118.91,Retail,Net Banking,Canada,Toronto,15,0,NORMAL,0
4608.31,Luxury,Credit Card,North Korea,Pyongyang,15,0,FRAUD,1
2493.07,Electronics,Wallet,Germany,Berlin,15,0,SUSPICIOUS,0
49.61,Fuel,Credit Card,USA,Chicago,15,0,NORMAL,0
8560.14,Luxury,Credit Card,North Korea,Pyongyang,15,0,FRAUD,1
4919.1,Electronics,Debit Card,Singapore,Singapore,15,0,NORMAL,0
5094.84,Electronics,Credit Card,Iran,Tehran,15,0,FRAUD,1
25.79,Fuel,Debit Card,India,Mumbai,15,0,NORMAL,0
5847.78,Luxury,Credit Card,Iran,Tehran,15,0,FRAUD,1
370.98,Retail,Debit Card,USA,Chicago,15,0,NORMAL,0
9.59,Transportation,UPI,Singapore,Singapore,15,0,NORMAL,0
2474.15,Electronics,Credit Card,USA,Chicago,15,0,SUSPICIOUS,0
88.0,Transportation,Credit Card,USA,Chicago,15,0,NORMAL,0
3439.84,Travel,Credit Card,UK,London,15,0,SUSPICIOUS,0
115.54,Retail,Credit Card,Germany,Berlin,15,0,NORMAL,0
7316.5,Luxury,UPI,Canada,Toronto,15,0,NORMAL,0
37.91,Food,Net Banking,USA,New York,15,0,NORMAL,0
898.14,Travel,UPI,Singapore,Singapore,15,0,NORMAL,0
65.32,Transportation,Debit Card,UK,London,15,0,NORMAL,0
118.18,Gaming,Net Banking,USA,New York,15,0,NORMAL,0
2379.21,Luxury,Debit Card,India,Mumbai,15,0,SUSPICIOUS,0
3121.27,Travel,UPI,USA,New York,15,0,SUSPICIOUS,0
26.77,Fuel,Net Banking,USA,Chicago,15,0,NORMAL,0
53.66,Retail,UPI,Germany,Berlin,15,0,NORMAL,0
41.3,Gaming,Debit Card,USA,New York,15,0,NORMAL,0
2341.79,Electronics,Net Banking,UK,London,15,0,NORMAL,0
66.46,Food,Net Banking,Germany,Berlin,15,0,NORMAL,0
41.92,Transportation,Net Banking,USA,New York,15,0,NORMAL,0
15.23,Gaming,UPI,India,Bangalore,15,0,NORMAL,0
150.82,Gaming,Net Banking,USA,Chicago,15,0,NORMAL,0
132.86,Retail,Net Banking,Singapore,Singapore,15,0,NORMAL,0
67.64,Food,UPI,Singapore,Singapore,15,0,NORMAL,0
4495.22,Electronics,Credit Card,India,Mumbai,15,0,SUSPICIOUS,0
803.68,Travel,Debit Card,UK,London,15,0,NORMAL,0
22.63,Food,Credit Card,India,Mumbai,15,0,NORMAL,0
4313.34,Luxury,Credit Card,Singapore,Singapore,15,0,NORMAL,0
3856.58,Electronics,UPI,Germany,Berlin,15,0,NORMAL,0
3055.23,Travel,Net Banking,USA,New York,15,0,SUSPICIOUS,0
77.65,Pharmacy,Debit Card,India,Bangalore,15,0,NORMAL,0
7489.79,Luxury,Net Banking,USA,Chicago,15,0,NORMAL,0
3168.65,Travel,Wallet,Canada,Toronto,15,0,SUSPICIOUS,0
2928.13,Luxury,Wallet,Germany,Berlin,15,0,SUSPICIOUS,0
139.79,Fuel,Wallet,Canada,Toronto,15,0,NORMAL,0
1179.59,Travel,Wallet,UK,London,15,0,NORMAL,0
4332.15,Luxury,Wallet,India,Mumbai,15,0,SUSPICIOUS,0
5954.62,Luxury,Net Banking,USA,New York,15,0,NORMAL,0
1501.42,Travel,UPI,USA,New York,15,0,NORMAL,0
2372.73,Travel,UPI,USA,Chicago,15,0,NORMAL,0
372.62,Retail,UPI,USA,Chicago,15,0,NORMAL,0
6595.13,Electronics,Credit Card,Iran,Tehran,15,0,FRAUD,1
765.45,Travel,Wallet,USA,Chicago,15,0,NORMAL,0
1937.56,Luxury,UPI,Germany,Berlin,15,0,SUSPICIOUS,0
266.34,Retail,Net Banking,USA,New York,15,0,NORMAL,0
5261.34,Luxury,UPI,Canada,Toronto,15,0,NORMAL,0
5960.48,Luxury,UPI,Singapore,Singapore,15,0,NORMAL,0
8954.58,Luxury,Credit Card,North Korea,Pyongyang,15,0,FRAUD,1
122.49,Fuel,UPI,India,Bangalore,15,0,NORMAL,0
2572.45,Electronics,Credit Card,Germany,Berlin,15,0,NORMAL,0
2182.9,Travel,Wallet,USA,Chicago,15,0,NORMAL,0
128.3,Fuel,Debit Card,USA,Chicago,15,0,NORMAL,0
135.54,Gaming,Credit Card,India,Bangalore,15,0,NORMAL,0
7192.72,Luxury,Wallet,Singapore,Singapore,15,0,NORMAL,0
1694.82,Electronics,Credit Card,USA,New York,15,0,SUSPICIOUS,0
2746.49,Electronics,Credit Card,UK,London,15,0,SUSPICIOUS,0
63.02,Food,Wallet,India,Bangalore,15,0,NORMAL,0
21.26,Retail,Net Banking,Singapore,Singapore,15,0,NORMAL,0
162.81,Pharmacy,Debit Card,Germany,Berlin,15,0,NORMAL,0
122.95,Gaming,Credit Card,India,Mumbai,15,0,NORMAL,0
67.28,Pharmacy,Wallet,India,Mumbai,15,0,NORMAL,0
88.38,Pharmacy,Credit Card,Germany,Berlin,15,0,NORMAL,0
1910.86,Travel,UPI,USA,New York,15,0,NORMAL,0
2926.23,Travel,UPI,USA,New York,15,0,NORMAL,0
3911.15,Electronics,Net Banking,India,Bangalore,15,0,NORMAL,0
4759.8,Electronics,Net Banking,UK,London,15,0,NORMAL,0
1969.15,Electronics,Net Banking,Germany,Berlin,15,0,NORMAL,0
8642.14,Electronics,Credit Card,Russia,Moscow,15,0,FRAUD,1
6929.45,Luxury,Net Banking,Singapore,Singapore,15,0,NORMAL,0
62.08,Retail,Wallet,India,Bangalore,15,0,NORMAL,0
3747.94,Luxury,UPI,India,Mumbai,15,0,NORMAL,0
3066.11,Electronics,Credit Card,Canada,Toronto,15,0,SUSPICIOUS,0
2894.9,Electronics,Credit Card,USA,Chicago,15,0,NORMAL,0
319.96,Retail,UPI,Canada,Toronto,15,0,NORMAL,0
140.2,Pharmacy,Wallet,India,Mumbai,15,0,NORMAL,0
137.94,Retail,Credit Card,UK,London,15,0,NORMAL,0
29.27,Food,Net Banking,USA,Chicago,15,0,NORMAL,0
102.63,Gaming,Wallet,Canada,Toronto,15,0,NORMAL,0
3631.5,Luxury,Credit Card,North Korea,Pyongyang,15,0,FRAUD,1
8296.34,Luxury,Credit Card,Russia,Moscow,15,0,FRAUD,1
5033.88,Luxury,Credit Card,North Korea,Pyongyang,15,0,FRAUD,1
1297.0,Electronics,Net Banking,USA,New York,15,0,NORMAL,0
3965.42,Luxury,Debit Card,Singapore,Singapore,15,0,SUSPICIOUS,0
41.74,Food,Credit Card,UK,London,15,0,NORMAL,0
136.87,Fuel,Net Banking,Singapore,Singapore,15,0,NORMAL,0
215.71,Travel,Debit Card,USA,Chicago,15,0,NORMAL,0
18.84,Transportation,Debit Card,Singapore,Singapore,15,0,NORMAL,0
2284.33,Electronics,Debit Card,Singapore,Singapore,15,0,NORMAL,0
84.53,Gaming,Debit Card,Singapore,Singapore,15,0,NORMAL,0
8352.05,Luxury,Credit Card,Iran,Tehran,15,0,FRAUD,1
904.7,Travel,Wallet,USA,New York,15,0,NORMAL,0
112.46,Transportation,Debit Card,India,Bangalore,15,0,NORMAL,0
5754.42,Luxury,Net Banking,USA,Chicago,15,0,NORMAL,0
36.75,Food,UPI,India,Bangalore,15,0,NORMAL,0
197.39,Retail,Wallet,UK,London,15,0,NORMAL,0
7094.83,Luxury,Credit Card,Iran,Tehran,15,0,FRAUD,1
45.21,Food,Debit Card,Germany,Berlin,15,0,NORMAL,0
3603.85,Luxury,Credit Card,North Korea,Pyongyang,15,0,FRAUD,1
3980.13,Luxury,Credit Card,USA,New York,15,0,SUSPICIOUS,0
160.04,Travel,Debit Card,Singapore,Singapore,15,0,NORMAL,0
70.59,Food,Wallet,USA,New York,15,0,NORMAL,0
3894.17,Luxury,Credit Card,Russia,Moscow,15,0,FRAUD,1
3637.88,Luxury,Net Banking,Canada,Toronto,15,0,NORMAL,0
327.71,Retail,Net Banking,Germany,Berlin,15,0,NORMAL,0
1552.45,Travel,Net Banking,Canada,Toronto,15,0,SUSPICIOUS,0
2125.21,Travel,Debit Card,Canada,Toronto,15,0,NORMAL,0
817.97,Electronics,Net Banking,USA,Chicago,15,0,NORMAL,0
254.3,Retail,Debit Card,Canada,Toronto,15,0,NORMAL,0
2712.57,Travel,UPI,USA,New York,15,0,NORMAL,0
271.48,Retail,Net Banking,UK,London,15,0,NORMAL,0
2236.44,Travel,Credit Card,Germany,Berlin,15,0,NORMAL,0
461.41,Travel,Net Banking,USA,Chicago,15,0,NORMAL,0
115.34,Transportation,Net Banking,USA,Chicago,15,0,NORMAL,0
350.43,Retail,UPI,UK,London,15,0,NORMAL,0
164.59,Retail,Wallet,Canada,Toronto,15,0,NORMAL,0
468.87,Retail,Debit Card,USA,New York,15,0,NORMAL,0
844.51,Travel,Credit Card,UK,London,15,0,NORMAL,0
28.89,Fuel,Debit Card,Singapore,Singapore,15,0,NORMAL,0
2596.64,Travel,Debit Card,Singapore,Singapore,15,0,NORMAL,0
31.13,Fuel,Net Banking,USA,New York,15,0,NORMAL,0
137.48,Fuel,Wallet,India,Mumbai,15,0,NORMAL,0
3163.82,Travel,Wallet,USA,Chicago,15,0,SUSPICIOUS,0
2623.41,Travel,Net Banking,Singapore,Singapore,15,0,NORMAL,0
57.6,Food,Wallet,USA,Chicago,15,0,NORMAL,0
459.93,Retail,UPI,India,Bangalore,15,0,NORMAL,0
2769.88,Electronics,Credit Card,Canada,Toronto,15,0,SUSPICIOUS,0
251.76,Retail,Wallet,UK,London,15,0,NORMAL,0
2648.19,Electronics,Net Banking,UK,London,15,0,NORMAL,0
49.2,Food,Debit Card,Germany,Berlin,15,0,NORMAL,0
33.78,Pharmacy,Credit Card,UK,London,15,0,NORMAL,0
20.54,Gaming,Debit Card,UK,London,15,0,NORMAL,0
2081.89,Electronics,Wallet,India,Bangalore,15,0,NORMAL,0
4173.06,Luxury,Net Banking,UK,London,15,0,SUSPICIOUS,0
228.3,Retail,Debit Card,UK,London,15,0,NORMAL,0
38.93,Pharmacy,UPI,Singapore,Singapore,15,0,NORMAL,0
4308.36,Electronics,Credit Card,Canada,Toronto,15,0,NORMAL,0
2506.75,Luxury,UPI,Singapore,Singapore,15,0,SUSPICIOUS,0
444.44,Retail,Debit Card,USA,Chicago,15,0,NORMAL,0
2528.2,Electronics,UPI,Canada,Toronto,15,0,SUSPICIOUS,0
4529.9,Electronics,Credit Card,Russia,Moscow,15,0,FRAUD,1
4253.06,Electronics,Credit Card,Iran,Tehran,15,0,FRAUD,1
35.51,Food,Net Banking,USA,Chicago,15,0,NORMAL,0
105.91,Gaming,Net Banking,India,Mumbai,15,0,NORMAL,0
4353.61,Travel,Credit Card,USA,Chicago,15,0,SUSPICIOUS,0
2588.94,Electronics,UPI,Germany,Berlin,15,0,SUSPICIOUS,0
44.12,Gaming,UPI,Germany,Berlin,15,0,NORMAL,0
2477.53,Electronics,UPI,Singapore,Singapore,15,0,SUSPICIOUS,0
6499.4,Luxury,UPI,India,Bangalore,15,0,NORMAL,0
3364.73,Luxury,Net Banking,Canada,Toronto,15,0,NORMAL,0
173.27,Retail,Credit Card,UK,London,15,0,NORMAL,0
50.9,Gaming,Net Banking,India,Mumbai,15,0,NORMAL,0
25.83,Food,Net Banking,India,Mumbai,15,0,NORMAL,0
203.05,Travel,Net Banking,Canada,Toronto,15,0,NORMAL,0
1600.82,Travel,Debit Card,USA,Chicago,15,0,NORMAL,0
519.0,Travel,Net Banking,Germany,Berlin,15,0,NORMAL,0
52.01,Fuel,Net Banking,Canada,Toronto,15,0,NORMAL,0
254.7,Retail,Credit Card,Singapore,Singapore,15,0,NORMAL,0
2458.4,Electronics,Credit Card,USA,Chicago,15,0,NORMAL,0
3155.6,Luxury,Debit Card,USA,New York,15,0,NORMAL,0
818.04,Travel,Credit Card,Germany,Berlin,15,0,NORMAL,0
248.07,Pharmacy,Net Banking,Germany,Berlin,15,0,NORMAL,0
2542.91,Electronics,Credit Card,USA,New York,15,0,NORMAL,0
40.24,Fuel,Net Banking,Germany,Berlin,15,0,NORMAL,0
26.81,Fuel,Wallet,Singapore,Singapore,15,0,NORMAL,0
49.97,Fuel,Net Banking,India,Mumbai,15,0,NORMAL,0
110.89,Fuel,Wallet,India,Mumbai,15,0,NORMAL,0
2669.68,Travel,Net Banking,India,Bangalore,15,0,SUSPICIOUS,0
25.43,Food,Debit Card,USA,Chicago,15,0,NORMAL,0
8219.5,Luxury,Credit Card,Iran,Tehran,15,0,FRAUD,1
330.59,Travel,Wallet,Canada,Toronto,15,0,NORMAL,0
984.61,Electronics,Credit Card,Canada,Toronto,15,0,NORMAL,0
7178.98,Luxury,Credit Card,Russia,Moscow,15,0,FRAUD,1
2669.71,Travel,Debit Card,Singapore,Singapore,15,0,NORMAL,0
31.42,Fuel,Wallet,Singapore,Singapore,15,0,NORMAL,0
2744.81,Electronics,Wallet,India,Bangalore,15,0,SUSPICIOUS,0
1888.77,Travel,Credit Card,India,Mumbai,15,0,SUSPICIOUS,0
949.89,Travel,Net Banking,India,Mumbai,15,0,NORMAL,0
4468.6,Electronics,Wallet,Germany,Berlin,15,0,NORMAL,0
2928.07,Travel,Wallet,Germany,Berlin,15,0,SUSPICIOUS,0
179.82,Retail,Net Banking,USA,Chicago,15,0,NORMAL,0
2868.53,Travel,Credit Card,India,Bangalore,15,0,NORMAL,0
66.23,Transportation,Debit Card,India,Bangalore,15,0,NORMAL,0
6695.69,Luxury,Credit Card,UK,London,15,0,NORMAL,0
208.1,Pharmacy,Net Banking,Singapore,Singapore,15,0,NORMAL,0
90.49,Transportation,Net Banking,USA,Chicago,15,0,NORMAL,0
141.65,Gaming,Credit Card,USA,New York,15,0,NORMAL,0
4471.48,Luxury,Credit Card,Iran,Tehran,15,0,FRAUD,1
35.36,Food,Net Banking,Canada,Toronto,15,0,NORMAL,0
2901.9,Travel,Credit Card,UK,London,15,0,NORMAL,0
166.0,Retail,Credit Card,India,Mumbai,15,0,NORMAL,0
366.57,Retail,UPI,India,Mumbai,15,0,NORMAL,0
656.49,Electronics,Debit Card,USA,Chicago,15,0,NORMAL,0
100.26,Fuel,Credit Card,USA,New York,15,0,NORMAL,0
3670.83,Electronics,UPI,USA,New York,15,0,SUSPICIOUS,0
334.69,Retail,Debit Card,USA,New York,15,0,NORMAL,0
2906.84,Travel,Credit Card,UK,London,15,0,NORMAL,0
10.8,Transportation,Debit Card,Canada,Toronto,15,0,NORMAL,0
1945.47,Travel,UPI,UK,London,15,0,SUSPICIOUS,0
1727.94,Travel,Wallet,Canada,Toronto,15,0,SUSPICIOUS,0
147.79,Gaming,Debit Card,Germany,Berlin,15,0,NORMAL,0
47.21,Transportation,Debit Card,USA,Chicago,15,0,NORMAL,0
7143.73,Luxury,Credit Card,Germany,Berlin,15,0,NORMAL,0
2676.31,Luxury,Wallet,Canada,Toronto,15,0,NORMAL,0
89.61,Fuel,Net Banking,UK,London,15,0,NORMAL,0
4707.06,Electronics,UPI,India,Bangalore,15,0,NORMAL,0
2785.56,Travel,Credit Card,India,Bangalore,15,0,NORMAL,0
60.27,Transportation,Credit Card,India,Mumbai,15,0,NORMAL,0
3622.5,Electronics,Debit Card,India,Bangalore,15,0,NORMAL,0
1985.99,Travel,Net Banking,Germany,Berlin,15,0,NORMAL,0
66.03,Transportation,UPI,India,Bangalore,15,0,NORMAL,0
55.67,Food,Wallet,UK,London,15,0,NORMAL,0
147.55,Fuel,Debit Card,Germany,Berlin,15,0,NORMAL,0
223.71,Pharmacy,UPI,India,Bangalore,15,0,NORMAL,0
71.16,Transportation,Wallet,Singapore,Singapore,15,0,NORMAL,0
37.93,Transportation,Debit Card,UK,London,15,0,NORMAL,0
4219.91,Travel,Credit Card,Singapore,Singapore,15,0,SUSPICIOUS,0
1202.67,Electronics,Wallet,India,Bangalore,15,0,NORMAL,0
645.32,Travel,Debit Card,Singapore,Singapore,15,0,NORMAL,0
7982.01,Luxury,Wallet,USA,New York,15,0,NORMAL,0
2310.35,Travel,Net Banking,Canada,Toronto,15,0,NORMAL,0
102.16,Retail,UPI,India,Bangalore,15,0,NORMAL,0
112.51,Transportation,Credit Card,Singapore,Singapore,15,0,NORMAL,0
6234.15,Electronics,Credit Card,North Korea,Pyongyang,15,0,FRAUD,1
6408.0,Luxury,Credit Card,North Korea,Pyongyang,15,0,FRAUD,1
4535.75,Electronics,Wallet,USA,New York,15,0,NORMAL,0
3452.27,Travel,Wallet,India,Bangalore,15,0,SUSPICIOUS,0
87.95,Fuel,Wallet,India,Bangalore,15,0,NORMAL,0
3219.28,Electronics,Debit Card,USA,Chicago,15,0,SUSPICIOUS,0
4448.29,Luxury,Credit Card,Canada,Toronto,15,0,NORMAL,0
1547.53,Travel,UPI,USA,Chicago,15,0,NORMAL,0
6542.23,Luxury,Wallet,UK,London,15,0,NORMAL,0
4091.39,Travel,Net Banking,UK,London,15,0,SUSPICIOUS,0
43.71,Food,Credit Card,Germany,Berlin,15,0,NORMAL,0
1379.04,Luxury,UPI,USA,New York,15,0,NORMAL,0
1096.97,Travel,Debit Card,Singapore,Singapore,15,0,NORMAL,0
1504.14,Travel,Debit Card,UK,London,15,0,NORMAL,0
51.87,Food,UPI,India,Bangalore,15,0,NORMAL,0
59.78,Fuel,Net Banking,USA,New York,15,0,NORMAL,0
3692.6,Electronics,Net Banking,Canada,Toronto,15,0,NORMAL,0
553.15,Travel,Credit Card,India,Bangalore,15,0,NORMAL,0
4443.85,Travel,Debit Card,UK,London,15,0,SUSPICIOUS,0
21.65,Fuel,Net Banking,Germany,Berlin,15,0,NORMAL,0
158.77,Retail,Debit Card,India,Bangalore,15,0,NORMAL,0
6588.16,Electronics,Credit Card,Russia,Moscow,15,0,FRAUD,1
41.9,Transportation,Wallet,USA,New York,15,0,NORMAL,0
5381.58,Luxury,Net Banking,USA,Chicago,15,0,NORMAL,0
8512.68,Electronics,Credit Card,Russia,Moscow,15,0,FRAUD,1
2220.96,Travel,Debit Card,Canada,Toronto,15,0,NORMAL,0
1677.88,Luxury,Credit Card,India,Bangalore,15,0,NORMAL,0
24.28,Transportation,Wallet,Canada,Toronto,15,0,NORMAL,0
129.26,Fuel,Net Banking,India,Mumbai,15,0,NORMAL,0
3107.53,Electronics,UPI,Singapore,Singapore,15,0,NORMAL,0
46.71,Transportation,Wallet,USA,New York,15,0,NORMAL,0
33.05,Retail,Credit Card,UK,London,15,0,NORMAL,0
160.81,Gaming,Credit Card,Germany,Berlin,15,0,NORMAL,0
97.7,Transportation,UPI,USA,Chicago,15,0,NORMAL,0
3924.09,Electronics,UPI,UK,London,15,0,NORMAL,0
1517.32,Electronics,Net Banking,India,Bangalore,15,0,SUSPICIOUS,0
1907.51,Luxury,Credit Card,Germany,Berlin,15,0,NORMAL,0
190.88,Gaming,Wallet,Singapore,Singapore,15,0,NORMAL,0
36.03,Transportation,Net Banking,UK,London,15,0,NORMAL,0
3743.13,Electronics,Debit Card,India,Mumbai,15,0,NORMAL,0
54.92,Pharmacy,Net Banking,India,Mumbai,15,0,NORMAL,0
38.46,Retail,Wallet,Germany,Berlin,15,0,NORMAL,0
8731.94,Electronics,Credit Card,North Korea,Pyongyang,15,0,FRAUD,1
2135.11,Travel,Wallet,USA,Chicago,15,0,NORMAL,0
3364.74,Travel,Debit Card,India,Bangalore,15,0,SUSPICIOUS,0
372.95,Retail,Net Banking,India,Mumbai,15,0,NORMAL,0
74.67,Retail,UPI,Canada,Toronto,15,0,NORMAL,0
2052.21,Travel,Debit Card,USA,New York,15,0,NORMAL,0
12.81,Food,Debit Card,Canada,Toronto,15,0,NORMAL,0
308.82,Retail,Credit Card,Germany,Berlin,15,0,NORMAL,0
2220.64,Luxury,Credit Card,Canada,Toronto,15,0,NORMAL,0
53.29,Gaming,Debit Card,Germany,Berlin,15,0,NORMAL,0
175.22,Pharmacy,Net Banking,India,Bangalore,15,0,NORMAL,0
27.81,Fuel,Debit Card,India,Mumbai,15,0,NORMAL,0
3096.65,Electronics,Debit Card,India,Mumbai,15,0,NORMAL,0
2685.62,Travel,Credit Card,Canada,Toronto,15,0,NORMAL,0
3711.66,Electronics,Net Banking,USA,Chicago,15,0,NORMAL,0
6.24,Food,Wallet,UK,London,15,0,NORMAL,0
1167.79,Travel,UPI,Germany,Berlin,15,0,NORMAL,0
48.3,Food,Wallet,USA,Chicago,15,0,NORMAL,0
197.08,Gaming,Net Banking,UK,London,15,0,NORMAL,0
2081.59,Travel,UPI,Singapore,Singapore,15,0,SUSPICIOUS,0
2154.09,Travel,Debit Card,UK,London,15,0,NORMAL,0
21.2,Food,Debit Card,Canada,Toronto,15,0,NORMAL,0
170.38,Retail,Credit Card,Germany,Berlin,15,0,NORMAL,0
273.91,Retail,Wallet,Canada,Toronto,15,0,NORMAL,0
8156.8,Electronics,Credit Card,Russia,Moscow,15,0,FRAUD,1
34.52,Pharmacy,Net Banking,India,Bangalore,15,0,NORMAL,0
4721.67,Electronics,UPI,Singapore,Singapore,15,0,NORMAL,0
253.29,Retail,Debit Card,Singapore,Singapore,15,0,NORMAL,0
1278.79,Electronics,Wallet,India,Mumbai,15,0,NORMAL,0
1944.2,Luxury,Net Banking,Singapore,Singapore,15,0,SUSPICIOUS,0
71.8,Food,Credit Card,Canada,Toronto,15,0,NORMAL,0
19.57,Food,Net Banking,Canada,Toronto,15,0,NORMAL,0
54.33,Food,Credit Card,India,Mumbai,15,0,NORMAL,0
2287.96,Travel,Credit Card,Germany,Berlin,15,0,NORMAL,0
1915.31,Electronics,Wallet,Germany,Berlin,15,0,SUSPICIOUS,0
93.77,Transportation,UPI,Singapore,Singapore,15,0,NORMAL,0
53.3,Food,Net Banking,UK,London,15,0,NORMAL,0
2060.36,Luxury,Credit Card,UK,London,15,0,SUSPICIOUS,0
6181.17,Luxury,Credit Card,Russia,Moscow,15,0,FRAUD,1
3574.18,Electronics,UPI,USA,Chicago,15,0,SUSPICIOUS,0
99.55,Pharmacy,Wallet,USA,New York,15,0,NORMAL,0
210.98,Pharmacy,UPI,Germany,Berlin,15,0,NORMAL,0
4366.74,Luxury,Net Banking,USA,New York,15,0,NORMAL,0
7427.31,Electronics,Credit Card,Iran,Tehran,15,0,FRAUD,1
53.79,Fuel,Credit Card,India,Bangalore,15,0,NORMAL,0
1474.02,Luxury,Wallet,Canada,Toronto,15,0,NORMAL,0
60.68,Retail,Net Banking,USA,Chicago,15,0,NORMAL,0
1146.14,Electronics,Net Banking,India,Bangalore,15,0,NORMAL,0
78.13,Gaming,Net Banking,India,Bangalore,15,0,NORMAL,0
916.41,Electronics,Credit Card,Canada,Toronto,15,0,NORMAL,0
98.26,Transportation,Credit Card,Canada,Toronto,15,0,NORMAL,0
1628.4,Travel,Debit Card,USA,New York,15,0,SUSPICIOUS,0
6611.59,Luxury,Wallet,Singapore,Singapore,15,0,NORMAL,0
247.55,Pharmacy,Wallet,India,Bangalore,15,0,NORMAL,0
4303.96,Electronics,UPI,Singapore,Singapore,15,0,SUSPICIOUS,0
46.61,Pharmacy,Net Banking,Canada,Toronto,15,0,NORMAL,0
78.34,Fuel,Credit Card,Singapore,Singapore,15,0,NORMAL,0
194.48,Gaming,Wallet,India,Mumbai,15,0,NORMAL,0
66.44,Food,Wallet,Canada,Toronto,15,0,NORMAL,0
69.14,Fuel,Net Banking,UK,London,15,0,NORMAL,0
165.72,Retail,UPI,USA,Chicago,15,0,NORMAL,0
219.13,Retail,Credit Card,UK,London,15,0,NORMAL,0
6.96,Food,Debit Card,Germany,Berlin,15,0,NORMAL,0
1571.74,Travel,Debit Card,UK,London,15,0,NORMAL,0
56.65,Transportation,Debit Card,India,Bangalore,15,0,NORMAL,0
38.75,Food,Credit Card,India,Bangalore,15,0,NORMAL,0
42.29,Transportation,Wallet,USA,Chicago,15,0,NORMAL,0
28.72,Retail,Net Banking,USA,New York,15,0,NORMAL,0
102.03,Transportation,Net Banking,UK,London,15,0,NORMAL,0
2756.41,Electronics,Credit Card,Canada,Toronto,15,0,SUSPICIOUS,0
2142.82,Electronics,Credit Card,Canada,Toronto,15,0,SUSPICIOUS,0
88.33,Transportation,Debit Card,India,Mumbai,15,0,NORMAL,0
3796.06,Electronics,Net Banking,USA,New York,15,0,NORMAL,0
5868.49,Luxury,Credit Card,USA,New York,15,0,NORMAL,0
75.86,Food,UPI,Canada,Toronto,15,0,NORMAL,0
1869.67,Travel,Net Banking,UK,London,15,0,NORMAL,0
131.33,Retail,Debit Card,Singapore,Singapore,15,0,NORMAL,0
8045.16,Electronics,Credit Card,Russia,Moscow,15,0,FRAUD,1
5549.88,Luxury,Credit Card,UK,London,15,0,NORMAL,0
17.18,Food,Credit Card,Germany,Berlin,15,0,NORMAL,0
125.1,Fuel,Credit Card,USA,Chicago,15,0,NORMAL,0
44.28,Transportation,UPI,Germany,Berlin,15,0,NORMAL,0
71.88,Food,Wallet,USA,Chicago,15,0,NORMAL,0
138.53,Gaming,Net Banking,Canada,Toronto,15,0,NORMAL,0
1076.68,Luxury,Net Banking,UK,London,15,0,NORMAL,0
2045.16,Travel,Credit Card,India,Bangalore,15,0,NORMAL,0
117.17,Gaming,Debit Card,India,Bangalore,15,0,NORMAL,0
3761.03,Luxury,Debit Card,India,Bangalore,15,0,NORMAL,0
4555.95,Electronics,Wallet,USA,New York,15,0,NORMAL,0
175.87,Retail,Net Banking,India,Bangalore,15,0,NORMAL,0
5315.46,Electronics,Credit Card,Russia,Moscow,15,0,FRAUD,1
1789.22,Luxury,UPI,UK,London,15,0,NORMAL,0
155.21,Retail,UPI,USA,New York,15,0,NORMAL,0
115.99,Gaming,Net Banking,Canada,Toronto,15,0,NORMAL,0
153.91,Gaming,Debit Card,Germany,Berlin,15,0,NORMAL,0
1339.97,Electronics,Wallet,India,Mumbai,15,0,NORMAL,0
127.06,Gaming,Net Banking,Germany,Berlin,15,0,NORMAL,0
36.89,Retail,Credit Card,USA,New York,15,0,NORMAL,0
4010.6,Luxury,Credit Card,Iran,Tehran,15,0,FRAUD,1
147.23,Fuel,Debit Card,India,Bangalore,15,0,NORMAL,0
34.86,Food,Credit Card,India,Mumbai,15,0,NORMAL,0
21.37,Transportation,Credit Card,UK,London,15,0,NORMAL,0
1938.28,Electronics,Debit Card,Canada,Toronto,15,0,NORMAL,0
3333.64,Luxury,UPI,USA,Chicago,15,0,NORMAL,0
2359.04,Luxury,Credit Card,India,Bangalore,15,0,NORMAL,0
741.83,Electronics,Wallet,USA,New York,15,0,NORMAL,0
51.31,Food,UPI,Singapore,Singapore,15,0,NORMAL,0
4417.71,Electronics,Credit Card,USA,Chicago,15,0,SUSPICIOUS,0
188.26,Gaming,Debit Card,Germany,Berlin,15,0,NORMAL,0
167.79,Pharmacy,Net Banking,India,Bangalore,15,0,NORMAL,0
2306.07,Electronics,Credit Card,India,Mumbai,15,0,SUSPICIOUS,0
32.46,Food,UPI,Canada,Toronto,15,0,NORMAL,0
6739.11,Luxury,Credit Card,North Korea,Pyongyang,15,0,FRAUD,1
628.58,Travel,Wallet,Singapore,Singapore,15,0,NORMAL,0
2157.39,Travel,Wallet,India,Bangalore,15,0,SUSPICIOUS,0
53.27,Gaming,Net Banking,India,Mumbai,15,0,NORMAL,0
4119.31,Electronics,Wallet,India,Bangalore,15,0,NORMAL,0
52.62,Transportation,Debit Card,Germany,Berlin,15,0,NORMAL,0
175.26,Gaming,Credit Card,India,Mumbai,15,0,NORMAL,0
1106.95,Travel,Credit Card,Canada,Toronto,15,0,NORMAL,0
545.65,Travel,Credit Card,India,Bangalore,15,0,NORMAL,0
7134.27,Luxury,Credit Card,Iran,Tehran,15,0,FRAUD,1
53.65,Food,Net Banking,USA,New York,15,0,NORMAL,0
7735.51,Luxury,Net Banking,USA,Chicago,15,0,NORMAL,0
108.45,Transportation,Credit Card,Germany,Berlin,15,0,NORMAL,0
6668.05,Luxury,Net Banking,UK,London,15,0,NORMAL,0
124.68,Fuel,Wallet,Germany,Berlin,15,0,NORMAL,0
3292.59,Electronics,UPI,UK,London,15,0,SUSPICIOUS,0
1580.15,Travel,Net Banking,Singapore,Singapore,15,0,NORMAL,0
4903.64,Electronics,Wallet,India,Bangalore,15,0,NORMAL,0
3158.9,Luxury,Debit Card,USA,New York,15,0,NORMAL,0
110.6,Fuel,Credit Card,Germany,Berlin,15,0,NORMAL,0
28.71,Fuel,UPI,USA,New York,15,0,NORMAL,0
1753.08,Travel,UPI,India,Bangalore,15,0,NORMAL,0
7295.95,Luxury,Credit Card,North Korea,Pyongyang,15,0,FRAUD,1
69.18,Fuel,Debit Card,India,Bangalore,15,0,NORMAL,0
1029.2,Luxury,Wallet,Canada,Toronto,15,0,NORMAL,0
1999.14,Electronics,Credit Card,USA,New York,15,0,NORMAL,0
50.91,Food,Wallet,India,Bangalore,15,0,NORMAL,0
3612.18,Travel,Credit Card,UK,London,15,0,SUSPICIOUS,0
115.35,Pharmacy,Credit Card,UK,London,15,0,NORMAL,0
2983.12,Travel,UPI,USA,Chicago,15,0,NORMAL,0
4797.95,Electronics,Net Banking,India,Bangalore,15,0,NORMAL,0
3275.12,Luxury,UPI,Canada,Toronto,15,0,NORMAL,0
34.1,Transportation,Net Banking,UK,London,15,0,NORMAL,0
7716.0,Luxury,Credit Card,Iran,Tehran,15,0,FRAUD,1
102.09,Retail,Debit Card,USA,Chicago,15,0,NORMAL,0
4920.59,Electronics,Credit Card,Russia,Moscow,15,0,FRAUD,1
323.78,Retail,Wallet,Singapore,Singapore,15,0,NORMAL,0
824.19,Travel,Net Banking,Singapore,Singapore,15,0,NORMAL,0
48.9,Transportation,UPI,India,Mumbai,15,0,NORMAL,0
90.24,Fuel,Net Banking,USA,New York,15,0,NORMAL,0
2495.22,Travel,UPI,USA,New York,15,0,NORMAL,0
7206.02,Luxury,Wallet,Germany,Berlin,15,0,NORMAL,0
35.15,Food,Net Banking,UK,London,15,0,NORMAL,0
44.33,Pharmacy,Net Banking,USA,New York,15,0,NORMAL,0
5166.87,Electronics,Credit Card,North Korea,Pyongyang,15,0,FRAUD,1
4503.14,Luxury,Wallet,UK,London,15,0,NORMAL,0
121.73,Fuel,Debit Card,Singapore,Singapore,15,0,NORMAL,0
8661.56,Electronics,Credit Card,Iran,Tehran,15,0,FRAUD,1
49.5,Pharmacy,Credit Card,UK,London,15,0,NORMAL,0
3389.05,Luxury,Credit Card,India,Mumbai,15,0,NORMAL,0
108.77,Transportation,Debit Card,India,Bangalore,15,0,NORMAL,0
4379.3,Luxury,Credit Card,Iran,Tehran,15,0,FRAUD,1
18.76,Food,Net Banking,USA,New York,15,0,NORMAL,0
124.78,Fuel,UPI,USA,New York,15,0,NORMAL,0
8514.73,Luxury,Credit Card,Russia,Moscow,15,0,FRAUD,1
2401.19,Luxury,Wallet,UK,London,15,0,SUSPICIOUS,0
173.84,Pharmacy,Credit Card,India,Mumbai,15,0,NORMAL,0
144.54,Fuel,Credit Card,Canada,Toronto,15,0,NORMAL,0
108.3,Gaming,Wallet,Singapore,Singapore,15,0,NORMAL,0
5105.86,Luxury,Wallet,USA,New York,15,0,NORMAL,0
70.67,Food,Wallet,India,Mumbai,15,0,NORMAL,0
1763.97,Travel,Credit Card,USA,New York,15,0,NORMAL,0
40.84,Fuel,Wallet,USA,Chicago,15,0,NORMAL,0
35.86,Transportation,Net Banking,India,Mumbai,15,0,NORMAL,0
3540.17,Electronics,Credit Card,India,Mumbai,15,0,NORMAL,0
1510.85,Travel,Wallet,UK,London,15,0,NORMAL,0
110.42,Gaming,Wallet,Canada,Toronto,15,0,NORMAL,0
7015.65,Luxury,Debit Card,USA,Chicago,15,0,NORMAL,0
118.71,Transportation,Credit Card,Germany,Berlin,15,0,NORMAL,0
178.49,Pharmacy,Debit Card,Germany,Berlin,15,0,NORMAL,0
158.29,Pharmacy,Wallet,India,Bangalore,15,0,NORMAL,0
3128.18,Electronics,UPI,India,Mumbai,15,0,SUSPICIOUS,0
3906.69,Electronics,Credit Card,Russia,Moscow,15,0,FRAUD,1
7646.51,Luxury,Credit Card,North Korea,Pyongyang,15,0,FRAUD,1
3930.69,Electronics,Wallet,USA,New York,15,0,NORMAL,0
5943.9,Electronics,Credit Card,Russia,Moscow,15,0,FRAUD,1
38.9,Food,UPI,India,Mumbai,15,0,NORMAL,0
48.7,Food,Credit Card,India,Mumbai,15,0,NORMAL,0
425.82,Retail,Wallet,UK,London,15,0,NORMAL,0
53.3,Food,UPI,Germany,Berlin,15,0,NORMAL,0
233.92,Retail,Wallet,Canada,Toronto,15,0,NORMAL,0
495.19,Retail,UPI,Canada,Toronto,15,0,NORMAL,0
199.07,Gaming,Debit Card,Canada,Toronto,15,0,NORMAL,0
109.52,Fuel,UPI,Canada,Toronto,15,0,NORMAL,0
232.98,Retail,Net Banking,India,Mumbai,15,0,NORMAL,0
25.29,Food,UPI,USA,Chicago,15,0,NORMAL,0
6339.45,Electronics,Credit Card,Iran,Tehran,15,0,FRAUD,1
60.09,Retail,Wallet,USA,Chicago,15,0,NORMAL,0
973.29,Electronics,Credit Card,USA,New York,15,0,NORMAL,0
31.68,Fuel,UPI,Canada,Toronto,15,0,NORMAL,0
77.8,Food,Credit Card,UK,London,15,0,NORMAL,0
34.04,Pharmacy,Net Banking,USA,New York,15,0,NORMAL,0
46.78,Food,Credit Card,Singapore,Singapore,15,0,NORMAL,0
355.35,Retail,Net Banking,India,Bangalore,15,0,NORMAL,0
69.58,Food,Debit Card,UK,London,15,0,NORMAL,0
71.44,Fuel,Wallet,UK,London,15,0,NORMAL,0
403.89,Retail,Wallet,India,Mumbai,15,0,NORMAL,0
4919.38,Luxury,UPI,Canada,Toronto,15,0,NORMAL,0
302.6,Retail,Credit Card,Singapore,Singapore,15,0,NORMAL,0
3468.75,Electronics,UPI,Germany,Berlin,15,0,NORMAL,0
65.84,Fuel,Credit Card,Canada,Toronto,15,0,NORMAL,0
429.73,Retail,Wallet,Germany,Berlin,15,0,NORMAL,0
151.1,Gaming,Credit Card,India,Mumbai,15,0,NORMAL,0
4774.24,Electronics,Credit Card,North Korea,Pyongyang,15,0,FRAUD,1
3869.66,Electronics,UPI,USA,New York,15,0,NORMAL,0
2035.09,Travel,UPI,India,Bangalore,15,0,NORMAL,0
181.21,Pharmacy,Wallet,Canada,Toronto,15,0,NORMAL,0
3971.84,Electronics,Net Banking,Singapore,Singapore,15,0,SUSPICIOUS,0
24.52,Transportation,Wallet,USA,New York,15,0,NORMAL,0
7045.0,Luxury,Credit Card,Russia,Moscow,15,0,FRAUD,1
3790.23,Electronics,UPI,USA,New York,15,0,NORMAL,0
3391.01,Electronics,UPI,UK,London,15,0,SUSPICIOUS,0
7187.26,Electronics,Credit Card,Russia,Moscow,15,0,FRAUD,1
94.94,Pharmacy,Wallet,India,Bangalore,15,0,NORMAL,0
4038.99,Electronics,Net Banking,USA,Chicago,15,0,NORMAL,0
79.84,Retail,Net Banking,USA,New York,15,0,NORMAL,0
257.83,Travel,Wallet,India,Mumbai,15,0,NORMAL,0
48.52,Food,Credit Card,Singapore,Singapore,15,0,NORMAL,0
33.21,Transportation,Wallet,Germany,Berlin,15,0,NORMAL,0
747.16,Travel,Wallet,UK,London,15,0,NORMAL,0
178.93,Retail,Credit Card,USA,Chicago,15,0,NORMAL,0
46.18,Food,UPI,USA,New York,15,0,NORMAL,0
6651.89,Electronics,Credit Card,Russia,Moscow,15,0,FRAUD,1
4241.09,Electronics,Credit Card,Russia,Moscow,15,0,FRAUD,1
206.15,Retail,UPI,Singapore,Singapore,15,0,NORMAL,0
1683.13,Travel,Net Banking,USA,Chicago,15,0,NORMAL,0
57.67,Food,UPI,USA,New York,15,0,NORMAL,0
5760.5,Electronics,Credit Card,Iran,Tehran,15,0,FRAUD,1
8782.47,Electronics,Credit Card,Iran,Tehran,15,0,FRAUD,1
4424.78,Travel,Credit Card,Germany,Berlin,15,0,SUSPICIOUS,0
371.27,Retail,UPI,USA,New York,15,0,NORMAL,0
3984.31,Luxury,Net Banking,UK,London,15,0,NORMAL,0
5469.62,Luxury,Credit Card,Russia,Moscow,15,0,FRAUD,1
611.63,Electronics,Debit Card,UK,London,15,0,NORMAL,0
76.19,Fuel,UPI,India,Mumbai,15,0,NORMAL,0
1129.38,Travel,Credit Card,Germany,Berlin,15,0,NORMAL,0
465.42,Retail,UPI,Germany,Berlin,15,0,NORMAL,0
92.3,Fuel,Wallet,Germany,Berlin,15,0,NORMAL,0
232.99,Pharmacy,Debit Card,Singapore,Singapore,15,0,NORMAL,0
15.66,Transportation,UPI,USA,New York,15,0,NORMAL,0
153.82,Gaming,UPI,Canada,Toronto,15,0,NORMAL,0
982.02,Electronics,Net Banking,USA,New York,15,0,NORMAL,0
31.25,Food,Debit Card,Germany,Berlin,15,0,NORMAL,0
467.32,Retail,UPI,India,Bangalore,15,0,NORMAL,0
59.93,Food,Wallet,Germany,Berlin,15,0,NORMAL,0
204.92,Pharmacy,Net Banking,India,Mumbai,15,0,NORMAL,0
58.1,Retail,Debit Card,USA,Chicago,15,0,NORMAL,0
6518.3,Electronics,Credit Card,North Korea,Pyongyang,15,0,FRAUD,1
2627.42,Travel,Net Banking,USA,New York,15,0,NORMAL,0
134.61,Fuel,Wallet,USA,Chicago,15,0,NORMAL,0
52.4,Transportation,Credit Card,Canada,Toronto,15,0,NORMAL,0
4822.44,Luxury,Wallet,India,Bangalore,15,0,NORMAL,0
16.83,Food,Credit Card,USA,Chicago,15,0,NORMAL,0
6.83,Food,Debit Card,Germany,Berlin,15,0,NORMAL,0
199.3,Gaming,UPI,Canada,Toronto,15,0,NORMAL,0
4649.04,Electronics,Net Banking,Germany,Berlin,15,0,NORMAL,0
1512.63,Travel,Wallet,Singapore,Singapore,15,0,NORMAL,0
3141.45,Electronics,Credit Card,USA,Chicago,15,0,SUSPICIOUS,0
91.85,Transportation,Wallet,Canada,Toronto,15,0,NORMAL,0
111.79,Pharmacy,Debit Card,USA,Chicago,15,0,NORMAL,0
27.95,Food,Net Banking,India,Bangalore,15,0,NORMAL,0
12.51,Transportation,Wallet,India,Mumbai,15,0,NORMAL,0
4337.48,Electronics,Debit Card,USA,New York,15,0,SUSPICIOUS,0
1407.81,Travel,Credit Card,USA,Chicago,15,0,NORMAL,0
2330.17,Electronics,Credit Card,Singapore,Singapore,15,0,NORMAL,0
975.04,Travel,Net Banking,Singapore,Singapore,15,0,NORMAL,0
83.77,Transportation,UPI,Germany,Berlin,15,0,NORMAL,0
6993.32,Electronics,Credit Card,Russia,Moscow,15,0,FRAUD,1
116.65,Fuel,Net Banking,Germany,Berlin,15,0,NORMAL,0
1607.97,Luxury,UPI,USA,New York,15,0,NORMAL,0
24.49,Fuel,UPI,UK,London,15,0,NORMAL,0
958.68,Electronics,Credit Card,UK,London,15,0,NORMAL,0
101.43,Fuel,Debit Card,Germany,Berlin,15,0,NORMAL,0
69.24,Food,Wallet,Singapore,Singapore,15,0,NORMAL,0
238.0,Retail,Wallet,India,Mumbai,15,0,NORMAL,0
4358.85,Electronics,Net Banking,Singapore,Singapore,15,0,NORMAL,0
3730.57,Electronics,Credit Card,Russia,Moscow,15,0,FRAUD,1
7603.23,Luxury,Credit Card,Russia,Moscow,15,0,FRAUD,1
1714.43,Electronics,Net Banking,USA,Chicago,15,0,NORMAL,0
10.99,Pharmacy,Wallet,USA,New York,15,0,NORMAL,0
3749.2,Electronics,Credit Card,Iran,Tehran,15,0,FRAUD,1
1702.61,Travel,Wallet,India,Mumbai,15,0,NORMAL,0
52.28,Pharmacy,UPI,UK,London,15,0,NORMAL,0
33.06,Food,UPI,USA,New York,15,0,NORMAL,0
244.61,Pharmacy,UPI,USA,New York,15,0,NORMAL,0
204.21,Pharmacy,Wallet,USA,New York,15,0,NORMAL,0
17.46,Food,Credit Card,India,Bangalore,15,0,NORMAL,0
4387.77,Electronics,Net Banking,India,Mumbai,15,0,SUSPICIOUS,0
56.71,Food,Net Banking,India,Mumbai,15,0,NORMAL,0
4436.85,Electronics,UPI,Canada,Toronto,15,0,SUSPICIOUS,0
1580.16,Travel,UPI,Canada,Toronto,15,0,NORMAL,0
2820.2,Travel,UPI,India,Bangalore,15,0,NORMAL,0
8.06,Transportation,Credit Card,India,Bangalore,15,0,NORMAL,0
2001.04,Travel,UPI,Singapore,Singapore,15,0,NORMAL,0
505.66,Electronics,Credit Card,USA,Chicago,15,0,NORMAL,0
2508.64,Travel,Debit Card,India,Mumbai,15,0,NORMAL,0
61.56,Food,Credit Card,USA,New York,15,0,NORMAL,0
7545.28,Electronics,Credit Card,Iran,Tehran,15,0,FRAUD,1
8060.43,Electronics,Credit Card,North Korea,Pyongyang,15,0,FRAUD,1
1703.41,Travel,Net Banking,Singapore,Singapore,15,0,NORMAL,0
46.21,Retail,UPI,UK,London,15,0,NORMAL,0
2626.46,Travel,Wallet,Singapore,Singapore,15,0,NORMAL,0
3854.81,Luxury,Wallet,USA,New York,15,0,SUSPICIOUS,0
39.91,Retail,Debit Card,UK,London,15,0,NORMAL,0
29.86,Food,Net Banking,USA,New York,15,0,NORMAL,0
267.25,Travel,Net Banking,Singapore,Singapore,15,0,NORMAL,0
3331.17,Electronics,Net Banking,Canada,Toronto,15,0,NORMAL,0
38.41,Gaming,Debit Card,India,Mumbai,15,0,NORMAL,0
385.56,Retail,Debit Card,USA,New York,15,0,NORMAL,0
1693.0,Luxury,UPI,India,Mumbai,15,0,NORMAL,0
4797.34,Electronics,Credit Card,Iran,Tehran,15,0,FRAUD,1
7572.02,Luxury,Credit Card,Iran,Tehran,15,0,FRAUD,1
65.83,Food,Credit Card,Singapore,Singapore,15,0,NORMAL,0
78.16,Fuel,Wallet,UK,London,15,0,NORMAL,0
43.98,Fuel,Net Banking,Canada,Toronto,15,0,NORMAL,0
2998.1,Travel,Net Banking,USA,New York,15,0,NORMAL,0
137.06,Pharmacy,Wallet,Germany,Berlin,15,0,NORMAL,0
203.1,Pharmacy,Debit Card,India,Bangalore,15,0,NORMAL,0
3382.03,Electronics,Wallet,USA,New York,15,0,SUSPICIOUS,0
12.97,Gaming,UPI,UK,London,15,0,NORMAL,0
2498.57,Travel,Net Banking,Germany,Berlin,15,0,NORMAL,0
2553.15,Luxury,Wallet,Germany,Berlin,15,0,NORMAL,0
2370.05,Electronics,Wallet,Germany,Berlin,15,0,NORMAL,0
5509.66,Luxury,Credit Card,North Korea,Pyongyang,15,0,FRAUD,1
199.44,Pharmacy,Net Banking,Germany,Berlin,15,0,NORMAL,0
45.62,Transportation,Debit Card,Germany,Berlin,15,0,NORMAL,0
325.66,Retail,Wallet,USA,New York,15,0,NORMAL,0
7822.43,Electronics,Credit Card,Iran,Tehran,15,0,FRAUD,1
1062.63,Electronics,Net Banking,USA,New York,15,0,NORMAL,0
80.63,Fuel,Debit Card,USA,New York,15,0,NORMAL,0
74.4,Food,UPI,USA,New York,15,0,NORMAL,0
1879.19,Travel,UPI,USA,Chicago,15,0,NORMAL,0
1876.6,Electronics,Wallet,USA,Chicago,15,0,NORMAL,0
123.51,Fuel,Debit Card,India,Bangalore,15,0,NORMAL,0
169.07,Retail,Net Banking,Singapore,Singapore,15,0,NORMAL,0
5714.99,Electronics,Credit Card,Russia,Moscow,15,0,FRAUD,1
3167.12,Luxury,Debit Card,Germany,Berlin,15,0,NORMAL,0
52.39,Food,UPI,India,Mumbai,15,0,NORMAL,0
56.69,Pharmacy,Debit Card,UK,London,15,0,NORMAL,0
6518.91,Electronics,Credit Card,Russia,Moscow,15,0,FRAUD,1
3911.87,Electronics,Wallet,India,Mumbai,15,0,NORMAL,0
8487.9,Luxury,Credit Card,North Korea,Pyongyang,15,0,FRAUD,1
39.7,Retail,UPI,USA,Chicago,15,0,NORMAL,0
222.72,Pharmacy,Debit Card,USA,New York,15,0,NORMAL,0
69.77,Transportation,Wallet,UK,London,15,0,NORMAL,0
62.31,Food,Wallet,UK,London,15,0,NORMAL,0
2532.71,Luxury,Net Banking,Singapore,Singapore,15,0,SUSPICIOUS,0
1610.4,Luxury,UPI,USA,New York,15,0,SUSPICIOUS,0
3693.22,Travel,Credit Card,UK,London,15,0,SUSPICIOUS,0
528.62,Electronics,Wallet,UK,London,15,0,NORMAL,0
122.43,Gaming,Net Banking,USA,Chicago,15,0,NORMAL,0
711.63,Travel,UPI,India,Mumbai,15,0,NORMAL,0
1092.38,Travel,UPI,Germany,Berlin,15,0,NORMAL,0
70.75,Transportation,Net Banking,Singapore,Singapore,15,0,NORMAL,0
4803.71,Electronics,UPI,USA,Chicago,15,0,NORMAL,0
1308.68,Travel,UPI,Canada,Toronto,15,0,NORMAL,0
61.56,Food,Debit Card,Germany,Berlin,15,0,NORMAL,0
5416.59,Electronics,Credit Card,Iran,Tehran,15,0,FRAUD,1
114.47,Retail,Credit Card,India,Bangalore,15,0,NORMAL,0
5182.46,Luxury,Net Banking,Singapore,Singapore,15,0,NORMAL,0
1375.27,Luxury,Wallet,USA,New York,15,0,NORMAL,0
126.28,Fuel,Net Banking,Singapore,Singapore,15,0,NORMAL,0
1846.1,Electronics,UPI,Canada,Toronto,15,0,NORMAL,0
3928.83,Electronics,Debit Card,Germany,Berlin,15,0,NORMAL,0
2370.69,Electronics,UPI,USA,New York,15,0,NORMAL,0
2450.96,Travel,Net Banking,USA,New York,15,0,NORMAL,0
173.49,Pharmacy,Credit Card,Canada,Toronto,15,0,NORMAL,0
16.42,Pharmacy,Net Banking,USA,New York,15,0,NORMAL,0
69.7,Food,Credit Card,USA,New York,15,0,NORMAL,0
235.18,Pharmacy,Debit Card,India,Mumbai,15,0,NORMAL,0
1677.23,Travel,Debit Card,USA,New York,15,0,NORMAL,0
139.15,Pharmacy,UPI,Canada,Toronto,15,0,NORMAL,0
4868.9,Electronics,UPI,Canada,Toronto,15,0,NORMAL,0
59.39,Pharmacy,Wallet,UK,London,15,0,NORMAL,0
2271.73,Travel,Wallet,Singapore,Singapore,15,0,NORMAL,0
50.57,Transportation,Wallet,UK,London,15,0,NORMAL,0
2305.9,Travel,Credit Card,UK,London,15,0,NORMAL,0
6911.82,Luxury,Credit Card,North Korea,Pyongyang,15,0,FRAUD,1
22.92,Food,Debit Card,USA,Chicago,15,0,NORMAL,0
359.14,Retail,Credit Card,India,Mumbai,15,0,NORMAL,0
3463.87,Electronics,Wallet,India,Mumbai,15,0,NORMAL,0
3680.33,Electronics,Credit Card,Iran,Tehran,15,0,FRAUD,1
38.86,Pharmacy,Credit Card,UK,London,15,0,NORMAL,0
1597.69,Travel,UPI,USA,Chicago,15,0,NORMAL,0
12.02,Transportation,Wallet,India,Bangalore,15,0,NORMAL,0
4424.17,Electronics,Net Banking,India,Mumbai,15,0,NORMAL,0
4886.0,Luxury,Credit Card,Iran,Tehran,15,0,FRAUD,1
3471.77,Travel,Wallet,India,Bangalore,15,0,SUSPICIOUS,0
61.4,Food,Wallet,India,Mumbai,15,0,NORMAL,0
3222.99,Luxury,Net Banking,Canada,Toronto,15,0,NORMAL,0
2801.3,Travel,Credit Card,Germany,Berlin,15,0,NORMAL,0
3904.91,Electronics,Wallet,Canada,Toronto,15,0,NORMAL,0
20.53,Fuel,Debit Card,USA,Chicago,15,0,NORMAL,0
1700.52,Travel,Wallet,India,Bangalore,15,0,SUSPICIOUS,0
77.05,Fuel,UPI,Canada,Toronto,15,0,NORMAL,0
3485.21,Luxury,Net Banking,UK,London,15,0,NORMAL,0
1554.05,Electronics,Wallet,USA,New York,15,0,NORMAL,0
68.06,Gaming,Net Banking,Germany,Berlin,15,0,NORMAL,0
73.47,Transportation,Debit Card,India,Bangalore,15,0,NORMAL,0
10.94,Transportation,Net Banking,Canada,Toronto,15,0,NORMAL,0
2540.92,Travel,Debit Card,Singapore,Singapore,15,0,SUSPICIOUS,0
95.44,Gaming,Net Banking,Germany,Berlin,15,0,NORMAL,0
8123.77,Luxury,Credit Card,Iran,Tehran,15,0,FRAUD,1
111.93,Fuel,Net Banking,UK,London,15,0,NORMAL,0
2920.21,Travel,Net Banking,Germany,Berlin,15,0,NORMAL,0
1144.67,Travel,UPI,Canada,Toronto,15,0,NORMAL,0
2051.75,Luxury,Net Banking,USA,Chicago,15,0,SUSPICIOUS,0
2277.75,Travel,Wallet,USA,New York,15,0,SUSPICIOUS,0
43.19,Transportation,Credit Card,Germany,Berlin,15,0,NORMAL,0
1675.27,Electronics,Debit Card,India,Mumbai,15,0,SUSPICIOUS,0
4317.65,Travel,Credit Card,UK,London,15,0,SUSPICIOUS,0
3503.25,Travel,Debit Card,India,Mumbai,15,0,SUSPICIOUS,0
687.13,Travel,UPI,India,Bangalore,15,0,NORMAL,0
1064.91,Electronics,Credit Card,USA,New York,15,0,NORMAL,0
3885.09,Electronics,Net Banking,Germany,Berlin,15,0,SUSPICIOUS,0
4554.56,Electronics,Credit Card,India,Mumbai,15,0,NORMAL,0
3928.96,Electronics,UPI,Canada,Toronto,15,0,SUSPICIOUS,0
1603.53,Luxury,Credit Card,Singapore,Singapore,15,0,NORMAL,0
217.68,Retail,Debit Card,Singapore,Singapore,15,0,NORMAL,0
1971.14,Travel,Debit Card,USA,Chicago,15,0,NORMAL,0
2512.74,Electronics,Debit Card,Germany,Berlin,15,0,SUSPICIOUS,0
2985.87,Travel,Wallet,USA,Chicago,15,0,NORMAL,0
43.64,Fuel,UPI,India,Mumbai,15,0,NORMAL,0
185.17,Retail,Wallet,Germany,Berlin,15,0,NORMAL,0
4359.92,Luxury,UPI,Germany,Berlin,15,0,SUSPICIOUS,0
7811.67,Electronics,Credit Card,North Korea,Pyongyang,15,0,FRAUD,1
30.84,Gaming,UPI,USA,New York,15,0,NORMAL,0
6201.02,Luxury,Debit Card,USA,New York,15,0,NORMAL,0
46.91,Fuel,Debit Card,India,Bangalore,15,0,NORMAL,0
115.88,Fuel,Wallet,UK,London,15,0,NORMAL,0
18.67,Gaming,Wallet,USA,New York,15,0,NORMAL,0
341.5,Retail,Wallet,USA,Chicago,15,0,NORMAL,0
4604.54,Electronics,Credit Card,Russia,Moscow,15,0,FRAUD,1
459.06,Retail,Net Banking,UK,London,15,0,NORMAL,0
35.69,Retail,Debit Card,India,Bangalore,15,0,NORMAL,0
15.41,Food,UPI,UK,London,15,0,NORMAL,0
8089.8,Luxury,Credit Card,Russia,Moscow,15,0,FRAUD,1
2229.72,Electronics,Credit Card,India,Bangalore,15,0,NORMAL,0
5680.66,Luxury,Wallet,Singapore,Singapore,15,0,NORMAL,0
4824.64,Electronics,Wallet,UK,London,15,0,NORMAL,0
41.71,Fuel,Debit Card,India,Mumbai,15,0,NORMAL,0
382.31,Retail,Credit Card,UK,London,15,0,NORMAL,0
30.36,Food,Debit Card,Germany,Berlin,15,0,NORMAL,0
3898.74,Luxury,Wallet,UK,London,15,0,NORMAL,0
214.64,Pharmacy,Wallet,UK,London,15,0,NORMAL,0
63.22,Fuel,Net Banking,Germany,Berlin,15,0,NORMAL,0
48.16,Pharmacy,UPI,Germany,Berlin,15,0,NORMAL,0
91.53,Transportation,Credit Card,Canada,Toronto,15,0,NORMAL,0
25.34,Gaming,Net Banking,USA,Chicago,15,0,NORMAL,0
271.98,Travel,UPI,UK,London,15,0,NORMAL,0
2384.45,Travel,Wallet,UK,London,15,0,NORMAL,0
294.99,Retail,Wallet,India,Mumbai,15,0,NORMAL,0
1274.63,Travel,Debit Card,Singapore,Singapore,15,0,NORMAL,0
182.24,Pharmacy,Net Banking,India,Bangalore,15,0,NORMAL,0
1831.34,Electronics,UPI,USA,New York,15,0,NORMAL,0
3636.07,Luxury,Credit Card,North Korea,Pyongyang,15,0,FRAUD,1
3315.54,Electronics,Debit Card,Germany,Berlin,15,0,SUSPICIOUS,0
3249.85,Luxury,Wallet,Singapore,Singapore,15,0,NORMAL,0
451.17,Travel,Debit Card,Canada,Toronto,15,0,NORMAL,0
2557.78,Travel,Net Banking,Germany,Berlin,15,0,NORMAL,0
2235.13,Electronics,Net Banking,UK,London,15,0,NORMAL,0
57.66,Fuel,Credit Card,UK,London,15,0,NORMAL,0
5173.28,Luxury,Credit Card,North Korea,Pyongyang,15,0,FRAUD,1
2862.23,Travel,Credit Card,Canada,Toronto,15,0,NORMAL,0
221.29,Retail,Wallet,USA,Chicago,15,0,NORMAL,0
5193.7,Luxury,Wallet,USA,New York,15,0,NORMAL,0
4906.51,Luxury,Debit Card,USA,Chicago,15,0,NORMAL,0
6615.62,Electronics,Credit Card,Russia,Moscow,15,0,FRAUD,1
5703.22,Electronics,Credit Card,North Korea,Pyongyang,15,0,FRAUD,1
3040.4,Electronics,Credit Card,USA,New York,15,0,NORMAL,0
3931.43,Luxury,Net Banking,USA,Chicago,15,0,NORMAL,0
5835.08,Electronics,Credit Card,Russia,Moscow,15,0,FRAUD,1
2581.24,Electronics,Debit Card,USA,Chicago,15,0,NORMAL,0
28.45,Retail,Credit Card,UK,London,15,0,NORMAL,0
236.31,Pharmacy,Wallet,USA,New York,15,0,NORMAL,0
8245.88,Electronics,Credit Card,Iran,Tehran,15,0,FRAUD,1
53.85,Food,UPI,India,Mumbai,15,0,NORMAL,0
8771.89,Luxury,Credit Card,Russia,Moscow,15,0,FRAUD,1
2012.17,Electronics,UPI,USA,Chicago,15,0,SUSPICIOUS,0
7228.01,Electronics,Credit Card,Russia,Moscow,15,0,FRAUD,1
31.5,Food,UPI,Canada,Toronto,15,0,NORMAL,0
3894.02,Electronics,Credit Card,Russia,Moscow,15,0,FRAUD,1
4319.61,Electronics,Net Banking,Singapore,Singapore,15,0,NORMAL,0
363.22,Retail,Debit Card,UK,London,15,0,NORMAL,0
2688.88,Travel,Credit Card,India,Bangalore,15,0,NORMAL,0
120.56,Fuel,Credit Card,UK,London,15,0,NORMAL,0
51.49,Fuel,Credit Card,Singapore,Singapore,15,0,NORMAL,0
130.61,Fuel,Debit Card,USA,New York,15,0,NORMAL,0
2053.46,Travel,Wallet,India,Mumbai,15,0,NORMAL,0
172.8,Travel,Net Banking,UK,London,15,0,NORMAL,0
468.54,Retail,Debit Card,India,Bangalore,15,0,NORMAL,0
1438.1,Electronics,UPI,Canada,Toronto,15,0,NORMAL,0
320.91,Retail,UPI,Singapore,Singapore,15,0,NORMAL,0
69.81,Retail,Wallet,India,Mumbai,15,0,NORMAL,0
92.34,Fuel,Net Banking,UK,London,15,0,NORMAL,0
46.1,Food,Net Banking,India,Bangalore,15,0,NORMAL,0
25.93,Pharmacy,Debit Card,India,Bangalore,15,0,NORMAL,0
9.04,Transportation,UPI,Singapore,Singapore,15,0,NORMAL,0
1678.75,Travel,UPI,Canada,Toronto,15,0,SUSPICIOUS,0
395.47,Retail,Credit Card,Canada,Toronto,15,0,NORMAL,0
3914.04,Electronics,Debit Card,USA,New York,15,0,SUSPICIOUS,0
2346.05,Travel,Wallet,USA,New York,15,0,NORMAL,0
6841.89,Luxury,Debit Card,UK,London,15,0,NORMAL,0
88.59,Fuel,Debit Card,Singapore,Singapore,15,0,NORMAL,0
416.49,Retail,Credit Card,India,Bangalore,15,0,NORMAL,0
73.49,Food,Credit Card,India,Mumbai,15,0,NORMAL,0
67.22,Food,Credit Card,Canada,Toronto,15,0,NORMAL,0
28.6,Fuel,Credit Card,Germany,Berlin,15,0,NORMAL,0
13.25,Food,Credit Card,USA,New York,15,0,NORMAL,0
1662.51,Electronics,Credit Card,Canada,Toronto,15,0,NORMAL,0
1560.93,Electronics,Wallet,UK,London,15,0,NORMAL,0
284.59,Travel,Debit Card,Canada,Toronto,15,0,NORMAL,0
2024.71,Travel,Wallet,India,Mumbai,15,0,NORMAL,0
141.45,Fuel,Net Banking,Singapore,Singapore,15,0,NORMAL,0
478.49,Retail,Debit Card,Singapore,Singapore,15,0,NORMAL,0
124.78,Fuel,Debit Card,India,Bangalore,15,0,NORMAL,0
69.39,Food,Debit Card,Singapore,Singapore,15,0,NORMAL,0
62.79,Food,Debit Card,USA,New York,15,0,NORMAL,0
2290.7,Travel,UPI,India,Bangalore,15,0,NORMAL,0
58.77,Fuel,UPI,India,Mumbai,15,0,NORMAL,0
1614.5,Electronics,Debit Card,India,Mumbai,15,0,NORMAL,0
103.09,Transportation,Wallet,USA,New York,15,0,NORMAL,0
3547.99,Electronics,Net Banking,Germany,Berlin,15,0,SUSPICIOUS,0
429.46,Retail,Debit Card,USA,New York,15,0,NORMAL,0
275.13,Retail,Credit Card,Canada,Toronto,15,0,NORMAL,0
5656.88,Luxury,Net Banking,UK,London,15,0,NORMAL,0
124.29,Retail,UPI,Germany,Berlin,15,0,NORMAL,0
171.81,Gaming,Wallet,India,Bangalore,15,0,NORMAL,0
6768.02,Electronics,Credit Card,Iran,Tehran,15,0,FRAUD,1
183.41,Gaming,Credit Card,Germany,Berlin,15,0,NORMAL,0
61.51,Gaming,Debit Card,USA,New York,15,0,NORMAL,0
498.54,Retail,Net Banking,Canada,Toronto,15,0,NORMAL,0
54.32,Fuel,Wallet,USA,Chicago,15,0,NORMAL,0
68.14,Retail,UPI,Germany,Berlin,15,0,NORMAL,0
2758.92,Travel,Debit Card,USA,New York,15,0,NORMAL,0
1966.82,Travel,Wallet,UK,London,15,0,SUSPICIOUS,0
2812.88,Travel,Debit Card,USA,New York,15,0,SUSPICIOUS,0
317.01,Retail,Wallet,Singapore,Singapore,15,0,NORMAL,0
2208.49,Electronics,UPI,USA,Chicago,15,0,NORMAL,0
7069.77,Luxury,Net Banking,USA,New York,15,0,NORMAL,0
166.19,Retail,Debit Card,Canada,Toronto,15,0,NORMAL,0
428.63,Retail,Credit Card,UK,London,15,0,NORMAL,0
4786.26,Luxury,Credit Card,Iran,Tehran,15,0,FRAUD,1
315.89,Retail,UPI,USA,New York,15,0,NORMAL,0
32.79,Food,Debit Card,USA,Chicago,15,0,NORMAL,0
2313.07,Travel,UPI,Singapore,Singapore,15,0,NORMAL,0
176.89,Pharmacy,Credit Card,India,Bangalore,15,0,NORMAL,0
3855.88,Luxury,Net Banking,UK,London,15,0,NORMAL,0
1690.29,Travel,UPI,Singapore,Singapore,15,0,NORMAL,0
4583.28,Luxury,UPI,UK,London,15,0,NORMAL,0
1636.7,Travel,UPI,USA,Chicago,15,0,NORMAL,0
169.07,Retail,Credit Card,India,Bangalore,15,0,NORMAL,0
101.75,Transportation,Wallet,Germany,Berlin,15,0,NORMAL,0
51.96,Transportation,Credit Card,India,Mumbai,15,0,NORMAL,0
429.43,Retail,UPI,Germany,Berlin,15,0,NORMAL,0
70.77,Retail,Debit Card,USA,New York,15,0,NORMAL,0
48.25,Fuel,Wallet,Canada,Toronto,15,0,NORMAL,0
85.18,Transportation,Net Banking,Canada,Toronto,15,0,NORMAL,0
79.57,Food,UPI,UK,London,15,0,NORMAL,0
132.53,Pharmacy,Credit Card,Singapore,Singapore,15,0,NORMAL,0
3814.94,Luxury,Credit Card,Iran,Tehran,15,0,FRAUD,1
3544.31,Electronics,Credit Card,India,Bangalore,15,0,SUSPICIOUS,0
4667.25,Luxury,Credit Card,Canada,Toronto,15,0,NORMAL,0
2977.0,Electronics,Wallet,Canada,Toronto,15,0,SUSPICIOUS,0
173.69,Retail,Debit Card,Germany,Berlin,15,0,NORMAL,0
6287.04,Luxury,Credit Card,Iran,Tehran,15,0,FRAUD,1
2475.39,Travel,UPI,Singapore,Singapore,15,0,NORMAL,0
67.23,Pharmacy,UPI,UK,London,15,0,NORMAL,0
6061.52,Luxury,Debit Card,Singapore,Singapore,15,0,NORMAL,0
3927.05,Electronics,Net Banking,Canada,Toronto,15,0,SUSPICIOUS,0
41.31,Retail,Net Banking,UK,London,15,0,NORMAL,0
68.04,Transportation,Net Banking,UK,London,15,0,NORMAL,0
660.54,Travel,Net Banking,UK,London,15,0,NORMAL,0
2995.77,Electronics,Net Banking,India,Bangalore,15,0,SUSPICIOUS,0
132.18,Pharmacy,Wallet,UK,London,15,0,NORMAL,0
1347.44,Electronics,Debit Card,Germany,Berlin,15,0,NORMAL,0
74.56,Transportation,UPI,Germany,Berlin,15,0,NORMAL,0
117.53,Transportation,UPI,Singapore,Singapore,15,0,NORMAL,0
5443.41,Luxury,UPI,Singapore,Singapore,15,0,NORMAL,0
3179.78,Electronics,Credit Card,UK,London,15,0,SUSPICIOUS,0
1717.2,Electronics,Wallet,Germany,Berlin,15,0,NORMAL,0
98.33,Fuel,Net Banking,India,Bangalore,15,0,NORMAL,0
6658.74,Luxury,Credit Card,USA,New York,15,0,NORMAL,0
1757.39,Travel,Wallet,USA,Chicago,15,0,NORMAL,0
55.48,Retail,Credit Card,India,Mumbai,15,0,NORMAL,0
4110.88,Electronics,Wallet,India,Mumbai,15,0,NORMAL,0
30.15,Food,UPI,India,Mumbai,15,0,NORMAL,0
265.89,Retail,UPI,Germany,Berlin,15,0,NORMAL,0
199.45,Gaming,Debit Card,Singapore,Singapore,15,0,NORMAL,0
12.42,Food,Credit Card,India,Bangalore,15,0,NORMAL,0
43.34,Food,Wallet,India,Bangalore,15,0,NORMAL,0
2050.67,Electronics,Net Banking,USA,New York,15,0,SUSPICIOUS,0
101.1,Transportation,Credit Card,Singapore,Singapore,15,0,NORMAL,0
111.62,Gaming,Debit Card,India,Mumbai,15,0,NORMAL,0
3567.26,Electronics,Credit Card,India,Mumbai,15,0,NORMAL,0
2790.96,Travel,Net Banking,Canada,Toronto,15,0,NORMAL,0
83.77,Gaming,Credit Card,USA,New York,15,0,NORMAL,0
797.4,Travel,Net Banking,Canada,Toronto,15,0,NORMAL,0
62.84,Food,Wallet,USA,New York,15,0,NORMAL,0
60.24,Fuel,Debit Card,USA,Chicago,15,0,NORMAL,0
1583.7,Travel,Debit Card,India,Mumbai,15,0,NORMAL,0
2844.69,Travel,Credit Card,India,Bangalore,15,0,NORMAL,0
127.0,Fuel,Net Banking,India,Mumbai,15,0,NORMAL,0
4019.53,Electronics,Debit Card,USA,New York,15,0,NORMAL,0
151.29,Retail,Debit Card,Singapore,Singapore,15,0,NORMAL,0
2331.54,Electronics,Net Banking,India,Mumbai,15,0,NORMAL,0
57.1,Food,UPI,USA,Chicago,15,0,NORMAL,0
4021.82,Electronics,Wallet,Germany,Berlin,15,0,NORMAL,0
85.55,Fuel,Credit Card,India,Mumbai,15,0,NORMAL,0
2204.48,Electronics,Wallet,USA,New York,15,0,NORMAL,0
27.16,Fuel,Net Banking,India,Bangalore,15,0,NORMAL,0
110.67,Gaming,Wallet,USA,Chicago,15,0,NORMAL,0
88.9,Transportation,UPI,Singapore,Singapore,15,0,NORMAL,0
124.42,Pharmacy,UPI,USA,Chicago,15,0,NORMAL,0
1582.68,Travel,Wallet,India,Bangalore,15,0,NORMAL,0
33.73,Gaming,Net Banking,Singapore,Singapore,15,0,NORMAL,0
4302.89,Luxury,Wallet,India,Bangalore,15,0,NORMAL,0
2520.87,Electronics,Net Banking,Canada,Toronto,15,0,NORMAL,0
72.3,Fuel,Debit Card,Germany,Berlin,15,0,NORMAL,0
1865.64,Travel,Debit Card,UK,London,15,0,NORMAL,0
25.45,Food,Net Banking,USA,New York,15,0,NORMAL,0
106.17,Transportation,Wallet,USA,Chicago,15,0,NORMAL,0
19.75,Food,UPI,India,Bangalore,15,0,NORMAL,0
132.74,Retail,Debit Card,Canada,Toronto,15,0,NORMAL,0
65.65,Food,Credit Card,Canada,Toronto,15,0,NORMAL,0
1270.67,Travel,Net Banking,Germany,Berlin,15,0,NORMAL,0
90.94,Transportation,Net Banking,Canada,Toronto,15,0,NORMAL,0
2501.23,Electronics,Net Banking,USA,New York,15,0,SUSPICIOUS,0
4384.34,Luxury,Credit Card,North Korea,Pyongyang,15,0,FRAUD,1
237.39,Retail,Debit Card,India,Mumbai,15,0,NORMAL,0
2492.12,Travel,Net Banking,India,Mumbai,15,0,NORMAL,0
1206.11,Travel,Debit Card,India,Bangalore,15,0,NORMAL,0
118.37,Gaming,Net Banking,USA,Chicago,15,0,NORMAL,0
179.28,Retail,Net Banking,Germany,Berlin,15,0,NORMAL,0
39.18,Transportation,Credit Card,UK,London,15,0,NORMAL,0
1489.36,Electronics,Debit Card,India,Mumbai,15,0,NORMAL,0
3357.85,Luxury,Debit Card,India,Mumbai,15,0,SUSPICIOUS,0
7196.4,Luxury,Wallet,USA,New York,15,0,NORMAL,0
1749.04,Travel,Debit Card,USA,New York,15,0,SUSPICIOUS,0
34.42,Transportation,UPI,UK,London,15,0,NORMAL,0
189.85,Gaming,UPI,Singapore,Singapore,15,0,NORMAL,0
1805.54,Electronics,UPI,India,Bangalore,15,0,SUSPICIOUS,0
3639.14,Luxury,Credit Card,USA,Chicago,15,0,NORMAL,0
103.49,Fuel,Debit Card,Singapore,Singapore,15,0,NORMAL,0
310.25,Retail,Wallet,India,Mumbai,15,0,NORMAL,0
2792.08,Travel,Credit Card,Singapore,Singapore,15,0,NORMAL,0
53.42,Food,Wallet,Canada,Toronto,15,0,NORMAL,0
4704.01,Electronics,UPI,Singapore,Singapore,15,0,NORMAL,0
121.43,Fuel,Debit Card,India,Bangalore,15,0,NORMAL,0
162.37,Pharmacy,Credit Card,Singapore,Singapore,15,0,NORMAL,0
105.6,Transportation,Debit Card,India,Mumbai,15,0,NORMAL,0
1709.06,Luxury,Net Banking,UK,London,15,0,NORMAL,0
69.96,Food,Wallet,USA,New York,15,0,NORMAL,0
90.49,Fuel,Credit Card,Canada,Toronto,15,0,NORMAL,0
3961.34,Electronics,Wallet,India,Mumbai,15,0,SUSPICIOUS,0
1910.95,Travel,Net Banking,USA,New York,15,0,SUSPICIOUS,0
25.68,Transportation,UPI,UK,London,15,0,NORMAL,0
1863.75,Travel,Wallet,UK,London,15,0,NORMAL,0
2433.34,Luxury,Credit Card,Singapore,Singapore,15,0,NORMAL,0
416.46,Retail,UPI,Singapore,Singapore,15,0,NORMAL,0
3167.09,Electronics,Debit Card,Canada,Toronto,15,0,NORMAL,0
7539.08,Luxury,UPI,Canada,Toronto,15,0,NORMAL,0
117.21,Transportation,Credit Card,India,Mumbai,15,0,NORMAL,0
2683.21,Luxury,Debit Card,Singapore,Singapore,15,0,NORMAL,0
7383.91,Luxury,Net Banking,USA,New York,15,0,NORMAL,0
129.82,Gaming,Credit Card,USA,Chicago,15,0,NORMAL,0
5790.93,Luxury,Wallet,India,Bangalore,15,0,NORMAL,0
88.77,Fuel,Debit Card,India,Bangalore,15,0,NORMAL,0
1723.86,Luxury,Credit Card,India,Bangalore,15,0,NORMAL,0
1884.51,Electronics,Net Banking,India,Mumbai,15,0,NORMAL,0
79.94,Retail,Credit Card,Germany,Berlin,15,0,NORMAL,0
4022.75,Luxury,Credit Card,Iran,Tehran,15,0,FRAUD,1
111.81,Gaming,Credit Card,Singapore,Singapore,15,0,NORMAL,0
3170.41,Luxury,UPI,Singapore,Singapore,15,0,NORMAL,0
354.62,Retail,UPI,India,Bangalore,15,0,NORMAL,0
8063.17,Electronics,Credit Card,Iran,Tehran,15,0,FRAUD,1
52.18,Pharmacy,UPI,Germany,Berlin,15,0,NORMAL,0
2635.75,Travel,Debit Card,UK,London,15,0,NORMAL,0
4065.53,Electronics,Wallet,UK,London,15,0,NORMAL,0
5161.14,Electronics,Credit Card,Russia,Moscow,15,0,FRAUD,1
1753.9,Travel,Debit Card,Germany,Berlin,15,0,NORMAL,0
510.21,Electronics,Debit Card,Germany,Berlin,15,0,NORMAL,0
1352.4,Travel,Credit Card,India,Mumbai,15,0,NORMAL,0
39.36,Food,UPI,USA,Chicago,15,0,NORMAL,0
69.02,Food,Net Banking,USA,New York,15,0,NORMAL,0
40.85,Transportation,Credit Card,Germany,Berlin,15,0,NORMAL,0
10.59,Food,Wallet,USA,Chicago,15,0,NORMAL,0
3981.9,Electronics,Debit Card,USA,Chicago,15,0,NORMAL,0
37.19,Food,Wallet,USA,Chicago,15,0,NORMAL,0
2297.74,Luxury,Credit Card,India,Mumbai,15,0,NORMAL,0
65.39,Transportation,Net Banking,India,Mumbai,15,0,NORMAL,0
673.11,Electronics,Credit Card,USA,New York,15,0,NORMAL,0
6.95,Food,Credit Card,Canada,Toronto,15,0,NORMAL,0
159.77,Pharmacy,UPI,Canada,Toronto,15,0,NORMAL,0
4387.33,Electronics,UPI,USA,Chicago,15,0,NORMAL,0
1761.81,Luxury,Wallet,Germany,Berlin,15,0,NORMAL,0
2702.84,Travel,Wallet,India,Mumbai,15,0,SUSPICIOUS,0
39.19,Fuel,UPI,USA,New York,15,0,NORMAL,0
105.93,Gaming,Wallet,UK,London,15,0,NORMAL,0
1305.9,Electronics,Credit Card,Canada,Toronto,15,0,NORMAL,0
6198.42,Luxury,Credit Card,North Korea,Pyongyang,15,0,FRAUD,1
413.66,Retail,Credit Card,Germany,Berlin,15,0,NORMAL,0
34.27,Food,Net Banking,Canada,Toronto,15,0,NORMAL,0
5091.76,Electronics,Credit Card,Iran,Tehran,15,0,FRAUD,1
4372.85,Electronics,UPI,USA,New York,15,0,NORMAL,0
6746.05,Luxury,Credit Card,Russia,Moscow,15,0,FRAUD,1
497.98,Electronics,Wallet,UK,London,15,0,NORMAL,0
226.45,Pharmacy,Debit Card,India,Mumbai,15,0,NORMAL,0
206.76,Pharmacy,Credit Card,UK,London,15,0,NORMAL,0
1637.69,Luxury,Wallet,USA,Chicago,15,0,SUSPICIOUS,0
34.18,Transportation,Net Banking,India,Bangalore,15,0,NORMAL,0
6597.91,Luxury,Credit Card,Iran,Tehran,15,0,FRAUD,1
6374.01,Luxury,Debit Card,USA,New York,15,0,NORMAL,0
97.05,Pharmacy,Debit Card,USA,Chicago,15,0,NORMAL,0
15.91,Pharmacy,Wallet,UK,London,15,0,NORMAL,0
72.99,Food,Wallet,Germany,Berlin,15,0,NORMAL,0
84.59,Transportation,Credit Card,UK,London,15,0,NORMAL,0
203.03,Pharmacy,Wallet,Germany,Berlin,15,0,NORMAL,0
2841.63,Travel,UPI,USA,Chicago,15,0,NORMAL,0
3488.43,Luxury,Debit Card,USA,Chicago,15,0,SUSPICIOUS,0
2549.39,Electronics,UPI,Germany,Berlin,15,0,SUSPICIOUS,0
30.67,Fuel,UPI,India,Mumbai,15,0,NORMAL,0
75.45,Pharmacy,Debit Card,India,Mumbai,15,0,NORMAL,0
5.57,Food,Net Banking,USA,Chicago,15,0,NORMAL,0
1858.06,Travel,Wallet,India,Mumbai,15,0,NORMAL,0
2623.19,Luxury,UPI,Germany,Berlin,15,0,NORMAL,0
4085.44,Luxury,Net Banking,India,Bangalore,15,0,NORMAL,0
35.22,Food,Debit Card,UK,London,15,0,NORMAL,0
90.17,Fuel,Credit Card,Germany,Berlin,15,0,NORMAL,0
2305.49,Travel,Credit Card,Canada,Toronto,15,0,NORMAL,0
64.47,Pharmacy,Debit Card,USA,New York,15,0,NORMAL,0
225.44,Retail,Net Banking,India,Mumbai,15,0,NORMAL,0
66.82,Fuel,Credit Card,Singapore,Singapore,15,0,NORMAL,0
1565.19,Electronics,Wallet,USA,Chicago,15,0,NORMAL,0
4297.42,Luxury,Credit Card,Iran,Tehran,15,0,FRAUD,1
2159.74,Electronics,Net Banking,India,Bangalore,15,0,SUSPICIOUS,0
6896.2,Luxury,Credit Card,Iran,Tehran,15,0,FRAUD,1
470.76,Retail,Net Banking,Canada,Toronto,15,0,NORMAL,0
81.93,Transportation,Credit Card,Germany,Berlin,15,0,NORMAL,0
1912.01,Luxury,Debit Card,Singapore,Singapore,15,0,SUSPICIOUS,0
1093.54,Travel,Credit Card,USA,New York,15,0,NORMAL,0
194.43,Pharmacy,Debit Card,India,Mumbai,15,0,NORMAL,0
128.0,Pharmacy,Credit Card,Germany,Berlin,15,0,NORMAL,0
2771.36,Travel,Debit Card,USA,Chicago,15,0,NORMAL,0
111.01,Transportation,Net Banking,USA,New York,15,0,NORMAL,0
8010.13,Electronics,Credit Card,Russia,Moscow,15,0,FRAUD,1
7697.75,Electronics,Credit Card,Russia,Moscow,15,0,FRAUD,1
5762.2,Luxury,Credit Card,Germany,Berlin,15,0,NORMAL,0
4232.53,Luxury,Credit Card,Iran,Tehran,15,0,FRAUD,1
322.11,Retail,Credit Card,Germany,Berlin,15,0,NORMAL,0
480.21,Retail,Wallet,India,Bangalore,15,0,NORMAL,0
228.09,Retail,Credit Card,UK,London,15,0,NORMAL,0
5696.28,Luxury,Credit Card,North Korea,Pyongyang,15,0,FRAUD,1
40.09,Food,Net Banking,India,Bangalore,15,0,NORMAL,0
43.7,Food,Net Banking,India,Mumbai,15,0,NORMAL,0
3565.04,Electronics,Credit Card,Russia,Moscow,15,0,FRAUD,1
139.54,Retail,UPI,Germany,Berlin,15,0,NORMAL,0
140.09,Gaming,Debit Card,India,Mumbai,15,0,NORMAL,0
2704.64,Electronics,Credit Card,Germany,Berlin,15,0,SUSPICIOUS,0
81.91,Pharmacy,Credit Card,Singapore,Singapore,15,0,NORMAL,0
145.05,Pharmacy,UPI,USA,New York,15,0,NORMAL,0
31.67,Gaming,Wallet,USA,New York,15,0,NORMAL,0
378.18,Retail,Net Banking,Singapore,Singapore,15,0,NORMAL,0
168.3,Gaming,Net Banking,Singapore,Singapore,15,0,NORMAL,0
241.17,Travel,Net Banking,India,Bangalore,15,0,NORMAL,0
13.76,Transportation,UPI,UK,London,15,0,NORMAL,0
3659.34,Electronics,Credit Card,Germany,Berlin,15,0,SUSPICIOUS,0
43.58,Transportation,UPI,UK,London,15,0,NORMAL,0
266.47,Retail,Wallet,Singapore,Singapore,15,0,NORMAL,0
67.66,Food,Debit Card,Singapore,Singapore,15,0,NORMAL,0
3391.9,Electronics,Debit Card,UK,London,15,0,SUSPICIOUS,0
36.53,Transportation,UPI,Canada,Toronto,15,0,NORMAL,0
6302.83,Luxury,UPI,USA,New York,15,0,NORMAL,0
3689.67,Electronics,UPI,India,Mumbai,15,0,NORMAL,0
1590.33,Electronics,Debit Card,India,Mumbai,15,0,SUSPICIOUS,0
7292.23,Electronics,Credit Card,Iran,Tehran,15,0,FRAUD,1
2071.32,Electronics,UPI,India,Bangalore,15,0,NORMAL,0
138.64,Pharmacy,UPI,USA,Chicago,15,0,NORMAL,0
265.63,Retail,Credit Card,UK,London,15,0,NORMAL,0
106.18,Retail,Net Banking,Germany,Berlin,15,0,NORMAL,0
460.1,Electronics,Net Banking,Canada,Toronto,15,0,NORMAL,0
36.78,Food,Credit Card,India,Bangalore,15,0,NORMAL,0
1215.72,Electronics,Net Banking,UK,London,15,0,NORMAL,0
106.75,Retail,Debit Card,USA,Chicago,15,0,NORMAL,0
1137.81,Travel,Debit Card,USA,New York,15,0,NORMAL,0
79.46,Food,UPI,India,Bangalore,15,0,NORMAL,0
66.69,Pharmacy,Credit Card,Singapore,Singapore,15,0,NORMAL,0
187.3,Pharmacy,Wallet,India,Bangalore,15,0,NORMAL,0
1833.56,Travel,Wallet,Canada,Toronto,15,0,SUSPICIOUS,0
72.8,Transportation,UPI,India,Bangalore,15,0,NORMAL,0
1775.39,Electronics,Credit Card,Canada,Toronto,15,0,NORMAL,0
76.91,Food,UPI,Germany,Berlin,15,0,NORMAL,0
4337.85,Electronics,Net Banking,India,Mumbai,15,0,NORMAL,0
380.61,Retail,Net Banking,USA,Chicago,15,0,NORMAL,0
2162.38,Luxury,Wallet,UK,London,15,0,NORMAL,0
111.66,Gaming,Net Banking,Singapore,Singapore,15,0,NORMAL,0
259.11,Retail,Credit Card,USA,New York,15,0,NORMAL,0
15.69,Gaming,Debit Card,Germany,Berlin,15,0,NORMAL,0
88.52,Fuel,Wallet,India,Bangalore,15,0,NORMAL,0
4966.96,Electronics,Wallet,USA,Chicago,15,0,NORMAL,0
8249.74,Electronics,Credit Card,Iran,Tehran,15,0,FRAUD,1
29.32,Food,Net Banking,UK,London,15,0,NORMAL,0
3942.88,Travel,Debit Card,Germany,Berlin,15,0,SUSPICIOUS,0
6969.06,Luxury,Debit Card,India,Bangalore,15,0,NORMAL,0
3147.26,Travel,Debit Card,USA,New York,15,0,SUSPICIOUS,0
39.45,Food,UPI,USA,Chicago,15,0,NORMAL,0
32.71,Food,UPI,India,Mumbai,15,0,NORMAL,0
36.6,Transportation,Net Banking,Canada,Toronto,15,0,NORMAL,0
36.11,Food,UPI,Canada,Toronto,15,0,NORMAL,0
1269.13,Travel,Wallet,Germany,Berlin,15,0,NORMAL,0
49.96,Retail,Credit Card,UK,London,15,0,NORMAL,0
41.87,Food,Debit Card,UK,London,15,0,NORMAL,0
4484.38,Luxury,UPI,India,Mumbai,15,0,SUSPICIOUS,0
44.16,Pharmacy,Net Banking,Singapore,Singapore,15,0,NORMAL,0
102.96,Pharmacy,Net Banking,Germany,Berlin,15,0,NORMAL,0
963.2,Travel,UPI,USA,Chicago,15,0,NORMAL,0
104.83,Transportation,Wallet,Singapore,Singapore,15,0,NORMAL,0
783.76,Electronics,Net Banking,India,Bangalore,15,0,NORMAL,0
7116.67,Luxury,UPI,India,Bangalore,15,0,NORMAL,0
522.39,Electronics,Net Banking,Canada,Toronto,15,0,NORMAL,0
167.53,Retail,Debit Card,UK,London,15,0,NORMAL,0
30.78,Food,Wallet,India,Mumbai,15,0,NORMAL,0
363.07,Retail,Net Banking,USA,Chicago,15,0,NORMAL,0
128.16,Fuel,Credit Card,Singapore,Singapore,15,0,NORMAL,0
1082.33,Travel,UPI,USA,Chicago,15,0,NORMAL,0
23.39,Food,Debit Card,Canada,Toronto,15,0,NORMAL,0
2008.76,Electronics,Debit Card,USA,Chicago,15,0,NORMAL,0
2593.94,Electronics,Credit Card,Germany,Berlin,15,0,SUSPICIOUS,0
2521.97,Travel,Net Banking,Canada,Toronto,15,0,SUSPICIOUS,0
3575.93,Luxury,Wallet,Singapore,Singapore,15,0,NORMAL,0
390.39,Retail,UPI,UK,London,15,0,NORMAL,0
56.47,Food,UPI,USA,New York,15,0,NORMAL,0
24.97,Transportation,Wallet,Singapore,Singapore,15,0,NORMAL,0
3611.55,Electronics,Net Banking,India,Mumbai,15,0,NORMAL,0
488.39,Retail,Wallet,India,Mumbai,15,0,NORMAL,0
2946.12,Travel,Wallet,India,Bangalore,15,0,NORMAL,0
114.9,Retail,UPI,Canada,Toronto,15,0,NORMAL,0
272.68,Retail,Credit Card,India,Bangalore,15,0,NORMAL,0
8281.39,Luxury,Credit Card,North Korea,Pyongyang,15,0,FRAUD,1
17.99,Pharmacy,Credit Card,USA,New York,15,0,NORMAL,0
2641.63,Electronics,Net Banking,Canada,Toronto,15,0,SUSPICIOUS,0
75.53,Fuel,Credit Card,USA,New York,15,0,NORMAL,0
2118.12,Electronics,Wallet,Canada,Toronto,15,0,NORMAL,0
2271.77,Travel,Debit Card,India,Bangalore,15,0,NORMAL,0
136.11,Fuel,Debit Card,USA,New York,15,0,NORMAL,0
2184.28,Travel,Credit Card,India,Bangalore,15,0,SUSPICIOUS,0
3494.69,Luxury,Debit Card,USA,New York,15,0,SUSPICIOUS,0
698.16,Travel,Credit Card,Singapore,Singapore,15,0,NORMAL,0
9.76,Food,Wallet,USA,Chicago,15,0,NORMAL,0
6590.61,Luxury,Credit Card,Russia,Moscow,15,0,FRAUD,1
2401.49,Travel,Debit Card,UK,London,15,0,NORMAL,0
4724.88,Electronics,Credit Card,North Korea,Pyongyang,15,0,FRAUD,1
2991.92,Electronics,Credit Card,Singapore,Singapore,15,0,NORMAL,0
67.71,Food,UPI,India,Mumbai,15,0,NORMAL,0
2732.49,Travel,Debit Card,UK,London,15,0,NORMAL,0
113.27,Gaming,UPI,India,Mumbai,15,0,NORMAL,0
102.87,Fuel,Debit Card,Germany,Berlin,15,0,NORMAL,0
35.32,Fuel,Wallet,Singapore,Singapore,15,0,NORMAL,0
68.77,Food,Net Banking,USA,Chicago,15,0,NORMAL,0
3404.45,Electronics,Credit Card,USA,Chicago,15,0,NORMAL,0
2663.05,Travel,Net Banking,Singapore,Singapore,15,0,NORMAL,0
2409.33,Electronics,Debit Card,Germany,Berlin,15,0,NORMAL,0
85.79,Transportation,Credit Card,India,Bangalore,15,0,NORMAL,0
38.42,Food,Credit Card,USA,Chicago,15,0,NORMAL,0
68.08,Fuel,Net Banking,India,Mumbai,15,0,NORMAL,0
248.17,Retail,Credit Card,Germany,Berlin,15,0,NORMAL,0
42.24,Gaming,Credit Card,India,Mumbai,15,0,NORMAL,0
22.73,Gaming,Wallet,USA,New York,15,0,NORMAL,0
33.7,Pharmacy,Debit Card,UK,London,15,0,NORMAL,0
426.79,Retail,Debit Card,India,Mumbai,15,0,NORMAL,0
3656.82,Electronics,Wallet,USA,Chicago,15,0,NORMAL,0
128.07,Fuel,Debit Card,India,Mumbai,15,0,NORMAL,0
314.68,Retail,Wallet,USA,Chicago,15,0,NORMAL,0
3036.63,Luxury,Debit Card,Germany,Berlin,15,0,NORMAL,0
117.78,Pharmacy,Net Banking,India,Mumbai,15,0,NORMAL,0
14.96,Food,Credit Card,USA,New York,15,0,NORMAL,0
44.05,Fuel,UPI,India,Bangalore,15,0,NORMAL,0
1198.28,Luxury,Net Banking,Singapore,Singapore,15,0,NORMAL,0
2292.67,Luxury,Debit Card,UK,London,15,0,NORMAL,0
19.47,Food,Debit Card,USA,New York,15,0,NORMAL,0
1039.49,Travel,Wallet,Canada,Toronto,15,0,NORMAL,0
184.11,Gaming,Credit Card,Singapore,Singapore,15,0,NORMAL,0
1636.91,Luxury,UPI,Germany,Berlin,15,0,NORMAL,0
